[{"ticker":"DGW","quarter":2,"year":2024,"shortAsset":6753,"cash":834,"shortInvest":0,"shortReceivable":2816,"inventory":2908,"longAsset":602,"fixedAsset":125,"asset":7355,"debt":4547,"shortDebt":2645,"longDebt":6,"equity":2808,"capital":1672,"centralBankDeposit":null,"otherBankDeposit":null,"otherBankLoan":null,"stockInvest":null,"customerLoan":null,"badLoan":null,"provision":null,"netCustomerLoan":null,"otherAsset":null,"otherBankCredit":null,"oweOtherBank":null,"oweCentralBank":null,"valuablePaper":null,"payableInterest":null,"receivableInterest":null,"deposit":null,"otherDebt":16,"fund":null,"unDistributedIncome":0,"minorShareHolderProfit":32,"payable":4547},{"ticker":"DGW","quarter":1,"year":2024,"shortAsset":6287,"cash":833,"shortInvest":0,"shortReceivable":2285,"inventory":2945,"longAsset":615,"fixedAsset":128,"asset":6902,"debt":4183,"shortDebt":2383,"longDebt":6,"equity":2719,"capital":1672,"centralBankDeposit":null,"otherBankDeposit":null,"otherBankLoan":null,"stockInvest":null,"customerLoan":null,"badLoan":null,"provision":null,"netCustomerLoan":null,"otherAsset":null,"otherBankCredit":null,"oweOtherBank":null,"oweCentralBank":null,"valuablePaper":null,"payableInterest":null,"receivableInterest":null,"deposit":null,"otherDebt":378,"fund":null,"unDistributedIncome":0,"minorShareHolderProfit":33,"payable":4183},{"ticker":"DGW","quarter":4,"year":2023,"shortAsset":6842,"cash":1450,"shortInvest":0,"shortReceivable":2221,"inventory":3003,"longAsset":659,"fixedAsset":131,"asset":7501,"debt":4874,"shortDebt":2321,"longDebt":6,"equity":2627,"capital":1672,"centralBankDeposit":null,"otherBankDeposit":null,"otherBankLoan":null,"stockInvest":null,"customerLoan":null,"badLoan":null,"provision":null,"netCustomerLoan":null,"otherAsset":null,"otherBankCredit":null,"oweOtherBank":null,"oweCentralBank":null,"valuablePaper":null,"payableInterest":null,"receivableInterest":null,"deposit":null,"otherDebt":527,"fund":null,"unDistributedIncome":0,"minorShareHolderProfit":32,"payable":4874},{"ticker":"DGW","quarter":3,"year":2023,"shortAsset":6484,"cash":1562,"shortInvest":0,"shortReceivable":2541,"inventory":2249,"longAsset":519,"fixedAsset":111,"asset":7003,"debt":4347,"shortDebt":2022,"longDebt":10,"equity":2656,"capital":1632,"centralBankDeposit":null,"otherBankDeposit":null,"otherBankLoan":null,"stockInvest":null,"customerLoan":null,"badLoan":null,"provision":null,"netCustomerLoan":null,"otherAsset":null,"otherBankCredit":null,"oweOtherBank":null,"oweCentralBank":null,"valuablePaper":null,"payableInterest":null,"receivableInterest":null,"deposit":null,"otherDebt":463,"fund":null,"unDistributedIncome":0,"minorShareHolderProfit":24,"payable":4347},{"ticker":"DGW","quarter":2,"year":2023,"shortAsset":6023,"cash":963,"shortInvest":0,"shortReceivable":2356,"inventory":2593,"longAsset":536,"fixedAsset":108,"asset":6560,"debt":4006,"shortDebt":2121,"longDebt":10,"equity":2553,"capital":1632,"centralBankDeposit":null,"otherBankDeposit":null,"otherBankLoan":null,"stockInvest":null,"customerLoan":null,"badLoan":null,"provision":null,"netCustomerLoan":null,"otherAsset":null,"otherBankCredit":null,"oweOtherBank":null,"oweCentralBank":null,"valuablePaper":null,"payableInterest":null,"receivableInterest":null,"deposit":null,"otherDebt":196,"fund":null,"unDistributedIncome":0,"minorShareHolderProfit":23,"payable":4006},{"ticker":"DGW","quarter":1,"year":2023,"shortAsset":5379,"cash":129,"shortInvest":0,"shortReceivable":2086,"inventory":3033,"longAsset":537,"fixedAsset":93,"asset":5916,"debt":3411,"shortDebt":1752,"longDebt":24,"equity":2505,"capital":1632,"centralBankDeposit":null,"otherBankDeposit":null,"otherBankLoan":null,"stockInvest":null,"customerLoan":null,"badLoan":null,"provision":null,"netCustomerLoan":null,"otherAsset":null,"otherBankCredit":null,"oweOtherBank":null,"oweCentralBank":null,"valuablePaper":null,"payableInterest":null,"receivableInterest":null,"deposit":null,"otherDebt":133,"fund":null,"unDistributedIncome":0,"minorShareHolderProfit":31,"payable":3411}]