[{"ticker":"DGW","quarter":2,"year":2024,"investCost":-26,"fromInvest":-36,"fromFinancial":262,"fromSale":-226,"freeCashFlow":708},{"ticker":"DGW","quarter":1,"year":2024,"investCost":0,"fromInvest":-1,"fromFinancial":61,"fromSale":-677,"freeCashFlow":1155},{"ticker":"DGW","quarter":4,"year":2023,"investCost":-6,"fromInvest":-86,"fromFinancial":55,"fromSale":-81,"freeCashFlow":141},{"ticker":"DGW","quarter":3,"year":2023,"investCost":-6,"fromInvest":-23,"fromFinancial":-59,"fromSale":681,"freeCashFlow":-158},{"ticker":"DGW","quarter":2,"year":2023,"investCost":-18,"fromInvest":-32,"fromFinancial":396,"fromSale":471,"freeCashFlow":67},{"ticker":"DGW","quarter":1,"year":2023,"investCost":0,"fromInvest":19,"fromFinancial":-180,"fromSale":-538,"freeCashFlow":1189}]