{"OriginStock":{"Cumulative_Return_3_Month":0.0166,"Cumulative_Return_6_Month":0.0832,"Cumulative_Return_12_Month":0.1115,"Volatility_12_Month":0.3788,"SharpeRatio_3_Month":0.1503,"SharpeRatio_6_Month":0.509,"SharpeRatio_12_Month":0.2233,"Maximum_Drawdown_12_Month":0.2284},"SimilarStock":[{"correlation":0.448,"beta":1.18,"pe":43.585,"price_volatility_1_month_compareWith_VNINDEX":-0.038,"price_volatility_3_month_compareWith_VNINDEX":0.021,"price_volatility_6_month_compareWith_VNINDEX":0.263,"companyName":"Công ty Cổ phần Đầu tư Thế Giới Di Động","industryName":"Bán lẻ","exchangeName":"HOSE","ticker":"MWG"},{"correlation":0.274,"beta":0.62,"pe":-427.868,"price_volatility_1_month_compareWith_VNINDEX":-0.02,"price_volatility_3_month_compareWith_VNINDEX":0.007,"price_volatility_6_month_compareWith_VNINDEX":0.18,"companyName":"Công ty Cổ phần Bán lẻ Kỹ thuật số FPT","industryName":"Bán lẻ","exchangeName":"HOSE","ticker":"FRT"},{"correlation":0.006,"beta":0.379,"pe":87.588,"price_volatility_1_month_compareWith_VNINDEX":-0.031,"price_volatility_3_month_compareWith_VNINDEX":-0.052,"price_volatility_6_month_compareWith_VNINDEX":1.585,"companyName":"Công ty Cổ phần Dược phẩm Hà Tây","industryName":"Bán lẻ","exchangeName":"HNX","ticker":"DHT"},{"correlation":-0.063,"beta":0.201,"pe":12.312,"price_volatility_1_month_compareWith_VNINDEX":-0.076,"price_volatility_3_month_compareWith_VNINDEX":-0.158,"price_volatility_6_month_compareWith_VNINDEX":0.016,"companyName":"Công ty Cổ phần Dịch vụ Hàng không Sân bay Tân Sơn Nhất","industryName":"Bán lẻ","exchangeName":"UpCom","ticker":"SAS"},{"correlation":0.417,"beta":1.463,"pe":22.827,"price_volatility_1_month_compareWith_VNINDEX":0.044,"price_volatility_3_month_compareWith_VNINDEX":-0.011,"price_volatility_6_month_compareWith_VNINDEX":0.055,"companyName":"Tổng Công ty Cổ phần Dịch vụ Tổng hợp Dầu khí","industryName":"Bán lẻ","exchangeName":"HOSE","ticker":"PET"},{"correlation":0.128,"beta":0.496,"pe":19.623,"price_volatility_1_month_compareWith_VNINDEX":-0.041,"price_volatility_3_month_compareWith_VNINDEX":-0.144,"price_volatility_6_month_compareWith_VNINDEX":-0.072,"companyName":"Công ty Cổ phần Dịch vụ Hàng không Taseco","industryName":"Bán lẻ","exchangeName":"HOSE","ticker":"AST"},{"correlation":0.033,"beta":-0.166,"pe":-174.063,"price_volatility_1_month_compareWith_VNINDEX":-0.031,"price_volatility_3_month_compareWith_VNINDEX":-0.089,"price_volatility_6_month_compareWith_VNINDEX":-0.312,"companyName":"Tổng Công ty Thương mại Hà Nội – Công ty cổ phần","industryName":"Bán lẻ","exchangeName":"UpCom","ticker":"HTM"},{"correlation":0.119,"beta":0.539,"pe":7.833,"price_volatility_1_month_compareWith_VNINDEX":0.018,"price_volatility_3_month_compareWith_VNINDEX":-0.013,"price_volatility_6_month_compareWith_VNINDEX":-0.1,"companyName":"Công ty Cổ phần Dịch vụ Phân phối Tổng hợp Dầu khí","industryName":"Bán lẻ","exchangeName":"HNX","ticker":"PSD"},{"correlation":null,"beta":0.235,"pe":10.943,"price_volatility_1_month_compareWith_VNINDEX":-0.088,"price_volatility_3_month_compareWith_VNINDEX":0.081,"price_volatility_6_month_compareWith_VNINDEX":0.186,"companyName":"Công ty Cổ phần Thương mại - Dịch vụ Bến Thành","industryName":"Bán lẻ","exchangeName":"HOSE","ticker":"BTT"},{"correlation":0.074,"beta":-0.02,"pe":9.798,"price_volatility_1_month_compareWith_VNINDEX":0.059,"price_volatility_3_month_compareWith_VNINDEX":-0.115,"price_volatility_6_month_compareWith_VNINDEX":-0.218,"companyName":"Công ty Cổ phần Vật tư Xăng dầu","industryName":"Bán lẻ","exchangeName":"HOSE","ticker":"COM"}]}