[{"ticker":"DGW","quarter":2,"year":2024,"priceToEarning":26.4,"priceToBook":3.6,"valueBeforeEbitda":23.6,"dividend":null,"roe":0.141,"roa":0.054,"daysReceivable":38,"daysInventory":54,"daysPayable":28,"ebitOnInterest":4.7,"earningPerShare":1719,"bookValuePerShare":12782,"interestMargin":null,"nonInterestOnToi":null,"badDebtPercentage":null,"provisionOnBadDebt":null,"costOfFinancing":null,"equityOnTotalAsset":0.377,"equityOnLoan":null,"costToIncome":null,"equityOnLiability":0.6,"currentPayment":1.5,"quickPayment":0.8,"epsChange":0.016,"ebitdaOnStock":3008,"grossProfitMargin":0.093,"operatingProfitMargin":0.024,"postTaxMargin":0.018,"debtOnEquity":0.9,"debtOnAsset":0.4,"debtOnEbitda":4.8,"shortOnLongDebt":480.8,"assetOnEquity":2.6,"capitalBalance":2219,"cashOnEquity":0.297,"cashOnCapitalize":0.084,"cashCirculation":65,"revenueOnWorkCapital":9.5,"capexOnFixedAsset":-0.325,"revenueOnAsset":2.9,"postTaxOnPreTax":0.8,"ebitOnRevenue":0.024,"preTaxOnEbit":0.9,"preProvisionOnToi":null,"postTaxOnToi":null,"loanOnEarnAsset":null,"loanOnAsset":null,"loanOnDeposit":null,"depositOnEarnAsset":null,"badDebtOnAsset":null,"liquidityOnLiability":null,"payableOnEquity":1.6,"cancelDebt":null,"ebitdaOnStockChange":0.024,"bookValuePerShareChange":0.033,"creditGrowth":null},{"ticker":"DGW","quarter":1,"year":2024,"priceToEarning":29.8,"priceToBook":4.1,"valueBeforeEbitda":23.9,"dividend":null,"roe":0.142,"roa":0.057,"daysReceivable":38,"daysInventory":60,"daysPayable":23,"ebitOnInterest":6.6,"earningPerShare":1692,"bookValuePerShare":12369,"interestMargin":null,"nonInterestOnToi":null,"badDebtPercentage":null,"provisionOnBadDebt":null,"costOfFinancing":null,"equityOnTotalAsset":0.389,"equityOnLoan":null,"costToIncome":null,"equityOnLiability":0.7,"currentPayment":1.5,"quickPayment":0.8,"epsChange":0.037,"ebitdaOnStock":2937,"grossProfitMargin":0.078,"operatingProfitMargin":0.024,"postTaxMargin":0.019,"debtOnEquity":0.9,"debtOnAsset":0.3,"debtOnEbitda":4.3,"shortOnLongDebt":433.2,"assetOnEquity":2.6,"capitalBalance":2118,"cashOnEquity":0.306,"cashOnCapitalize":0.083,"cashCirculation":75,"revenueOnWorkCapital":9.6,"capexOnFixedAsset":-0.269,"revenueOnAsset":3.1,"postTaxOnPreTax":0.8,"ebitOnRevenue":0.024,"preTaxOnEbit":1,"preProvisionOnToi":null,"postTaxOnToi":null,"loanOnEarnAsset":null,"loanOnAsset":null,"loanOnDeposit":null,"depositOnEarnAsset":null,"badDebtOnAsset":null,"liquidityOnLiability":null,"payableOnEquity":1.5,"cancelDebt":null,"ebitdaOnStockChange":0.056,"bookValuePerShareChange":0.035,"creditGrowth":null},{"ticker":"DGW","quarter":4,"year":2023,"priceToEarning":24.5,"priceToBook":3.3,"valueBeforeEbitda":22.5,"dividend":null,"roe":0.142,"roa":0.051,"daysReceivable":38,"daysInventory":66,"daysPayable":30,"ebitOnInterest":3.8,"earningPerShare":1631,"bookValuePerShare":11947,"interestMargin":null,"nonInterestOnToi":null,"badDebtPercentage":null,"provisionOnBadDebt":null,"costOfFinancing":null,"equityOnTotalAsset":0.346,"equityOnLoan":null,"costToIncome":null,"equityOnLiability":0.5,"currentPayment":1.4,"quickPayment":0.8,"epsChange":-0.157,"ebitdaOnStock":2781,"grossProfitMargin":0.107,"operatingProfitMargin":0.018,"postTaxMargin":0.018,"debtOnEquity":0.9,"debtOnAsset":0.3,"debtOnEbitda":4.7,"shortOnLongDebt":422.1,"assetOnEquity":2.9,"capitalBalance":1984,"cashOnEquity":0.552,"cashOnCapitalize":0.147,"cashCirculation":74,"revenueOnWorkCapital":9.7,"capexOnFixedAsset":-0.264,"revenueOnAsset":2.7,"postTaxOnPreTax":0.8,"ebitOnRevenue":0.018,"preTaxOnEbit":1.4,"preProvisionOnToi":null,"postTaxOnToi":null,"loanOnEarnAsset":null,"loanOnAsset":null,"loanOnDeposit":null,"depositOnEarnAsset":null,"badDebtOnAsset":null,"liquidityOnLiability":null,"payableOnEquity":1.9,"cancelDebt":null,"ebitdaOnStockChange":-0.209,"bookValuePerShareChange":-0.014,"creditGrowth":null},{"ticker":"DGW","quarter":3,"year":2023,"priceToEarning":22.4,"priceToBook":3.6,"valueBeforeEbitda":16.9,"dividend":null,"roe":0.173,"roa":0.062,"daysReceivable":39,"daysInventory":55,"daysPayable":34,"ebitOnInterest":4,"earningPerShare":1936,"bookValuePerShare":12121,"interestMargin":null,"nonInterestOnToi":null,"badDebtPercentage":null,"provisionOnBadDebt":null,"costOfFinancing":null,"equityOnTotalAsset":0.376,"equityOnLoan":null,"costToIncome":null,"equityOnLiability":0.6,"currentPayment":1.5,"quickPayment":1,"epsChange":-0.156,"ebitdaOnStock":3517,"grossProfitMargin":0.071,"operatingProfitMargin":0.023,"postTaxMargin":0.019,"debtOnEquity":0.8,"debtOnAsset":0.3,"debtOnEbitda":3.8,"shortOnLongDebt":206.2,"assetOnEquity":2.7,"capitalBalance":2158,"cashOnEquity":0.588,"cashOnCapitalize":0.17,"cashCirculation":60,"revenueOnWorkCapital":9.3,"capexOnFixedAsset":-0.311,"revenueOnAsset":2.7,"postTaxOnPreTax":0.8,"ebitOnRevenue":0.023,"preTaxOnEbit":1.1,"preProvisionOnToi":null,"postTaxOnToi":null,"loanOnEarnAsset":null,"loanOnAsset":null,"loanOnDeposit":null,"depositOnEarnAsset":null,"badDebtOnAsset":null,"liquidityOnLiability":null,"payableOnEquity":1.6,"cancelDebt":null,"ebitdaOnStockChange":-0.324,"bookValuePerShareChange":0.04,"creditGrowth":null},{"ticker":"DGW","quarter":2,"year":2023,"priceToEarning":13.6,"priceToBook":2.7,"valueBeforeEbitda":14.5,"dividend":null,"roe":0.217,"roa":0.079,"daysReceivable":37,"daysInventory":64,"daysPayable":34,"ebitOnInterest":2.5,"earningPerShare":2295,"bookValuePerShare":11649,"interestMargin":null,"nonInterestOnToi":null,"badDebtPercentage":null,"provisionOnBadDebt":null,"costOfFinancing":null,"equityOnTotalAsset":0.386,"equityOnLoan":null,"costToIncome":null,"equityOnLiability":0.6,"currentPayment":1.5,"quickPayment":0.9,"epsChange":-0.098,"ebitdaOnStock":5206,"grossProfitMargin":0.086,"operatingProfitMargin":0.024,"postTaxMargin":0.018,"debtOnEquity":0.8,"debtOnAsset":0.3,"debtOnEbitda":2.6,"shortOnLongDebt":216.3,"assetOnEquity":2.6,"capitalBalance":2038,"cashOnEquity":0.377,"cashOnCapitalize":0.115,"cashCirculation":67,"revenueOnWorkCapital":9.8,"capexOnFixedAsset":-0.29,"revenueOnAsset":2.9,"postTaxOnPreTax":0.7,"ebitOnRevenue":0.024,"preTaxOnEbit":1,"preProvisionOnToi":null,"postTaxOnToi":null,"loanOnEarnAsset":null,"loanOnAsset":null,"loanOnDeposit":null,"depositOnEarnAsset":null,"badDebtOnAsset":null,"liquidityOnLiability":null,"payableOnEquity":1.6,"cancelDebt":null,"ebitdaOnStockChange":-0.079,"bookValuePerShareChange":0.023,"creditGrowth":null},{"ticker":"DGW","quarter":1,"year":2023,"priceToEarning":8.5,"priceToBook":1.9,"valueBeforeEbitda":15,"dividend":null,"roe":0.247,"roa":0.088,"daysReceivable":36,"daysInventory":68,"daysPayable":32,"ebitOnInterest":4,"earningPerShare":2543,"bookValuePerShare":11390,"interestMargin":null,"nonInterestOnToi":null,"badDebtPercentage":null,"provisionOnBadDebt":null,"costOfFinancing":null,"equityOnTotalAsset":0.418,"equityOnLoan":null,"costToIncome":null,"equityOnLiability":0.7,"currentPayment":1.6,"quickPayment":0.7,"epsChange":-0.192,"ebitdaOnStock":5651,"grossProfitMargin":0.066,"operatingProfitMargin":0.024,"postTaxMargin":0.02,"debtOnEquity":0.7,"debtOnAsset":0.3,"debtOnEbitda":2.6,"shortOnLongDebt":74.6,"assetOnEquity":2.4,"capitalBalance":2000,"cashOnEquity":0.051,"cashOnCapitalize":0.014,"cashCirculation":72,"revenueOnWorkCapital":10.2,"capexOnFixedAsset":-0.139,"revenueOnAsset":3,"postTaxOnPreTax":0.7,"ebitOnRevenue":0.024,"preTaxOnEbit":1.1,"preProvisionOnToi":null,"postTaxOnToi":null,"loanOnEarnAsset":null,"loanOnAsset":null,"loanOnDeposit":null,"depositOnEarnAsset":null,"badDebtOnAsset":null,"liquidityOnLiability":null,"payableOnEquity":1.4,"cancelDebt":null,"ebitdaOnStockChange":-0.13,"bookValuePerShareChange":0.033,"creditGrowth":null}]