[{"ticker":"DGW","quarter":2,"year":2024,"revenue":5008,"yearRevenueGrowth":0.09,"quarterRevenueGrowth":0.005,"costOfGoodSold":-4544,"grossProfit":464,"operationExpense":-345,"operationProfit":120,"yearOperationProfitGrowth":0.074,"quarterOperationProfitGrowth":0.005,"interestExpense":-25,"preTaxProfit":113,"postTaxProfit":88,"shareHolderIncome":89,"yearShareHolderIncomeGrowth":0.073,"quarterShareHolderIncomeGrowth":-0.037,"investProfit":null,"serviceProfit":null,"otherProfit":null,"provisionExpense":null,"operationIncome":null,"ebitda":133},{"ticker":"DGW","quarter":1,"year":2024,"revenue":4985,"yearRevenueGrowth":0.259,"quarterRevenueGrowth":0.028,"costOfGoodSold":-4597,"grossProfit":388,"operationExpense":-269,"operationProfit":119,"yearOperationProfitGrowth":0.231,"quarterOperationProfitGrowth":0.383,"interestExpense":-18,"preTaxProfit":119,"postTaxProfit":93,"shareHolderIncome":92,"yearShareHolderIncomeGrowth":0.165,"quarterShareHolderIncomeGrowth":0.032,"investProfit":null,"serviceProfit":null,"otherProfit":null,"provisionExpense":null,"operationIncome":null,"ebitda":132},{"ticker":"DGW","quarter":4,"year":2023,"revenue":4849,"yearRevenueGrowth":0.19,"quarterRevenueGrowth":-0.104,"costOfGoodSold":-4328,"grossProfit":521,"operationExpense":-435,"operationProfit":86,"yearOperationProfitGrowth":-0.582,"quarterOperationProfitGrowth":-0.299,"interestExpense":-23,"preTaxProfit":118,"postTaxProfit":90,"shareHolderIncome":90,"yearShareHolderIncomeGrowth":-0.425,"quarterShareHolderIncomeGrowth":-0.125,"investProfit":null,"serviceProfit":null,"otherProfit":null,"provisionExpense":null,"operationIncome":null,"ebitda":99},{"ticker":"DGW","quarter":3,"year":2023,"revenue":5413,"yearRevenueGrowth":-0.108,"quarterRevenueGrowth":0.178,"costOfGoodSold":-5028,"grossProfit":385,"operationExpense":-262,"operationProfit":123,"yearOperationProfitGrowth":-0.437,"quarterOperationProfitGrowth":0.103,"interestExpense":-31,"preTaxProfit":134,"postTaxProfit":103,"shareHolderIncome":102,"yearShareHolderIncomeGrowth":-0.432,"quarterShareHolderIncomeGrowth":0.234,"investProfit":null,"serviceProfit":null,"otherProfit":null,"provisionExpense":null,"operationIncome":null,"ebitda":133},{"ticker":"DGW","quarter":2,"year":2023,"revenue":4596,"yearRevenueGrowth":-0.064,"quarterRevenueGrowth":0.161,"costOfGoodSold":-4203,"grossProfit":393,"operationExpense":-281,"operationProfit":111,"yearOperationProfitGrowth":-0.345,"quarterOperationProfitGrowth":0.152,"interestExpense":-45,"preTaxProfit":112,"postTaxProfit":87,"shareHolderIncome":83,"yearShareHolderIncomeGrowth":-0.394,"quarterShareHolderIncomeGrowth":0.046,"investProfit":null,"serviceProfit":null,"otherProfit":null,"provisionExpense":null,"operationIncome":null,"ebitda":121},{"ticker":"DGW","quarter":1,"year":2023,"revenue":3960,"yearRevenueGrowth":-0.435,"quarterRevenueGrowth":-0.028,"costOfGoodSold":-3699,"grossProfit":261,"operationExpense":-164,"operationProfit":97,"yearOperationProfitGrowth":-0.539,"quarterOperationProfitGrowth":-0.531,"interestExpense":-24,"preTaxProfit":107,"postTaxProfit":82,"shareHolderIncome":79,"yearShareHolderIncomeGrowth":-0.623,"quarterShareHolderIncomeGrowth":-0.49,"investProfit":null,"serviceProfit":null,"otherProfit":null,"provisionExpense":null,"operationIncome":null,"ebitda":106}]