{"priceToEarning":{"top200AvgValue":"17.2","industryName":"Bán lẻ","industryAvgValue":"43.8"},"valueBeforeEbitda":{"top200AvgValue":"14.1","industryName":"Bán lẻ","industryAvgValue":"22.1"},"priceToBook":{"top200AvgValue":"1.8","industryName":"Bán lẻ","industryAvgValue":"3.6"},"dividend":{"top200AvgValue":"0","industryName":"Bán lẻ","industryAvgValue":"0"},"roe":{"top200AvgValue":"0.105","industryName":"Bán lẻ","industryAvgValue":"0.063"},"roa":{"top200AvgValue":"0.038","industryName":"Bán lẻ","industryAvgValue":"0.028"},"grossProfitMargin":{"top200AvgValue":"0.28","industryName":"Bán lẻ","industryAvgValue":"0.105"},"operatingProfitMargin":{"top200AvgValue":"0.166","industryName":"Bán lẻ","industryAvgValue":"0.016"},"postTaxMargin":{"top200AvgValue":"0.143","industryName":"Bán lẻ","industryAvgValue":"0.016"},"debtOnEquity":{"top200AvgValue":"1.3","industryName":"Bán lẻ","industryAvgValue":"0.9"},"debtOnAsset":{"top200AvgValue":"0.6","industryName":"Bán lẻ","industryAvgValue":"0.5"},"debtOnEbitda":{"top200AvgValue":"2.2","industryName":"Bán lẻ","industryAvgValue":"4.6"},"shortOnLongDebt":{"top200AvgValue":"1.1","industryName":"Bán lẻ","industryAvgValue":"18.2"},"ebitOnInterest":{"top200AvgValue":"5.6","industryName":"Bán lẻ","industryAvgValue":"1.9"},"assetOnEquity":{"top200AvgValue":"2.4","industryName":"Bán lẻ","industryAvgValue":"1.9"},"cashOnEquity":{"top200AvgValue":"0.107","industryName":"Bán lẻ","industryAvgValue":"0.124"},"cashOnCapitalize":{"top200AvgValue":"0.059","industryName":"Bán lẻ","industryAvgValue":"0.071"},"currentPayment":{"top200AvgValue":"1.7","industryName":"Bán lẻ","industryAvgValue":"1.5"},"quickPayment":{"top200AvgValue":"1.3","industryName":"Bán lẻ","industryAvgValue":"1"},"daysReceivable":{"top200AvgValue":"145","industryName":"Bán lẻ","industryAvgValue":"39"},"daysInventory":{"top200AvgValue":"73","industryName":"Bán lẻ","industryAvgValue":"53"},"daysPayable":{"top200AvgValue":"34","industryName":"Bán lẻ","industryAvgValue":"29"},"cashCirculation":{"top200AvgValue":"0.2","industryName":"Bán lẻ","industryAvgValue":"0.1"},"revenueOnWorkCapital":{"top200AvgValue":"2.2","industryName":"Bán lẻ","industryAvgValue":"8.4"},"revenueOnAsset":{"top200AvgValue":"0.5","industryName":"Bán lẻ","industryAvgValue":"1.8"},"ebitOnRevenue":{"top200AvgValue":"0.166","industryName":"Bán lẻ","industryAvgValue":"0.016"},"netDebtOnEbitda":{"top200AvgValue":"2.2","industryName":"Bán lẻ","industryAvgValue":"4.6"},"netDebtOnEquity":{"top200AvgValue":"0.5","industryName":"Bán lẻ","industryAvgValue":"0.6"},"priceToSales":{"top200AvgValue":"2.3","industryName":"Bán lẻ","industryAvgValue":"0.6"}}