{"capitalize":9870,"tradeVolume":941309,"priceToEarning":26.4,"priceToBook":3.6,"valueBeforeEbitda":23.6,"dividend":0.013,"roe":0.141,"profitGrowthAvarage":0.261,"ageOfReceivable":38.4,"ageOfInventory":54.3,"payableOnEquity":1.6,"payableOnEbitda":4.8,"ebitOnInterest":4.7,"shortOnLongTermPayable":480.8,"revenue":20255,"operationProfit":448,"netProfit":374,"earningPerShare":1720,"asset":7355,"liability":4547,"equity":2808,"bookValuePerShare":12782,"profitMargin":null,"nonInterestOnToi":null,"loanOnDeposit":null,"creditGrowth":null,"badDebtPercentage":null,"provisionOnBadDebt":null,"customerCredit":null,"betaIndex":null,"ticker":"DGW"}