[{"ticker":"KBC","quarter":2,"year":2024,"shortAsset":32272,"cash":1210,"shortInvest":7565,"shortReceivable":10100,"inventory":12918,"longAsset":8632,"fixedAsset":428,"asset":40904,"debt":20487,"shortDebt":405,"longDebt":4495,"equity":20417,"capital":7676,"centralBankDeposit":null,"otherBankDeposit":null,"otherBankLoan":null,"stockInvest":null,"customerLoan":null,"badLoan":null,"provision":null,"netCustomerLoan":null,"otherAsset":null,"otherBankCredit":null,"oweOtherBank":null,"oweCentralBank":null,"valuablePaper":null,"payableInterest":null,"receivableInterest":null,"deposit":null,"otherDebt":3155,"fund":null,"unDistributedIncome":0,"minorShareHolderProfit":2085,"payable":20487},{"ticker":"KBC","quarter":1,"year":2024,"shortAsset":30807,"cash":580,"shortInvest":7515,"shortReceivable":9573,"inventory":12685,"longAsset":8531,"fixedAsset":432,"asset":39337,"debt":19193,"shortDebt":469,"longDebt":3534,"equity":20144,"capital":7676,"centralBankDeposit":null,"otherBankDeposit":null,"otherBankLoan":null,"stockInvest":null,"customerLoan":null,"badLoan":null,"provision":null,"netCustomerLoan":null,"otherAsset":null,"otherBankCredit":null,"oweOtherBank":null,"oweCentralBank":null,"valuablePaper":null,"payableInterest":null,"receivableInterest":null,"deposit":null,"otherDebt":3138,"fund":null,"unDistributedIncome":0,"minorShareHolderProfit":2054,"payable":19193},{"ticker":"KBC","quarter":4,"year":2023,"shortAsset":25291,"cash":786,"shortInvest":1919,"shortReceivable":9933,"inventory":12211,"longAsset":8129,"fixedAsset":449,"asset":33420,"debt":13226,"shortDebt":337,"longDebt":3322,"equity":20194,"capital":7676,"centralBankDeposit":null,"otherBankDeposit":null,"otherBankLoan":null,"stockInvest":null,"customerLoan":null,"badLoan":null,"provision":null,"netCustomerLoan":null,"otherAsset":null,"otherBankCredit":null,"oweOtherBank":null,"oweCentralBank":null,"valuablePaper":null,"payableInterest":null,"receivableInterest":null,"deposit":null,"otherDebt":3056,"fund":null,"unDistributedIncome":0,"minorShareHolderProfit":2053,"payable":13226},{"ticker":"KBC","quarter":3,"year":2023,"shortAsset":25976,"cash":911,"shortInvest":2284,"shortReceivable":10089,"inventory":12258,"longAsset":7771,"fixedAsset":361,"asset":33747,"debt":13684,"shortDebt":571,"longDebt":3297,"equity":20063,"capital":7676,"centralBankDeposit":null,"otherBankDeposit":null,"otherBankLoan":null,"stockInvest":null,"customerLoan":null,"badLoan":null,"provision":null,"netCustomerLoan":null,"otherAsset":null,"otherBankCredit":null,"oweOtherBank":null,"oweCentralBank":null,"valuablePaper":null,"payableInterest":null,"receivableInterest":null,"deposit":null,"otherDebt":3095,"fund":null,"unDistributedIncome":0,"minorShareHolderProfit":1992,"payable":13684},{"ticker":"KBC","quarter":2,"year":2023,"shortAsset":26066,"cash":1505,"shortInvest":2442,"shortReceivable":9770,"inventory":11939,"longAsset":7699,"fixedAsset":372,"asset":33765,"debt":13720,"shortDebt":904,"longDebt":3262,"equity":20044,"capital":7676,"centralBankDeposit":null,"otherBankDeposit":null,"otherBankLoan":null,"stockInvest":null,"customerLoan":null,"badLoan":null,"provision":null,"netCustomerLoan":null,"otherAsset":null,"otherBankCredit":null,"oweOtherBank":null,"oweCentralBank":null,"valuablePaper":null,"payableInterest":null,"receivableInterest":null,"deposit":null,"otherDebt":3078,"fund":null,"unDistributedIncome":0,"minorShareHolderProfit":1978,"payable":13720},{"ticker":"KBC","quarter":1,"year":2023,"shortAsset":27626,"cash":2287,"shortInvest":2264,"shortReceivable":10418,"inventory":12287,"longAsset":7467,"fixedAsset":345,"asset":35093,"debt":16191,"shortDebt":3404,"longDebt":2980,"equity":18902,"capital":7676,"centralBankDeposit":null,"otherBankDeposit":null,"otherBankLoan":null,"stockInvest":null,"customerLoan":null,"badLoan":null,"provision":null,"netCustomerLoan":null,"otherAsset":null,"otherBankCredit":null,"oweOtherBank":null,"oweCentralBank":null,"valuablePaper":null,"payableInterest":null,"receivableInterest":null,"deposit":null,"otherDebt":3613,"fund":null,"unDistributedIncome":0,"minorShareHolderProfit":1893,"payable":16191}]