[{"ticker":"KBC","quarter":2,"year":2024,"investCost":-150,"fromInvest":-168,"fromFinancial":897,"fromSale":-98,"freeCashFlow":497},{"ticker":"KBC","quarter":1,"year":2024,"investCost":-77,"fromInvest":-5749,"fromFinancial":344,"fromSale":5144,"freeCashFlow":-4557},{"ticker":"KBC","quarter":4,"year":2023,"investCost":-11,"fromInvest":110,"fromFinancial":0,"fromSale":-235,"freeCashFlow":496},{"ticker":"KBC","quarter":3,"year":2023,"investCost":-165,"fromInvest":83,"fromFinancial":91,"fromSale":-767,"freeCashFlow":1987},{"ticker":"KBC","quarter":2,"year":2023,"investCost":-902,"fromInvest":-317,"fromFinancial":-2200,"fromSale":1735,"freeCashFlow":1811},{"ticker":"KBC","quarter":1,"year":2023,"investCost":-240,"fromInvest":462,"fromFinancial":-1293,"fromSale":1434,"freeCashFlow":1744}]