[{"ticker":"KBC","quarter":2,"year":2024,"priceToEarning":88.9,"priceToBook":1.2,"valueBeforeEbitda":40.3,"dividend":null,"roe":0.013,"roa":0.006,"daysReceivable":3740,"daysInventory":4080,"daysPayable":72,"ebitOnInterest":6.2,"earningPerShare":311,"bookValuePerShare":23881,"interestMargin":null,"nonInterestOnToi":null,"badDebtPercentage":null,"provisionOnBadDebt":null,"costOfFinancing":null,"equityOnTotalAsset":0.448,"equityOnLoan":null,"costToIncome":null,"equityOnLiability":1,"currentPayment":4.5,"quickPayment":2.7,"epsChange":-0.755,"ebitdaOnStock":874,"grossProfitMargin":0.521,"operatingProfitMargin":0.335,"postTaxMargin":0.27,"debtOnEquity":0.2,"debtOnAsset":0.1,"debtOnEbitda":6.8,"shortOnLongDebt":0.1,"assetOnEquity":2.2,"capitalBalance":25088,"cashOnEquity":0.059,"cashOnCapitalize":0.057,"cashCirculation":7748,"revenueOnWorkCapital":0.1,"capexOnFixedAsset":-1.008,"revenueOnAsset":0.1,"postTaxOnPreTax":0.6,"ebitOnRevenue":0.335,"preTaxOnEbit":1.3,"preProvisionOnToi":null,"postTaxOnToi":null,"loanOnEarnAsset":null,"loanOnAsset":null,"loanOnDeposit":null,"depositOnEarnAsset":null,"badDebtOnAsset":null,"liquidityOnLiability":null,"payableOnEquity":1,"cancelDebt":null,"ebitdaOnStockChange":-0.599,"bookValuePerShareChange":0.013,"creditGrowth":null},{"ticker":"KBC","quarter":1,"year":2024,"priceToEarning":27.4,"priceToBook":1.5,"valueBeforeEbitda":15.8,"dividend":null,"roe":0.056,"roa":0.026,"daysReceivable":2125,"daysInventory":3339,"daysPayable":74,"ebitOnInterest":-0.8,"earningPerShare":1274,"bookValuePerShare":23567,"interestMargin":null,"nonInterestOnToi":null,"badDebtPercentage":null,"provisionOnBadDebt":null,"costOfFinancing":null,"equityOnTotalAsset":0.46,"equityOnLoan":null,"costToIncome":null,"equityOnLiability":1,"currentPayment":4.7,"quickPayment":2.7,"epsChange":-0.512,"ebitdaOnStock":2178,"grossProfitMargin":0.485,"operatingProfitMargin":null,"postTaxMargin":null,"debtOnEquity":0.2,"debtOnAsset":0.1,"debtOnEbitda":3.1,"shortOnLongDebt":0.1,"assetOnEquity":2.2,"capitalBalance":24200,"cashOnEquity":0.029,"cashOnCapitalize":0.028,"cashCirculation":5389,"revenueOnWorkCapital":0.2,"capexOnFixedAsset":-2.974,"revenueOnAsset":0.1,"postTaxOnPreTax":null,"ebitOnRevenue":null,"preTaxOnEbit":0.9,"preProvisionOnToi":null,"postTaxOnToi":null,"loanOnEarnAsset":null,"loanOnAsset":null,"loanOnDeposit":null,"depositOnEarnAsset":null,"badDebtOnAsset":null,"liquidityOnLiability":null,"payableOnEquity":1,"cancelDebt":null,"ebitdaOnStockChange":-0.442,"bookValuePerShareChange":-0.003,"creditGrowth":null},{"ticker":"KBC","quarter":4,"year":2023,"priceToEarning":12.2,"priceToBook":1.3,"valueBeforeEbitda":9.1,"dividend":null,"roe":0.117,"roa":0.059,"daysReceivable":1161,"daysInventory":2280,"daysPayable":99,"ebitOnInterest":1.8,"earningPerShare":2611,"bookValuePerShare":23633,"interestMargin":null,"nonInterestOnToi":null,"badDebtPercentage":null,"provisionOnBadDebt":null,"costOfFinancing":null,"equityOnTotalAsset":0.543,"equityOnLoan":null,"costToIncome":null,"equityOnLiability":1.5,"currentPayment":3.8,"quickPayment":2,"epsChange":0.401,"ebitdaOnStock":3904,"grossProfitMargin":0.445,"operatingProfitMargin":0.264,"postTaxMargin":0.083,"debtOnEquity":0.2,"debtOnAsset":0.1,"debtOnEbitda":1.9,"shortOnLongDebt":0.1,"assetOnEquity":1.8,"capitalBalance":18712,"cashOnEquity":0.039,"cashOnCapitalize":0.035,"cashCirculation":3341,"revenueOnWorkCapital":0.3,"capexOnFixedAsset":-3.263,"revenueOnAsset":0.2,"postTaxOnPreTax":0.3,"ebitOnRevenue":0.264,"preTaxOnEbit":1,"preProvisionOnToi":null,"postTaxOnToi":null,"loanOnEarnAsset":null,"loanOnAsset":null,"loanOnDeposit":null,"depositOnEarnAsset":null,"badDebtOnAsset":null,"liquidityOnLiability":null,"payableOnEquity":0.7,"cancelDebt":null,"ebitdaOnStockChange":0.328,"bookValuePerShareChange":0.004,"creditGrowth":null},{"ticker":"KBC","quarter":3,"year":2023,"priceToEarning":17.2,"priceToBook":1.4,"valueBeforeEbitda":12.7,"dividend":null,"roe":0.083,"roa":0.043,"daysReceivable":1501,"daysInventory":3062,"daysPayable":70,"ebitOnInterest":0.9,"earningPerShare":1864,"bookValuePerShare":23541,"interestMargin":null,"nonInterestOnToi":null,"badDebtPercentage":null,"provisionOnBadDebt":null,"costOfFinancing":null,"equityOnTotalAsset":0.535,"equityOnLoan":null,"costToIncome":null,"equityOnLiability":1.5,"currentPayment":3.6,"quickPayment":1.9,"epsChange":-0.571,"ebitdaOnStock":2939,"grossProfitMargin":0.449,"operatingProfitMargin":0.143,"postTaxMargin":0.056,"debtOnEquity":0.2,"debtOnAsset":0.1,"debtOnEbitda":2.4,"shortOnLongDebt":0.2,"assetOnEquity":1.9,"capitalBalance":18803,"cashOnEquity":0.045,"cashOnCapitalize":0.038,"cashCirculation":4493,"revenueOnWorkCapital":0.2,"capexOnFixedAsset":-3.815,"revenueOnAsset":0.1,"postTaxOnPreTax":0.3,"ebitOnRevenue":0.143,"preTaxOnEbit":1.3,"preProvisionOnToi":null,"postTaxOnToi":null,"loanOnEarnAsset":null,"loanOnAsset":null,"loanOnDeposit":null,"depositOnEarnAsset":null,"badDebtOnAsset":null,"liquidityOnLiability":null,"payableOnEquity":0.7,"cancelDebt":null,"ebitdaOnStockChange":0.01,"bookValuePerShareChange":0,"creditGrowth":null},{"ticker":"KBC","quarter":2,"year":2023,"priceToEarning":6.8,"priceToBook":1.2,"valueBeforeEbitda":11.2,"dividend":null,"roe":0.206,"roa":0.103,"daysReceivable":1528,"daysInventory":3050,"daysPayable":64,"ebitOnInterest":8.9,"earningPerShare":4346,"bookValuePerShare":23535,"interestMargin":null,"nonInterestOnToi":null,"badDebtPercentage":null,"provisionOnBadDebt":null,"costOfFinancing":null,"equityOnTotalAsset":0.535,"equityOnLoan":null,"costToIncome":null,"equityOnLiability":1.5,"currentPayment":3.6,"quickPayment":1.9,"epsChange":0.676,"ebitdaOnStock":2911,"grossProfitMargin":0.708,"operatingProfitMargin":0.561,"postTaxMargin":0.421,"debtOnEquity":0.2,"debtOnAsset":0.1,"debtOnEbitda":2.5,"shortOnLongDebt":0.3,"assetOnEquity":1.9,"capitalBalance":18730,"cashOnEquity":0.075,"cashOnCapitalize":0.074,"cashCirculation":4514,"revenueOnWorkCapital":0.2,"capexOnFixedAsset":-3.413,"revenueOnAsset":0.1,"postTaxOnPreTax":0.8,"ebitOnRevenue":0.561,"preTaxOnEbit":1,"preProvisionOnToi":null,"postTaxOnToi":null,"loanOnEarnAsset":null,"loanOnAsset":null,"loanOnDeposit":null,"depositOnEarnAsset":null,"badDebtOnAsset":null,"liquidityOnLiability":null,"payableOnEquity":0.7,"cancelDebt":null,"ebitdaOnStockChange":0.968,"bookValuePerShareChange":0.062,"creditGrowth":null},{"ticker":"KBC","quarter":1,"year":2023,"priceToEarning":9.4,"priceToBook":1.1,"valueBeforeEbitda":27.1,"dividend":null,"roe":0.126,"roa":0.06,"daysReceivable":2730,"daysInventory":4605,"daysPayable":49,"ebitOnInterest":13.4,"earningPerShare":2593,"bookValuePerShare":22158,"interestMargin":null,"nonInterestOnToi":null,"badDebtPercentage":null,"provisionOnBadDebt":null,"costOfFinancing":null,"equityOnTotalAsset":0.485,"equityOnLoan":null,"costToIncome":null,"equityOnLiability":1.2,"currentPayment":2.7,"quickPayment":1.5,"epsChange":0.301,"ebitdaOnStock":1479,"grossProfitMargin":0.698,"operatingProfitMargin":0.583,"postTaxMargin":0.423,"debtOnEquity":0.3,"debtOnAsset":0.2,"debtOnEbitda":6.8,"shortOnLongDebt":1.1,"assetOnEquity":2.1,"capitalBalance":17408,"cashOnEquity":0.121,"cashOnCapitalize":0.121,"cashCirculation":7287,"revenueOnWorkCapital":0.1,"capexOnFixedAsset":-0.875,"revenueOnAsset":0.1,"postTaxOnPreTax":0.7,"ebitOnRevenue":0.583,"preTaxOnEbit":1,"preProvisionOnToi":null,"postTaxOnToi":null,"loanOnEarnAsset":null,"loanOnAsset":null,"loanOnDeposit":null,"depositOnEarnAsset":null,"badDebtOnAsset":null,"liquidityOnLiability":null,"payableOnEquity":0.9,"cancelDebt":null,"ebitdaOnStockChange":-6.632,"bookValuePerShareChange":0.057,"creditGrowth":null}]