[{"ticker":"KBC","quarter":2,"year":2024,"revenue":892,"yearRevenueGrowth":-0.617,"quarterRevenueGrowth":4.854,"costOfGoodSold":-427,"grossProfit":465,"operationExpense":-166,"operationProfit":299,"yearOperationProfitGrowth":-0.771,"quarterOperationProfitGrowth":null,"interestExpense":-49,"preTaxProfit":386,"postTaxProfit":273,"shareHolderIncome":241,"yearShareHolderIncomeGrowth":-0.754,"quarterShareHolderIncomeGrowth":null,"investProfit":null,"serviceProfit":null,"otherProfit":null,"provisionExpense":null,"operationIncome":null,"ebitda":339},{"ticker":"KBC","quarter":1,"year":2024,"revenue":152,"yearRevenueGrowth":-0.931,"quarterRevenueGrowth":-0.82,"costOfGoodSold":-78,"grossProfit":74,"operationExpense":-114,"operationProfit":-41,"yearOperationProfitGrowth":null,"quarterOperationProfitGrowth":null,"interestExpense":-53,"preTaxProfit":-36,"postTaxProfit":-77,"shareHolderIncome":-86,"yearShareHolderIncomeGrowth":null,"quarterShareHolderIncomeGrowth":null,"investProfit":null,"serviceProfit":null,"otherProfit":null,"provisionExpense":null,"operationIncome":null,"ebitda":-1},{"ticker":"KBC","quarter":4,"year":2023,"revenue":847,"yearRevenueGrowth":null,"quarterRevenueGrowth":2.426,"costOfGoodSold":-470,"grossProfit":377,"operationExpense":-153,"operationProfit":224,"yearOperationProfitGrowth":null,"quarterOperationProfitGrowth":5.329,"interestExpense":-124,"preTaxProfit":213,"postTaxProfit":131,"shareHolderIncome":70,"yearShareHolderIncomeGrowth":null,"quarterShareHolderIncomeGrowth":4.071,"investProfit":null,"serviceProfit":null,"otherProfit":null,"provisionExpense":null,"operationIncome":null,"ebitda":277},{"ticker":"KBC","quarter":3,"year":2023,"revenue":247,"yearRevenueGrowth":0.216,"quarterRevenueGrowth":-0.894,"costOfGoodSold":-136,"grossProfit":111,"operationExpense":-76,"operationProfit":35,"yearOperationProfitGrowth":0.617,"quarterOperationProfitGrowth":-0.973,"interestExpense":-39,"preTaxProfit":47,"postTaxProfit":19,"shareHolderIncome":14,"yearShareHolderIncomeGrowth":-0.993,"quarterShareHolderIncomeGrowth":-0.986,"investProfit":null,"serviceProfit":null,"otherProfit":null,"provisionExpense":null,"operationIncome":null,"ebitda":56},{"ticker":"KBC","quarter":2,"year":2023,"revenue":2328,"yearRevenueGrowth":4.913,"quarterRevenueGrowth":0.047,"costOfGoodSold":-680,"grossProfit":1647,"operationExpense":-341,"operationProfit":1307,"yearOperationProfitGrowth":15.339,"quarterOperationProfitGrowth":0.008,"interestExpense":-147,"preTaxProfit":1291,"postTaxProfit":1012,"shareHolderIncome":980,"yearShareHolderIncomeGrowth":null,"quarterShareHolderIncomeGrowth":0.042,"investProfit":null,"serviceProfit":null,"otherProfit":null,"provisionExpense":null,"operationIncome":null,"ebitda":1340},{"ticker":"KBC","quarter":1,"year":2023,"revenue":2223,"yearRevenueGrowth":2.214,"quarterRevenueGrowth":null,"costOfGoodSold":-672,"grossProfit":1551,"operationExpense":-255,"operationProfit":1296,"yearOperationProfitGrowth":8.567,"quarterOperationProfitGrowth":null,"interestExpense":-97,"preTaxProfit":1314,"postTaxProfit":1056,"shareHolderIncome":941,"yearShareHolderIncomeGrowth":0.957,"quarterShareHolderIncomeGrowth":null,"investProfit":null,"serviceProfit":null,"otherProfit":null,"provisionExpense":null,"operationIncome":null,"ebitda":1324}]