{"capitalize":21263,"tradeVolume":4300403,"priceToEarning":88.9,"priceToBook":1.2,"valueBeforeEbitda":40.3,"dividend":0,"roe":0.013,"profitGrowthAvarage":0.222,"ageOfReceivable":3740.4,"ageOfInventory":4080.1,"payableOnEquity":1,"payableOnEbitda":6.8,"ebitOnInterest":6.2,"shortOnLongTermPayable":0.1,"revenue":2138,"operationProfit":517,"netProfit":239,"earningPerShare":312,"asset":40904,"liability":20487,"equity":20417,"bookValuePerShare":23881,"profitMargin":null,"nonInterestOnToi":null,"loanOnDeposit":null,"creditGrowth":null,"badDebtPercentage":null,"provisionOnBadDebt":null,"customerCredit":null,"betaIndex":null,"ticker":"KBC"}