[{"ticker":"HDG","quarter":2,"year":2024,"shortAsset":3219,"cash":472,"shortInvest":687,"shortReceivable":1105,"inventory":909,"longAsset":10809,"fixedAsset":8784,"asset":14028,"debt":6602,"shortDebt":624,"longDebt":4527,"equity":7427,"capital":3058,"centralBankDeposit":null,"otherBankDeposit":null,"otherBankLoan":null,"stockInvest":null,"customerLoan":null,"badLoan":null,"provision":null,"netCustomerLoan":null,"otherAsset":null,"otherBankCredit":null,"oweOtherBank":null,"oweCentralBank":null,"valuablePaper":null,"payableInterest":null,"receivableInterest":null,"deposit":null,"otherDebt":290,"fund":null,"unDistributedIncome":0,"minorShareHolderProfit":1389,"payable":6602},{"ticker":"HDG","quarter":1,"year":2024,"shortAsset":3313,"cash":578,"shortInvest":347,"shortReceivable":1416,"inventory":931,"longAsset":10947,"fixedAsset":8913,"asset":14260,"debt":6767,"shortDebt":571,"longDebt":4743,"equity":7493,"capital":3058,"centralBankDeposit":null,"otherBankDeposit":null,"otherBankLoan":null,"stockInvest":null,"customerLoan":null,"badLoan":null,"provision":null,"netCustomerLoan":null,"otherAsset":null,"otherBankCredit":null,"oweOtherBank":null,"oweCentralBank":null,"valuablePaper":null,"payableInterest":null,"receivableInterest":null,"deposit":null,"otherDebt":199,"fund":null,"unDistributedIncome":0,"minorShareHolderProfit":1355,"payable":6767},{"ticker":"HDG","quarter":4,"year":2023,"shortAsset":3661,"cash":246,"shortInvest":388,"shortReceivable":1941,"inventory":1050,"longAsset":10946,"fixedAsset":9089,"asset":14607,"debt":7292,"shortDebt":617,"longDebt":4809,"equity":7315,"capital":3058,"centralBankDeposit":null,"otherBankDeposit":null,"otherBankLoan":null,"stockInvest":null,"customerLoan":null,"badLoan":null,"provision":null,"netCustomerLoan":null,"otherAsset":null,"otherBankCredit":null,"oweOtherBank":null,"oweCentralBank":null,"valuablePaper":null,"payableInterest":null,"receivableInterest":null,"deposit":null,"otherDebt":409,"fund":null,"unDistributedIncome":0,"minorShareHolderProfit":1311,"payable":7292},{"ticker":"HDG","quarter":3,"year":2023,"shortAsset":3510,"cash":340,"shortInvest":515,"shortReceivable":1525,"inventory":1083,"longAsset":11018,"fixedAsset":9207,"asset":14529,"debt":7507,"shortDebt":692,"longDebt":4936,"equity":7022,"capital":3058,"centralBankDeposit":null,"otherBankDeposit":null,"otherBankLoan":null,"stockInvest":null,"customerLoan":null,"badLoan":null,"provision":null,"netCustomerLoan":null,"otherAsset":null,"otherBankCredit":null,"oweOtherBank":null,"oweCentralBank":null,"valuablePaper":null,"payableInterest":null,"receivableInterest":null,"deposit":null,"otherDebt":359,"fund":null,"unDistributedIncome":0,"minorShareHolderProfit":1296,"payable":7507},{"ticker":"HDG","quarter":2,"year":2023,"shortAsset":3350,"cash":199,"shortInvest":295,"shortReceivable":1652,"inventory":1151,"longAsset":11036,"fixedAsset":9257,"asset":14386,"debt":7476,"shortDebt":699,"longDebt":4970,"equity":6911,"capital":2446,"centralBankDeposit":null,"otherBankDeposit":null,"otherBankLoan":null,"stockInvest":null,"customerLoan":null,"badLoan":null,"provision":null,"netCustomerLoan":null,"otherAsset":null,"otherBankCredit":null,"oweOtherBank":null,"oweCentralBank":null,"valuablePaper":null,"payableInterest":null,"receivableInterest":null,"deposit":null,"otherDebt":338,"fund":null,"unDistributedIncome":0,"minorShareHolderProfit":1282,"payable":7476},{"ticker":"HDG","quarter":1,"year":2023,"shortAsset":3546,"cash":436,"shortInvest":2,"shortReceivable":1946,"inventory":1120,"longAsset":11202,"fixedAsset":9427,"asset":14749,"debt":7844,"shortDebt":658,"longDebt":5202,"equity":6905,"capital":2446,"centralBankDeposit":null,"otherBankDeposit":null,"otherBankLoan":null,"stockInvest":null,"customerLoan":null,"badLoan":null,"provision":null,"netCustomerLoan":null,"otherAsset":null,"otherBankCredit":null,"oweOtherBank":null,"oweCentralBank":null,"valuablePaper":null,"payableInterest":null,"receivableInterest":null,"deposit":null,"otherDebt":323,"fund":null,"unDistributedIncome":0,"minorShareHolderProfit":1299,"payable":7844}]