[{"ticker":"HDG","quarter":2,"year":2024,"investCost":-10,"fromInvest":-60,"fromFinancial":-27,"fromSale":-7,"freeCashFlow":846},{"ticker":"HDG","quarter":1,"year":2024,"investCost":-6,"fromInvest":7,"fromFinancial":-261,"fromSale":587,"freeCashFlow":632},{"ticker":"HDG","quarter":4,"year":2023,"investCost":-44,"fromInvest":-91,"fromFinancial":-303,"fromSale":310,"freeCashFlow":1285},{"ticker":"HDG","quarter":3,"year":2023,"investCost":42,"fromInvest":65,"fromFinancial":167,"fromSale":-104,"freeCashFlow":824},{"ticker":"HDG","quarter":2,"year":2023,"investCost":-79,"fromInvest":-127,"fromFinancial":-478,"fromSale":379,"freeCashFlow":487},{"ticker":"HDG","quarter":1,"year":2023,"investCost":-9,"fromInvest":-80,"fromFinancial":-54,"fromSale":-124,"freeCashFlow":1854}]