[{"ticker":"HDG","quarter":2,"year":2024,"priceToEarning":14,"priceToBook":1.5,"valueBeforeEbitda":8.1,"dividend":null,"roe":0.113,"roa":0.046,"daysReceivable":145,"daysInventory":317,"daysPayable":25,"ebitOnInterest":2.6,"earningPerShare":1958,"bookValuePerShare":17950,"interestMargin":null,"nonInterestOnToi":null,"badDebtPercentage":null,"provisionOnBadDebt":null,"costOfFinancing":null,"equityOnTotalAsset":0.43,"equityOnLoan":null,"costToIncome":null,"equityOnLiability":1.1,"currentPayment":1.6,"quickPayment":1.2,"epsChange":0.045,"ebitdaOnStock":6869,"grossProfitMargin":0.478,"operatingProfitMargin":0.38,"postTaxMargin":0.116,"debtOnEquity":0.7,"debtOnAsset":0.4,"debtOnEbitda":2.9,"shortOnLongDebt":0.1,"assetOnEquity":2.3,"capitalBalance":1225,"cashOnEquity":0.064,"cashOnCapitalize":0.051,"cashCirculation":436,"revenueOnWorkCapital":2.5,"capexOnFixedAsset":-0.002,"revenueOnAsset":0.2,"postTaxOnPreTax":0.5,"ebitOnRevenue":0.38,"preTaxOnEbit":0.6,"preProvisionOnToi":null,"postTaxOnToi":null,"loanOnEarnAsset":null,"loanOnAsset":null,"loanOnDeposit":null,"depositOnEarnAsset":null,"badDebtOnAsset":null,"liquidityOnLiability":null,"payableOnEquity":0.9,"cancelDebt":null,"ebitdaOnStockChange":-0.014,"bookValuePerShareChange":-0.016,"creditGrowth":null},{"ticker":"HDG","quarter":1,"year":2024,"priceToEarning":14,"priceToBook":1.4,"valueBeforeEbitda":8.1,"dividend":null,"roe":0.107,"roa":0.043,"daysReceivable":157,"daysInventory":313,"daysPayable":28,"ebitOnInterest":4.3,"earningPerShare":1873,"bookValuePerShare":18250,"interestMargin":null,"nonInterestOnToi":null,"badDebtPercentage":null,"provisionOnBadDebt":null,"costOfFinancing":null,"equityOnTotalAsset":0.43,"equityOnLoan":null,"costToIncome":null,"equityOnLiability":1.1,"currentPayment":1.7,"quickPayment":1.2,"epsChange":-0.114,"ebitdaOnStock":6967,"grossProfitMargin":0.517,"operatingProfitMargin":0.477,"postTaxMargin":0.261,"debtOnEquity":0.7,"debtOnAsset":0.4,"debtOnEbitda":2.9,"shortOnLongDebt":0.1,"assetOnEquity":2.3,"capitalBalance":1369,"cashOnEquity":0.077,"cashOnCapitalize":0.061,"cashCirculation":443,"revenueOnWorkCapital":2.3,"capexOnFixedAsset":-0.009,"revenueOnAsset":0.2,"postTaxOnPreTax":0.7,"ebitOnRevenue":0.477,"preTaxOnEbit":0.8,"preProvisionOnToi":null,"postTaxOnToi":null,"loanOnEarnAsset":null,"loanOnAsset":null,"loanOnDeposit":null,"depositOnEarnAsset":null,"badDebtOnAsset":null,"liquidityOnLiability":null,"payableOnEquity":0.9,"cancelDebt":null,"ebitdaOnStockChange":-0.059,"bookValuePerShareChange":0.022,"creditGrowth":null},{"ticker":"HDG","quarter":4,"year":2023,"priceToEarning":11.7,"priceToBook":1.4,"valueBeforeEbitda":7.3,"dividend":null,"roe":0.123,"roa":0.047,"daysReceivable":118,"daysInventory":376,"daysPayable":57,"ebitOnInterest":4.8,"earningPerShare":2115,"bookValuePerShare":17849,"interestMargin":null,"nonInterestOnToi":null,"badDebtPercentage":null,"provisionOnBadDebt":null,"costOfFinancing":null,"equityOnTotalAsset":0.411,"equityOnLoan":null,"costToIncome":null,"equityOnLiability":1,"currentPayment":1.5,"quickPayment":1.1,"epsChange":0.061,"ebitdaOnStock":7403,"grossProfitMargin":0.68,"operatingProfitMargin":0.621,"postTaxMargin":0.335,"debtOnEquity":0.7,"debtOnAsset":0.4,"debtOnEbitda":2.8,"shortOnLongDebt":0.1,"assetOnEquity":2.4,"capitalBalance":1266,"cashOnEquity":0.034,"cashOnCapitalize":0.03,"cashCirculation":438,"revenueOnWorkCapital":3.1,"capexOnFixedAsset":-0.01,"revenueOnAsset":0.2,"postTaxOnPreTax":0.7,"ebitOnRevenue":0.621,"preTaxOnEbit":0.8,"preProvisionOnToi":null,"postTaxOnToi":null,"loanOnEarnAsset":null,"loanOnAsset":null,"loanOnDeposit":null,"depositOnEarnAsset":null,"badDebtOnAsset":null,"liquidityOnLiability":null,"payableOnEquity":1,"cancelDebt":null,"ebitdaOnStockChange":-0.012,"bookValuePerShareChange":0.049,"creditGrowth":null},{"ticker":"HDG","quarter":3,"year":2023,"priceToEarning":12.6,"priceToBook":1.5,"valueBeforeEbitda":7.1,"dividend":null,"roe":0.122,"roa":0.044,"daysReceivable":100,"daysInventory":334,"daysPayable":58,"ebitOnInterest":1.9,"earningPerShare":1994,"bookValuePerShare":17023,"interestMargin":null,"nonInterestOnToi":null,"badDebtPercentage":null,"provisionOnBadDebt":null,"costOfFinancing":null,"equityOnTotalAsset":0.394,"equityOnLoan":null,"costToIncome":null,"equityOnLiability":0.9,"currentPayment":1.4,"quickPayment":1,"epsChange":-0.199,"ebitdaOnStock":7496,"grossProfitMargin":0.533,"operatingProfitMargin":0.488,"postTaxMargin":0.184,"debtOnEquity":0.8,"debtOnAsset":0.4,"debtOnEbitda":3,"shortOnLongDebt":0.1,"assetOnEquity":2.5,"capitalBalance":1028,"cashOnEquity":0.048,"cashOnCapitalize":0.042,"cashCirculation":376,"revenueOnWorkCapital":3.6,"capexOnFixedAsset":-0.002,"revenueOnAsset":0.2,"postTaxOnPreTax":0.8,"ebitOnRevenue":0.488,"preTaxOnEbit":0.5,"preProvisionOnToi":null,"postTaxOnToi":null,"loanOnEarnAsset":null,"loanOnAsset":null,"loanOnDeposit":null,"depositOnEarnAsset":null,"badDebtOnAsset":null,"liquidityOnLiability":null,"payableOnEquity":1.1,"cancelDebt":null,"ebitdaOnStockChange":-0.265,"bookValuePerShareChange":0.017,"creditGrowth":null},{"ticker":"HDG","quarter":2,"year":2023,"priceToEarning":11.1,"priceToBook":1.7,"valueBeforeEbitda":6.4,"dividend":null,"roe":0.16,"roa":0.056,"daysReceivable":59,"daysInventory":306,"daysPayable":46,"ebitOnInterest":1.9,"earningPerShare":2490,"bookValuePerShare":16736,"interestMargin":null,"nonInterestOnToi":null,"badDebtPercentage":null,"provisionOnBadDebt":null,"costOfFinancing":null,"equityOnTotalAsset":0.391,"equityOnLoan":null,"costToIncome":null,"equityOnLiability":0.9,"currentPayment":1.4,"quickPayment":0.9,"epsChange":-0.29,"ebitdaOnStock":10202,"grossProfitMargin":0.512,"operatingProfitMargin":0.395,"postTaxMargin":0.059,"debtOnEquity":0.8,"debtOnAsset":0.4,"debtOnEbitda":2.7,"shortOnLongDebt":0.1,"assetOnEquity":2.6,"capitalBalance":928,"cashOnEquity":0.029,"cashOnCapitalize":0.025,"cashCirculation":319,"revenueOnWorkCapital":6.2,"capexOnFixedAsset":0.002,"revenueOnAsset":0.2,"postTaxOnPreTax":0.4,"ebitOnRevenue":0.395,"preTaxOnEbit":0.4,"preProvisionOnToi":null,"postTaxOnToi":null,"loanOnEarnAsset":null,"loanOnAsset":null,"loanOnDeposit":null,"depositOnEarnAsset":null,"badDebtOnAsset":null,"liquidityOnLiability":null,"payableOnEquity":1.1,"cancelDebt":null,"ebitdaOnStockChange":-0.148,"bookValuePerShareChange":0.004,"creditGrowth":null},{"ticker":"HDG","quarter":1,"year":2023,"priceToEarning":6.2,"priceToBook":1.3,"valueBeforeEbitda":6.3,"dividend":null,"roe":0.231,"roa":0.077,"daysReceivable":48,"daysInventory":304,"daysPayable":64,"ebitOnInterest":4.1,"earningPerShare":3507,"bookValuePerShare":16667,"interestMargin":null,"nonInterestOnToi":null,"badDebtPercentage":null,"provisionOnBadDebt":null,"costOfFinancing":null,"equityOnTotalAsset":0.38,"equityOnLoan":null,"costToIncome":null,"equityOnLiability":0.9,"currentPayment":1.4,"quickPayment":1,"epsChange":0.052,"ebitdaOnStock":11980,"grossProfitMargin":0.602,"operatingProfitMargin":0.564,"postTaxMargin":0.317,"debtOnEquity":0.8,"debtOnAsset":0.4,"debtOnEbitda":2.4,"shortOnLongDebt":0.1,"assetOnEquity":2.6,"capitalBalance":1022,"cashOnEquity":0.063,"cashOnCapitalize":0.043,"cashCirculation":288,"revenueOnWorkCapital":7.7,"capexOnFixedAsset":-0.007,"revenueOnAsset":0.3,"postTaxOnPreTax":0.8,"ebitOnRevenue":0.564,"preTaxOnEbit":0.7,"preProvisionOnToi":null,"postTaxOnToi":null,"loanOnEarnAsset":null,"loanOnAsset":null,"loanOnDeposit":null,"depositOnEarnAsset":null,"badDebtOnAsset":null,"liquidityOnLiability":null,"payableOnEquity":1.1,"cancelDebt":null,"ebitdaOnStockChange":0.027,"bookValuePerShareChange":0.011,"creditGrowth":null}]