[{"ticker":"HDG","quarter":2,"year":2024,"revenue":550,"yearRevenueGrowth":-0.09,"quarterRevenueGrowth":-0.351,"costOfGoodSold":-287,"grossProfit":263,"operationExpense":-54,"operationProfit":209,"yearOperationProfitGrowth":-0.125,"quarterOperationProfitGrowth":-0.483,"interestExpense":-82,"preTaxProfit":125,"postTaxProfit":99,"shareHolderIncome":64,"yearShareHolderIncomeGrowth":0.804,"quarterShareHolderIncomeGrowth":-0.711,"investProfit":null,"serviceProfit":null,"otherProfit":null,"provisionExpense":null,"operationIncome":null,"ebitda":353},{"ticker":"HDG","quarter":1,"year":2024,"revenue":848,"yearRevenueGrowth":-0.113,"quarterRevenueGrowth":-0.016,"costOfGoodSold":-410,"grossProfit":438,"operationExpense":-34,"operationProfit":404,"yearOperationProfitGrowth":-0.25,"quarterOperationProfitGrowth":-0.244,"interestExpense":-94,"preTaxProfit":319,"postTaxProfit":264,"shareHolderIncome":221,"yearShareHolderIncomeGrowth":-0.269,"quarterShareHolderIncomeGrowth":-0.234,"investProfit":null,"serviceProfit":null,"otherProfit":null,"provisionExpense":null,"operationIncome":null,"ebitda":534},{"ticker":"HDG","quarter":4,"year":2023,"revenue":862,"yearRevenueGrowth":-0.25,"quarterRevenueGrowth":0.875,"costOfGoodSold":-276,"grossProfit":586,"operationExpense":-51,"operationProfit":535,"yearOperationProfitGrowth":-0.044,"quarterOperationProfitGrowth":1.385,"interestExpense":-111,"preTaxProfit":403,"postTaxProfit":373,"shareHolderIncome":289,"yearShareHolderIncomeGrowth":0.164,"quarterShareHolderIncomeGrowth":2.424,"investProfit":null,"serviceProfit":null,"otherProfit":null,"provisionExpense":null,"operationIncome":null,"ebitda":665},{"ticker":"HDG","quarter":3,"year":2023,"revenue":460,"yearRevenueGrowth":-0.451,"quarterRevenueGrowth":-0.24,"costOfGoodSold":-215,"grossProfit":245,"operationExpense":-21,"operationProfit":224,"yearOperationProfitGrowth":-0.497,"quarterOperationProfitGrowth":-0.062,"interestExpense":-120,"preTaxProfit":110,"postTaxProfit":100,"shareHolderIncome":84,"yearShareHolderIncomeGrowth":-0.664,"quarterShareHolderIncomeGrowth":1.383,"investProfit":null,"serviceProfit":null,"otherProfit":null,"provisionExpense":null,"operationIncome":null,"ebitda":339},{"ticker":"HDG","quarter":2,"year":2023,"revenue":605,"yearRevenueGrowth":-0.377,"quarterRevenueGrowth":-0.368,"costOfGoodSold":-295,"grossProfit":310,"operationExpense":-71,"operationProfit":239,"yearOperationProfitGrowth":-0.624,"quarterOperationProfitGrowth":-0.557,"interestExpense":-127,"preTaxProfit":95,"postTaxProfit":76,"shareHolderIncome":35,"yearShareHolderIncomeGrowth":-0.906,"quarterShareHolderIncomeGrowth":-0.883,"investProfit":null,"serviceProfit":null,"otherProfit":null,"provisionExpense":null,"operationIncome":null,"ebitda":380},{"ticker":"HDG","quarter":1,"year":2023,"revenue":956,"yearRevenueGrowth":0.397,"quarterRevenueGrowth":-0.168,"costOfGoodSold":-381,"grossProfit":575,"operationExpense":-37,"operationProfit":539,"yearOperationProfitGrowth":0.279,"quarterOperationProfitGrowth":-0.037,"interestExpense":-131,"preTaxProfit":399,"postTaxProfit":357,"shareHolderIncome":303,"yearShareHolderIncomeGrowth":0.239,"quarterShareHolderIncomeGrowth":0.219,"investProfit":null,"serviceProfit":null,"otherProfit":null,"provisionExpense":null,"operationIncome":null,"ebitda":654}]