{"capitalize":9249,"tradeVolume":1941868,"priceToEarning":14,"priceToBook":1.5,"valueBeforeEbitda":8.1,"dividend":0.02,"roe":0.113,"profitGrowthAvarage":0.01,"ageOfReceivable":144.5,"ageOfInventory":316.7,"payableOnEquity":0.9,"payableOnEbitda":2.9,"ebitOnInterest":2.6,"shortOnLongTermPayable":0.1,"revenue":2719,"operationProfit":1372,"netProfit":659,"earningPerShare":1958,"asset":14028,"liability":6602,"equity":7427,"bookValuePerShare":17950,"profitMargin":null,"nonInterestOnToi":null,"loanOnDeposit":null,"creditGrowth":null,"badDebtPercentage":null,"provisionOnBadDebt":null,"customerCredit":null,"betaIndex":null,"ticker":"HDG"}