[{"ticker":"HDB","quarter":2,"year":2024,"shortAsset":null,"cash":3103,"shortInvest":null,"shortReceivable":null,"inventory":null,"longAsset":null,"fixedAsset":1543,"asset":624443,"debt":571618,"shortDebt":null,"longDebt":null,"equity":52826,"capital":29076,"centralBankDeposit":22237,"otherBankDeposit":76457,"otherBankLoan":7466,"stockInvest":70158,"customerLoan":386187,"badLoan":8107,"provision":-4767,"netCustomerLoan":381420,"otherAsset":61680,"otherBankCredit":72467,"oweOtherBank":46221,"oweCentralBank":21,"valuablePaper":44593,"payableInterest":7661,"receivableInterest":7224,"deposit":386573,"otherDebt":18887,"fund":6260,"unDistributedIncome":15224,"minorShareHolderProfit":2172,"payable":571618},{"ticker":"HDB","quarter":1,"year":2024,"shortAsset":null,"cash":2891,"shortInvest":null,"shortReceivable":null,"inventory":null,"longAsset":null,"fixedAsset":1493,"asset":602552,"debt":552851,"shortDebt":null,"longDebt":null,"equity":49700,"capital":29076,"centralBankDeposit":22525,"otherBankDeposit":79330,"otherBankLoan":8330,"stockInvest":68321,"customerLoan":363449,"badLoan":8152,"provision":-4614,"netCustomerLoan":358835,"otherAsset":60701,"otherBankCredit":55849,"oweOtherBank":51160,"oweCentralBank":20,"valuablePaper":46302,"payableInterest":9641,"receivableInterest":6801,"deposit":378789,"otherDebt":17935,"fund":4708,"unDistributedIncome":13671,"minorShareHolderProfit":2035,"payable":552851},{"ticker":"HDB","quarter":4,"year":2023,"shortAsset":null,"cash":2810,"shortInvest":null,"shortReceivable":null,"inventory":null,"longAsset":null,"fixedAsset":1423,"asset":602315,"debt":555915,"shortDebt":null,"longDebt":null,"equity":46400,"capital":29076,"centralBankDeposit":41482,"otherBankDeposit":88120,"otherBankLoan":8395,"stockInvest":62817,"customerLoan":343404,"badLoan":6160,"provision":-4054,"netCustomerLoan":339350,"otherAsset":57809,"otherBankCredit":62598,"oweOtherBank":49489,"oweCentralBank":27,"valuablePaper":50938,"payableInterest":10346,"receivableInterest":6017,"deposit":370778,"otherDebt":19274,"fund":4708,"unDistributedIncome":10562,"minorShareHolderProfit":1931,"payable":555915},{"ticker":"HDB","quarter":3,"year":2023,"shortAsset":null,"cash":2766,"shortInvest":null,"shortReceivable":null,"inventory":null,"longAsset":null,"fixedAsset":1326,"asset":508263,"debt":465238,"shortDebt":null,"longDebt":null,"equity":43026,"capital":29076,"centralBankDeposit":31970,"otherBankDeposit":45370,"otherBankLoan":10058,"stockInvest":72785,"customerLoan":291717,"badLoan":6604,"provision":-3580,"netCustomerLoan":288137,"otherAsset":55852,"otherBankCredit":5630,"oweOtherBank":45908,"oweCentralBank":30,"valuablePaper":52133,"payableInterest":10051,"receivableInterest":5354,"deposit":341713,"otherDebt":16741,"fund":4685,"unDistributedIncome":7256,"minorShareHolderProfit":1828,"payable":465238},{"ticker":"HDB","quarter":2,"year":2023,"shortAsset":null,"cash":2903,"shortInvest":null,"shortReceivable":null,"inventory":null,"longAsset":null,"fixedAsset":1308,"asset":483936,"debt":443459,"shortDebt":null,"longDebt":null,"equity":40477,"capital":25303,"centralBankDeposit":14769,"otherBankDeposit":80287,"otherBankLoan":6904,"stockInvest":52102,"customerLoan":287355,"badLoan":6179,"provision":-3790,"netCustomerLoan":283565,"otherAsset":41893,"otherBankCredit":23761,"oweOtherBank":39006,"oweCentralBank":30,"valuablePaper":54880,"payableInterest":8270,"receivableInterest":5480,"deposit":309645,"otherDebt":13336,"fund":4693,"unDistributedIncome":8549,"minorShareHolderProfit":1793,"payable":443459},{"ticker":"HDB","quarter":1,"year":2023,"shortAsset":null,"cash":2691,"shortInvest":null,"shortReceivable":null,"inventory":null,"longAsset":null,"fixedAsset":1292,"asset":458803,"debt":417975,"shortDebt":null,"longDebt":null,"equity":40828,"capital":25303,"centralBankDeposit":12162,"otherBankDeposit":48239,"otherBankLoan":8530,"stockInvest":59805,"customerLoan":288529,"badLoan":5326,"provision":-3290,"netCustomerLoan":285239,"otherAsset":40844,"otherBankCredit":53660,"oweOtherBank":43667,"oweCentralBank":36,"valuablePaper":56238,"payableInterest":7051,"receivableInterest":5298,"deposit":249803,"otherDebt":11701,"fund":3523,"unDistributedIncome":10088,"minorShareHolderProfit":1772,"payable":417975}]