[{"ticker":"HDB","quarter":2,"year":2024,"investCost":-95,"fromInvest":-738,"fromFinancial":0,"fromSale":14403,"freeCashFlow":0},{"ticker":"HDB","quarter":1,"year":2024,"investCost":-112,"fromInvest":-112,"fromFinancial":0,"fromSale":-27641,"freeCashFlow":0},{"ticker":"HDB","quarter":4,"year":2023,"investCost":-138,"fromInvest":-138,"fromFinancial":0,"fromSale":52502,"freeCashFlow":0},{"ticker":"HDB","quarter":3,"year":2023,"investCost":-57,"fromInvest":-52,"fromFinancial":0,"fromSale":-17842,"freeCashFlow":0},{"ticker":"HDB","quarter":2,"year":2023,"investCost":-54,"fromInvest":-54,"fromFinancial":-2515,"fromSale":37439,"freeCashFlow":0},{"ticker":"HDB","quarter":1,"year":2023,"investCost":-25,"fromInvest":-20,"fromFinancial":0,"fromSale":8559,"freeCashFlow":0}]