[{"ticker":"HDB","quarter":2,"year":2024,"priceToEarning":6.5,"priceToBook":1.5,"valueBeforeEbitda":null,"dividend":null,"roe":0.27,"roa":0.022,"daysReceivable":null,"daysInventory":null,"daysPayable":null,"ebitOnInterest":null,"earningPerShare":4136,"bookValuePerShare":18137,"interestMargin":0.054,"nonInterestOnToi":0.069,"badDebtPercentage":0.021,"provisionOnBadDebt":0.588,"costOfFinancing":0.062,"equityOnTotalAsset":0.085,"equityOnLoan":0.137,"costToIncome":0.365,"equityOnLiability":0.1,"currentPayment":null,"quickPayment":null,"epsChange":0.086,"ebitdaOnStock":null,"grossProfitMargin":null,"operatingProfitMargin":null,"postTaxMargin":null,"debtOnEquity":null,"debtOnAsset":null,"debtOnEbitda":null,"shortOnLongDebt":null,"assetOnEquity":11.8,"capitalBalance":null,"cashOnEquity":null,"cashOnCapitalize":null,"cashCirculation":null,"revenueOnWorkCapital":null,"capexOnFixedAsset":null,"revenueOnAsset":null,"postTaxOnPreTax":null,"ebitOnRevenue":null,"preTaxOnEbit":null,"preProvisionOnToi":0.499,"postTaxOnToi":0.392,"loanOnEarnAsset":0.693,"loanOnAsset":0.618,"loanOnDeposit":0.999,"depositOnEarnAsset":0.694,"badDebtOnAsset":0.013,"liquidityOnLiability":0.314,"payableOnEquity":10.8,"cancelDebt":0.01,"ebitdaOnStockChange":null,"bookValuePerShareChange":0.063,"creditGrowth":0.344},{"ticker":"HDB","quarter":1,"year":2024,"priceToEarning":6.1,"priceToBook":1.4,"valueBeforeEbitda":null,"dividend":null,"roe":0.256,"roa":0.021,"daysReceivable":null,"daysInventory":null,"daysPayable":null,"ebitOnInterest":null,"earningPerShare":3808,"bookValuePerShare":17064,"interestMargin":0.051,"nonInterestOnToi":0.076,"badDebtPercentage":0.022,"provisionOnBadDebt":0.566,"costOfFinancing":0.067,"equityOnTotalAsset":0.082,"equityOnLoan":0.137,"costToIncome":0.317,"equityOnLiability":0.1,"currentPayment":null,"quickPayment":null,"epsChange":0.101,"ebitdaOnStock":null,"grossProfitMargin":null,"operatingProfitMargin":null,"postTaxMargin":null,"debtOnEquity":null,"debtOnAsset":null,"debtOnEbitda":null,"shortOnLongDebt":null,"assetOnEquity":12.1,"capitalBalance":null,"cashOnEquity":null,"cashOnCapitalize":null,"cashCirculation":null,"revenueOnWorkCapital":null,"capexOnFixedAsset":null,"revenueOnAsset":null,"postTaxOnPreTax":null,"ebitOnRevenue":null,"preTaxOnEbit":null,"preProvisionOnToi":0.545,"postTaxOnToi":0.414,"loanOnEarnAsset":0.676,"loanOnAsset":0.603,"loanOnDeposit":0.96,"depositOnEarnAsset":0.705,"badDebtOnAsset":0.014,"liquidityOnLiability":0.328,"payableOnEquity":11.1,"cancelDebt":0.01,"ebitdaOnStockChange":null,"bookValuePerShareChange":0.071,"creditGrowth":0.26},{"ticker":"HDB","quarter":4,"year":2023,"priceToEarning":5.6,"priceToBook":1.2,"valueBeforeEbitda":null,"dividend":null,"roe":0.247,"roa":0.02,"daysReceivable":null,"daysInventory":null,"daysPayable":null,"ebitOnInterest":null,"earningPerShare":3457,"bookValuePerShare":15931,"interestMargin":0.048,"nonInterestOnToi":0.095,"badDebtPercentage":0.018,"provisionOnBadDebt":0.658,"costOfFinancing":0.068,"equityOnTotalAsset":0.077,"equityOnLoan":0.135,"costToIncome":0.319,"equityOnLiability":0.1,"currentPayment":null,"quickPayment":null,"epsChange":0.19,"ebitdaOnStock":null,"grossProfitMargin":null,"operatingProfitMargin":null,"postTaxMargin":null,"debtOnEquity":null,"debtOnAsset":null,"debtOnEbitda":null,"shortOnLongDebt":null,"assetOnEquity":13,"capitalBalance":null,"cashOnEquity":null,"cashOnCapitalize":null,"cashCirculation":null,"revenueOnWorkCapital":null,"capexOnFixedAsset":null,"revenueOnAsset":null,"postTaxOnPreTax":null,"ebitOnRevenue":null,"preTaxOnEbit":null,"preProvisionOnToi":0.536,"postTaxOnToi":0.418,"loanOnEarnAsset":0.636,"loanOnAsset":0.57,"loanOnDeposit":0.926,"depositOnEarnAsset":0.686,"badDebtOnAsset":0.01,"liquidityOnLiability":0.366,"payableOnEquity":12,"cancelDebt":0.011,"ebitdaOnStockChange":null,"bookValuePerShareChange":0.078,"creditGrowth":0.301},{"ticker":"HDB","quarter":3,"year":2023,"priceToEarning":5.7,"priceToBook":1.1,"valueBeforeEbitda":null,"dividend":null,"roe":0.222,"roa":0.019,"daysReceivable":null,"daysInventory":null,"daysPayable":null,"ebitOnInterest":null,"earningPerShare":2905,"bookValuePerShare":14772,"interestMargin":0.048,"nonInterestOnToi":0.192,"badDebtPercentage":0.023,"provisionOnBadDebt":0.542,"costOfFinancing":0.068,"equityOnTotalAsset":0.085,"equityOnLoan":0.147,"costToIncome":0.378,"equityOnLiability":0.1,"currentPayment":null,"quickPayment":null,"epsChange":0.058,"ebitdaOnStock":null,"grossProfitMargin":null,"operatingProfitMargin":null,"postTaxMargin":null,"debtOnEquity":null,"debtOnAsset":null,"debtOnEbitda":null,"shortOnLongDebt":null,"assetOnEquity":11.8,"capitalBalance":null,"cashOnEquity":null,"cashOnCapitalize":null,"cashCirculation":null,"revenueOnWorkCapital":null,"capexOnFixedAsset":null,"revenueOnAsset":null,"postTaxOnPreTax":null,"ebitOnRevenue":null,"preTaxOnEbit":null,"preProvisionOnToi":0.497,"postTaxOnToi":0.413,"loanOnEarnAsset":0.651,"loanOnAsset":0.574,"loanOnDeposit":0.854,"depositOnEarnAsset":0.762,"badDebtOnAsset":0.013,"liquidityOnLiability":0.35,"payableOnEquity":10.8,"cancelDebt":0.013,"ebitdaOnStockChange":null,"bookValuePerShareChange":0.063,"creditGrowth":0.183},{"ticker":"HDB","quarter":2,"year":2023,"priceToEarning":5.7,"priceToBook":1.1,"valueBeforeEbitda":null,"dividend":null,"roe":0.223,"roa":0.018,"daysReceivable":null,"daysInventory":null,"daysPayable":null,"ebitOnInterest":null,"earningPerShare":2746,"bookValuePerShare":13897,"interestMargin":0.048,"nonInterestOnToi":0.227,"badDebtPercentage":0.022,"provisionOnBadDebt":0.613,"costOfFinancing":0.059,"equityOnTotalAsset":0.084,"equityOnLoan":0.141,"costToIncome":0.349,"equityOnLiability":0.1,"currentPayment":null,"quickPayment":null,"epsChange":0.01,"ebitdaOnStock":null,"grossProfitMargin":null,"operatingProfitMargin":null,"postTaxMargin":null,"debtOnEquity":null,"debtOnAsset":null,"debtOnEbitda":null,"shortOnLongDebt":null,"assetOnEquity":12,"capitalBalance":null,"cashOnEquity":null,"cashOnCapitalize":null,"cashCirculation":null,"revenueOnWorkCapital":null,"capexOnFixedAsset":null,"revenueOnAsset":null,"postTaxOnPreTax":null,"ebitOnRevenue":null,"preTaxOnEbit":null,"preProvisionOnToi":0.517,"postTaxOnToi":0.34,"loanOnEarnAsset":0.657,"loanOnAsset":0.594,"loanOnDeposit":0.928,"depositOnEarnAsset":0.708,"badDebtOnAsset":0.013,"liquidityOnLiability":0.354,"payableOnEquity":11,"cancelDebt":0.012,"ebitdaOnStockChange":null,"bookValuePerShareChange":-0.009,"creditGrowth":0.209},{"ticker":"HDB","quarter":1,"year":2023,"priceToEarning":5.6,"priceToBook":1.1,"valueBeforeEbitda":null,"dividend":null,"roe":0.226,"roa":0.019,"daysReceivable":null,"daysInventory":null,"daysPayable":null,"ebitOnInterest":null,"earningPerShare":2719,"bookValuePerShare":14017,"interestMargin":0.049,"nonInterestOnToi":0.144,"badDebtPercentage":0.018,"provisionOnBadDebt":0.618,"costOfFinancing":0.05,"equityOnTotalAsset":0.089,"equityOnLoan":0.142,"costToIncome":0.346,"equityOnLiability":0.1,"currentPayment":null,"quickPayment":null,"epsChange":0.022,"ebitdaOnStock":null,"grossProfitMargin":null,"operatingProfitMargin":null,"postTaxMargin":null,"debtOnEquity":null,"debtOnAsset":null,"debtOnEbitda":null,"shortOnLongDebt":null,"assetOnEquity":11.2,"capitalBalance":null,"cashOnEquity":null,"cashOnCapitalize":null,"cashCirculation":null,"revenueOnWorkCapital":null,"capexOnFixedAsset":null,"revenueOnAsset":null,"postTaxOnPreTax":null,"ebitOnRevenue":null,"preTaxOnEbit":null,"preProvisionOnToi":0.523,"postTaxOnToi":0.388,"loanOnEarnAsset":0.697,"loanOnAsset":0.629,"loanOnDeposit":1.155,"depositOnEarnAsset":0.604,"badDebtOnAsset":0.012,"liquidityOnLiability":0.314,"payableOnEquity":10.2,"cancelDebt":0.011,"ebitdaOnStockChange":null,"bookValuePerShareChange":0.047,"creditGrowth":0.281}]