[{"ticker":"HDB","quarter":2,"year":2024,"revenue":7720,"yearRevenueGrowth":0.558,"quarterRevenueGrowth":0.078,"costOfGoodSold":null,"grossProfit":null,"operationExpense":-3030,"operationProfit":8293,"yearOperationProfitGrowth":0.293,"quarterOperationProfitGrowth":0.07,"interestExpense":null,"preTaxProfit":4137,"postTaxProfit":3252,"shareHolderIncome":3115,"yearShareHolderIncomeGrowth":0.443,"quarterShareHolderIncomeGrowth":0.002,"investProfit":260,"serviceProfit":225,"otherProfit":88,"provisionExpense":-1126,"operationIncome":5263,"ebitda":null},{"ticker":"HDB","quarter":1,"year":2024,"revenue":7160,"yearRevenueGrowth":0.479,"quarterRevenueGrowth":-0.042,"costOfGoodSold":null,"grossProfit":null,"operationExpense":-2455,"operationProfit":7752,"yearOperationProfitGrowth":0.37,"quarterOperationProfitGrowth":-0.061,"interestExpense":null,"preTaxProfit":4028,"postTaxProfit":3213,"shareHolderIncome":3110,"yearShareHolderIncomeGrowth":0.489,"quarterShareHolderIncomeGrowth":-0.07,"investProfit":162,"serviceProfit":357,"otherProfit":73,"provisionExpense":-1270,"operationIncome":5297,"ebitda":null},{"ticker":"HDB","quarter":4,"year":2023,"revenue":7473,"yearRevenueGrowth":0.515,"quarterRevenueGrowth":0.52,"costOfGoodSold":null,"grossProfit":null,"operationExpense":-2630,"operationProfit":8258,"yearOperationProfitGrowth":0.407,"quarterOperationProfitGrowth":0.357,"interestExpense":null,"preTaxProfit":4385,"postTaxProfit":3448,"shareHolderIncome":3344,"yearShareHolderIncomeGrowth":0.926,"quarterShareHolderIncomeGrowth":0.348,"investProfit":302,"serviceProfit":592,"otherProfit":-109,"provisionExpense":-1242,"operationIncome":5628,"ebitda":null},{"ticker":"HDB","quarter":3,"year":2023,"revenue":4916,"yearRevenueGrowth":0.096,"quarterRevenueGrowth":-0.008,"costOfGoodSold":null,"grossProfit":null,"operationExpense":-2302,"operationProfit":6085,"yearOperationProfitGrowth":0.128,"quarterOperationProfitGrowth":-0.051,"interestExpense":null,"preTaxProfit":3147,"postTaxProfit":2515,"shareHolderIncome":2480,"yearShareHolderIncomeGrowth":0.23,"quarterShareHolderIncomeGrowth":0.149,"investProfit":736,"serviceProfit":318,"otherProfit":115,"provisionExpense":-636,"operationIncome":3783,"ebitda":null},{"ticker":"HDB","quarter":2,"year":2023,"revenue":4955,"yearRevenueGrowth":0.089,"quarterRevenueGrowth":0.023,"costOfGoodSold":null,"grossProfit":null,"operationExpense":-2239,"operationProfit":6413,"yearOperationProfitGrowth":0.149,"quarterOperationProfitGrowth":0.134,"interestExpense":null,"preTaxProfit":2742,"postTaxProfit":2180,"shareHolderIncome":2159,"yearShareHolderIncomeGrowth":0.038,"quarterShareHolderIncomeGrowth":0.034,"investProfit":736,"serviceProfit":601,"otherProfit":122,"provisionExpense":-1433,"operationIncome":4175,"ebitda":null},{"ticker":"HDB","quarter":1,"year":2023,"revenue":4841,"yearRevenueGrowth":0.197,"quarterRevenueGrowth":-0.019,"costOfGoodSold":null,"grossProfit":null,"operationExpense":-1959,"operationProfit":5657,"yearOperationProfitGrowth":0.104,"quarterOperationProfitGrowth":-0.036,"interestExpense":null,"preTaxProfit":2743,"postTaxProfit":2194,"shareHolderIncome":2088,"yearShareHolderIncomeGrowth":0.088,"quarterShareHolderIncomeGrowth":0.203,"investProfit":8,"serviceProfit":677,"otherProfit":132,"provisionExpense":-956,"operationIncome":3699,"ebitda":null}]