{"capitalize":78639,"tradeVolume":8428325,"priceToEarning":6.5,"priceToBook":1.5,"valueBeforeEbitda":null,"dividend":0.051,"roe":0.27,"profitGrowthAvarage":0.288,"ageOfReceivable":null,"ageOfInventory":null,"payableOnEquity":null,"payableOnEbitda":null,"ebitOnInterest":null,"shortOnLongTermPayable":null,"revenue":27269,"operationProfit":30388,"netProfit":12049,"earningPerShare":4137,"asset":624443,"liability":571618,"equity":52826,"bookValuePerShare":18137,"profitMargin":0.054,"nonInterestOnToi":0.069,"loanOnDeposit":0.999,"creditGrowth":0.344,"badDebtPercentage":0.021,"provisionOnBadDebt":0.588,"customerCredit":381420,"betaIndex":null,"ticker":"HDB"}