[{"ticker":"BCG","quarter":2,"year":2024,"shortAsset":21199,"cash":1180,"shortInvest":521,"shortReceivable":15132,"inventory":3821,"longAsset":24121,"fixedAsset":9398,"asset":45320,"debt":24332,"shortDebt":3421,"longDebt":8597,"equity":20988,"capital":8002,"centralBankDeposit":null,"otherBankDeposit":null,"otherBankLoan":null,"stockInvest":null,"customerLoan":null,"badLoan":null,"provision":null,"netCustomerLoan":null,"otherAsset":null,"otherBankCredit":null,"oweOtherBank":null,"oweCentralBank":null,"valuablePaper":null,"payableInterest":null,"receivableInterest":null,"deposit":null,"otherDebt":733,"fund":null,"unDistributedIncome":0,"minorShareHolderProfit":11287,"payable":24332},{"ticker":"BCG","quarter":1,"year":2024,"shortAsset":19947,"cash":422,"shortInvest":1062,"shortReceivable":14213,"inventory":3749,"longAsset":22645,"fixedAsset":9932,"asset":42592,"debt":24919,"shortDebt":3285,"longDebt":8842,"equity":17673,"capital":5335,"centralBankDeposit":null,"otherBankDeposit":null,"otherBankLoan":null,"stockInvest":null,"customerLoan":null,"badLoan":null,"provision":null,"netCustomerLoan":null,"otherAsset":null,"otherBankCredit":null,"oweOtherBank":null,"oweCentralBank":null,"valuablePaper":null,"payableInterest":null,"receivableInterest":null,"deposit":null,"otherDebt":2471,"fund":null,"unDistributedIncome":0,"minorShareHolderProfit":10830,"payable":24919},{"ticker":"BCG","quarter":4,"year":2023,"shortAsset":19099,"cash":757,"shortInvest":590,"shortReceivable":13577,"inventory":3782,"longAsset":22880,"fixedAsset":9598,"asset":41979,"debt":24523,"shortDebt":2827,"longDebt":9314,"equity":17456,"capital":5335,"centralBankDeposit":null,"otherBankDeposit":null,"otherBankLoan":null,"stockInvest":null,"customerLoan":null,"badLoan":null,"provision":null,"netCustomerLoan":null,"otherAsset":null,"otherBankCredit":null,"oweOtherBank":null,"oweCentralBank":null,"valuablePaper":null,"payableInterest":null,"receivableInterest":null,"deposit":null,"otherDebt":2542,"fund":null,"unDistributedIncome":0,"minorShareHolderProfit":10615,"payable":24523},{"ticker":"BCG","quarter":3,"year":2023,"shortAsset":20193,"cash":653,"shortInvest":650,"shortReceivable":14770,"inventory":3715,"longAsset":22783,"fixedAsset":9658,"asset":42977,"debt":28299,"shortDebt":4688,"longDebt":9269,"equity":14678,"capital":5335,"centralBankDeposit":null,"otherBankDeposit":null,"otherBankLoan":null,"stockInvest":null,"customerLoan":null,"badLoan":null,"provision":null,"netCustomerLoan":null,"otherAsset":null,"otherBankCredit":null,"oweOtherBank":null,"oweCentralBank":null,"valuablePaper":null,"payableInterest":null,"receivableInterest":null,"deposit":null,"otherDebt":3077,"fund":null,"unDistributedIncome":0,"minorShareHolderProfit":7926,"payable":28299},{"ticker":"BCG","quarter":2,"year":2023,"shortAsset":22483,"cash":735,"shortInvest":470,"shortReceivable":17012,"inventory":3868,"longAsset":21085,"fixedAsset":9791,"asset":43568,"debt":28966,"shortDebt":7070,"longDebt":6856,"equity":14602,"capital":5335,"centralBankDeposit":null,"otherBankDeposit":null,"otherBankLoan":null,"stockInvest":null,"customerLoan":null,"badLoan":null,"provision":null,"netCustomerLoan":null,"otherAsset":null,"otherBankCredit":null,"oweOtherBank":null,"oweCentralBank":null,"valuablePaper":null,"payableInterest":null,"receivableInterest":null,"deposit":null,"otherDebt":3589,"fund":null,"unDistributedIncome":0,"minorShareHolderProfit":7845,"payable":28966},{"ticker":"BCG","quarter":1,"year":2023,"shortAsset":19536,"cash":601,"shortInvest":462,"shortReceivable":13798,"inventory":4276,"longAsset":26722,"fixedAsset":8024,"asset":46259,"debt":31877,"shortDebt":5882,"longDebt":9100,"equity":14382,"capital":5335,"centralBankDeposit":null,"otherBankDeposit":null,"otherBankLoan":null,"stockInvest":null,"customerLoan":null,"badLoan":null,"provision":null,"netCustomerLoan":null,"otherAsset":null,"otherBankCredit":null,"oweOtherBank":null,"oweCentralBank":null,"valuablePaper":null,"payableInterest":null,"receivableInterest":null,"deposit":null,"otherDebt":2206,"fund":null,"unDistributedIncome":0,"minorShareHolderProfit":7720,"payable":31877}]