[{"ticker":"BCG","quarter":2,"year":2024,"investCost":-41,"fromInvest":99,"fromFinancial":2404,"fromSale":-1746,"freeCashFlow":3164},{"ticker":"BCG","quarter":1,"year":2024,"investCost":-89,"fromInvest":-298,"fromFinancial":62,"fromSale":-98,"freeCashFlow":78},{"ticker":"BCG","quarter":4,"year":2023,"investCost":-183,"fromInvest":1058,"fromFinancial":465,"fromSale":-1420,"freeCashFlow":1124},{"ticker":"BCG","quarter":3,"year":2023,"investCost":33,"fromInvest":-353,"fromFinancial":280,"fromSale":-8,"freeCashFlow":767},{"ticker":"BCG","quarter":2,"year":2023,"investCost":-73,"fromInvest":39,"fromFinancial":-749,"fromSale":844,"freeCashFlow":-673},{"ticker":"BCG","quarter":1,"year":2023,"investCost":-30,"fromInvest":-135,"fromFinancial":-325,"fromSale":432,"freeCashFlow":-178}]