{"OriginStock":{"Cumulative_Return_3_Month":-0.1206,"Cumulative_Return_6_Month":-0.1547,"Cumulative_Return_12_Month":-0.1286,"Volatility_12_Month":0.3463,"SharpeRatio_3_Month":-1.6099,"SharpeRatio_6_Month":-0.9896,"SharpeRatio_12_Month":-0.4544,"Maximum_Drawdown_12_Month":0.3185},"SimilarStock":[{"correlation":0.379,"beta":1.403,"pe":18.899,"price_volatility_1_month_compareWith_VNINDEX":0.05,"price_volatility_3_month_compareWith_VNINDEX":0.013,"price_volatility_6_month_compareWith_VNINDEX":-0.059,"companyName":"Công ty Cổ phần Chứng khoán SSI","industryName":"Dịch vụ tài chính","exchangeName":"HOSE","ticker":"SSI"},{"correlation":0.672,"beta":1.373,"pe":9.336,"price_volatility_1_month_compareWith_VNINDEX":0,"price_volatility_3_month_compareWith_VNINDEX":-0.016,"price_volatility_6_month_compareWith_VNINDEX":-0.174,"companyName":"Công ty Cổ phần Chứng khoán VNDIRECT","industryName":"Dịch vụ tài chính","exchangeName":"HOSE","ticker":"VND"},{"correlation":0.648,"beta":1.692,"pe":22.102,"price_volatility_1_month_compareWith_VNINDEX":0.029,"price_volatility_3_month_compareWith_VNINDEX":0.162,"price_volatility_6_month_compareWith_VNINDEX":0.141,"companyName":"Công ty Cổ phần Chứng khoán Thành phố Hồ Chí Minh","industryName":"Dịch vụ tài chính","exchangeName":"HOSE","ticker":"HCM"},{"correlation":0.371,"beta":1.702,"pe":25.438,"price_volatility_1_month_compareWith_VNINDEX":0.036,"price_volatility_3_month_compareWith_VNINDEX":-0.004,"price_volatility_6_month_compareWith_VNINDEX":-0.028,"companyName":"Công ty Cổ phần Chứng khoán Vietcap","industryName":"Dịch vụ tài chính","exchangeName":"HOSE","ticker":"VCI"},{"correlation":0.437,"beta":1.821,"pe":22.398,"price_volatility_1_month_compareWith_VNINDEX":-0.012,"price_volatility_3_month_compareWith_VNINDEX":-0.155,"price_volatility_6_month_compareWith_VNINDEX":-0.239,"companyName":"Công ty Cổ phần Chứng khoán VIX","industryName":"Dịch vụ tài chính","exchangeName":"HOSE","ticker":"VIX"},{"correlation":0.557,"beta":1.881,"pe":21.704,"price_volatility_1_month_compareWith_VNINDEX":0.063,"price_volatility_3_month_compareWith_VNINDEX":0.028,"price_volatility_6_month_compareWith_VNINDEX":0.246,"companyName":"Công ty Cổ phần Chứng khoán MB","industryName":"Dịch vụ tài chính","exchangeName":"HNX","ticker":"MBS"},{"correlation":0.592,"beta":1.837,"pe":29.719,"price_volatility_1_month_compareWith_VNINDEX":-0.041,"price_volatility_3_month_compareWith_VNINDEX":0.066,"price_volatility_6_month_compareWith_VNINDEX":0.084,"companyName":"Công ty Cổ phần Chứng khoán FPT","industryName":"Dịch vụ tài chính","exchangeName":"HOSE","ticker":"FTS"},{"correlation":0.706,"beta":1.764,"pe":12.987,"price_volatility_1_month_compareWith_VNINDEX":-0.001,"price_volatility_3_month_compareWith_VNINDEX":-0.119,"price_volatility_6_month_compareWith_VNINDEX":-0.255,"companyName":"Công ty Cổ phần Chứng khoán Sài Gòn - Hà Nội","industryName":"Dịch vụ tài chính","exchangeName":"HNX","ticker":"SHS"},{"correlation":0.514,"beta":1.822,"pe":29.563,"price_volatility_1_month_compareWith_VNINDEX":0.052,"price_volatility_3_month_compareWith_VNINDEX":0.093,"price_volatility_6_month_compareWith_VNINDEX":-0.025,"companyName":"Công ty Cổ phần Chứng khoán BIDV","industryName":"Dịch vụ tài chính","exchangeName":"HOSE","ticker":"BSI"},{"correlation":0.644,"beta":1.625,"pe":19.138,"price_volatility_1_month_compareWith_VNINDEX":-0.031,"price_volatility_3_month_compareWith_VNINDEX":-0.194,"price_volatility_6_month_compareWith_VNINDEX":-0.241,"companyName":"Công ty Tài chính Cổ phần Điện Lực","industryName":"Dịch vụ tài chính","exchangeName":"HOSE","ticker":"EVF"}]}