[{"ticker":"BCG","quarter":2,"year":2024,"priceToEarning":62.3,"priceToBook":0.6,"valueBeforeEbitda":22.8,"dividend":null,"roe":0.011,"roa":0.002,"daysReceivable":631,"daysInventory":453,"daysPayable":252,"ebitOnInterest":0.6,"earningPerShare":98,"bookValuePerShare":11021,"interestMargin":null,"nonInterestOnToi":null,"badDebtPercentage":null,"provisionOnBadDebt":null,"costOfFinancing":null,"equityOnTotalAsset":0.214,"equityOnLoan":null,"costToIncome":null,"equityOnLiability":0.9,"currentPayment":1.9,"quickPayment":1.5,"epsChange":0.147,"ebitdaOnStock":1809,"grossProfitMargin":0.302,"operatingProfitMargin":0.166,"postTaxMargin":0.118,"debtOnEquity":0.6,"debtOnAsset":0.3,"debtOnEbitda":10.8,"shortOnLongDebt":0.4,"assetOnEquity":4.7,"capitalBalance":9798,"cashOnEquity":0.056,"cashOnCapitalize":0.218,"cashCirculation":832,"revenueOnWorkCapital":0.6,"capexOnFixedAsset":-0.029,"revenueOnAsset":0.1,"postTaxOnPreTax":0.3,"ebitOnRevenue":0.166,"preTaxOnEbit":2.1,"preProvisionOnToi":null,"postTaxOnToi":null,"loanOnEarnAsset":null,"loanOnAsset":null,"loanOnDeposit":null,"depositOnEarnAsset":null,"badDebtOnAsset":null,"liquidityOnLiability":null,"payableOnEquity":1.2,"cancelDebt":null,"ebitdaOnStockChange":-0.224,"bookValuePerShareChange":0.418,"creditGrowth":null},{"ticker":"BCG","quarter":1,"year":2024,"priceToEarning":93.1,"priceToBook":1,"valueBeforeEbitda":23,"dividend":null,"roe":0.011,"roa":0.002,"daysReceivable":496,"daysInventory":486,"daysPayable":300,"ebitOnInterest":0.5,"earningPerShare":85,"bookValuePerShare":7774,"interestMargin":null,"nonInterestOnToi":null,"badDebtPercentage":null,"provisionOnBadDebt":null,"costOfFinancing":null,"equityOnTotalAsset":0.161,"equityOnLoan":null,"costToIncome":null,"equityOnLiability":0.7,"currentPayment":1.6,"quickPayment":1.3,"epsChange":0.008,"ebitdaOnStock":2332,"grossProfitMargin":0.28,"operatingProfitMargin":0.129,"postTaxMargin":0.014,"debtOnEquity":0.7,"debtOnAsset":0.3,"debtOnEbitda":10.9,"shortOnLongDebt":0.4,"assetOnEquity":6.2,"capitalBalance":7305,"cashOnEquity":0.024,"cashOnCapitalize":0.069,"cashCirculation":682,"revenueOnWorkCapital":0.7,"capexOnFixedAsset":-0.035,"revenueOnAsset":0.1,"postTaxOnPreTax":0.1,"ebitOnRevenue":0.129,"preTaxOnEbit":0.9,"preProvisionOnToi":null,"postTaxOnToi":null,"loanOnEarnAsset":null,"loanOnAsset":null,"loanOnDeposit":null,"depositOnEarnAsset":null,"badDebtOnAsset":null,"liquidityOnLiability":null,"payableOnEquity":1.4,"cancelDebt":null,"ebitdaOnStockChange":0.048,"bookValuePerShareChange":0,"creditGrowth":null},{"ticker":"BCG","quarter":4,"year":2023,"priceToEarning":94.1,"priceToBook":1,"valueBeforeEbitda":21.3,"dividend":null,"roe":0.011,"roa":0.002,"daysReceivable":640,"daysInventory":426,"daysPayable":180,"ebitOnInterest":0.3,"earningPerShare":85,"bookValuePerShare":7771,"interestMargin":null,"nonInterestOnToi":null,"badDebtPercentage":null,"provisionOnBadDebt":null,"costOfFinancing":null,"equityOnTotalAsset":0.163,"equityOnLoan":null,"costToIncome":null,"equityOnLiability":0.7,"currentPayment":1.6,"quickPayment":1.3,"epsChange":-2.197,"ebitdaOnStock":2225,"grossProfitMargin":0.255,"operatingProfitMargin":0.1,"postTaxMargin":null,"debtOnEquity":0.7,"debtOnAsset":0.3,"debtOnEbitda":11.4,"shortOnLongDebt":0.3,"assetOnEquity":6.1,"capitalBalance":7496,"cashOnEquity":0.043,"cashOnCapitalize":0.184,"cashCirculation":885,"revenueOnWorkCapital":0.6,"capexOnFixedAsset":-0.029,"revenueOnAsset":0.1,"postTaxOnPreTax":null,"ebitOnRevenue":0.1,"preTaxOnEbit":0,"preProvisionOnToi":null,"postTaxOnToi":null,"loanOnEarnAsset":null,"loanOnAsset":null,"loanOnDeposit":null,"depositOnEarnAsset":null,"badDebtOnAsset":null,"liquidityOnLiability":null,"payableOnEquity":1.4,"cancelDebt":null,"ebitdaOnStockChange":0.226,"bookValuePerShareChange":0.013,"creditGrowth":null},{"ticker":"BCG","quarter":3,"year":2023,"priceToEarning":-126.2,"priceToBook":1.2,"valueBeforeEbitda":26.5,"dividend":null,"roe":-0.009,"roa":-0.001,"daysReceivable":751,"daysInventory":398,"daysPayable":161,"ebitOnInterest":0.3,"earningPerShare":-71,"bookValuePerShare":7671,"interestMargin":null,"nonInterestOnToi":null,"badDebtPercentage":null,"provisionOnBadDebt":null,"costOfFinancing":null,"equityOnTotalAsset":0.157,"equityOnLoan":null,"costToIncome":null,"equityOnLiability":0.5,"currentPayment":1.4,"quickPayment":1.1,"epsChange":0.494,"ebitdaOnStock":1815,"grossProfitMargin":0.283,"operatingProfitMargin":0.117,"postTaxMargin":0.006,"debtOnEquity":1,"debtOnAsset":0.3,"debtOnEbitda":15.3,"shortOnLongDebt":0.5,"assetOnEquity":6.4,"capitalBalance":5515,"cashOnEquity":0.045,"cashOnCapitalize":0.147,"cashCirculation":988,"revenueOnWorkCapital":0.5,"capexOnFixedAsset":-0.062,"revenueOnAsset":0.1,"postTaxOnPreTax":0.2,"ebitOnRevenue":0.117,"preTaxOnEbit":0.3,"preProvisionOnToi":null,"postTaxOnToi":null,"loanOnEarnAsset":null,"loanOnAsset":null,"loanOnDeposit":null,"depositOnEarnAsset":null,"badDebtOnAsset":null,"liquidityOnLiability":null,"payableOnEquity":1.9,"cancelDebt":null,"ebitdaOnStockChange":-0.097,"bookValuePerShareChange":-0.001,"creditGrowth":null},{"ticker":"BCG","quarter":2,"year":2023,"priceToEarning":-175.9,"priceToBook":1.1,"valueBeforeEbitda":24,"dividend":null,"roe":-0.006,"roa":-0.001,"daysReceivable":634,"daysInventory":389,"daysPayable":138,"ebitOnInterest":0.6,"earningPerShare":-47,"bookValuePerShare":7676,"interestMargin":null,"nonInterestOnToi":null,"badDebtPercentage":null,"provisionOnBadDebt":null,"costOfFinancing":null,"equityOnTotalAsset":0.155,"equityOnLoan":null,"costToIncome":null,"equityOnLiability":0.5,"currentPayment":1.3,"quickPayment":1.1,"epsChange":-1.492,"ebitdaOnStock":2011,"grossProfitMargin":0.373,"operatingProfitMargin":0.213,"postTaxMargin":0.108,"debtOnEquity":1,"debtOnAsset":0.3,"debtOnEbitda":13.7,"shortOnLongDebt":1,"assetOnEquity":6.4,"capitalBalance":5050,"cashOnEquity":0.05,"cashOnCapitalize":0.184,"cashCirculation":886,"revenueOnWorkCapital":0.6,"capexOnFixedAsset":-0.08,"revenueOnAsset":0.1,"postTaxOnPreTax":0.6,"ebitOnRevenue":0.213,"preTaxOnEbit":0.8,"preProvisionOnToi":null,"postTaxOnToi":null,"loanOnEarnAsset":null,"loanOnAsset":null,"loanOnDeposit":null,"depositOnEarnAsset":null,"badDebtOnAsset":null,"liquidityOnLiability":null,"payableOnEquity":2,"cancelDebt":null,"ebitdaOnStockChange":0.134,"bookValuePerShareChange":0.014,"creditGrowth":null},{"ticker":"BCG","quarter":1,"year":2023,"priceToEarning":59.2,"priceToBook":0.8,"valueBeforeEbitda":32.1,"dividend":null,"roe":0.014,"roa":0.002,"daysReceivable":541,"daysInventory":413,"daysPayable":118,"ebitOnInterest":0.2,"earningPerShare":96,"bookValuePerShare":7568,"interestMargin":null,"nonInterestOnToi":null,"badDebtPercentage":null,"provisionOnBadDebt":null,"costOfFinancing":null,"equityOnTotalAsset":0.144,"equityOnLoan":null,"costToIncome":null,"equityOnLiability":0.5,"currentPayment":1.3,"quickPayment":1,"epsChange":-0.751,"ebitdaOnStock":1773,"grossProfitMargin":0.294,"operatingProfitMargin":0.14,"postTaxMargin":0.019,"debtOnEquity":1,"debtOnAsset":0.3,"debtOnEbitda":17.6,"shortOnLongDebt":0.6,"assetOnEquity":6.9,"capitalBalance":4371,"cashOnEquity":0.042,"cashOnCapitalize":0.104,"cashCirculation":836,"revenueOnWorkCapital":0.7,"capexOnFixedAsset":-0.405,"revenueOnAsset":0.1,"postTaxOnPreTax":0.4,"ebitOnRevenue":0.14,"preTaxOnEbit":0.4,"preProvisionOnToi":null,"postTaxOnToi":null,"loanOnEarnAsset":null,"loanOnAsset":null,"loanOnDeposit":null,"depositOnEarnAsset":null,"badDebtOnAsset":null,"liquidityOnLiability":null,"payableOnEquity":2.2,"cancelDebt":null,"ebitdaOnStockChange":-0.376,"bookValuePerShareChange":-0.023,"creditGrowth":null}]