[{"ticker":"BCG","quarter":2,"year":2024,"revenue":1115,"yearRevenueGrowth":0,"quarterRevenueGrowth":0.131,"costOfGoodSold":-778,"grossProfit":337,"operationExpense":-151,"operationProfit":185,"yearOperationProfitGrowth":-0.218,"quarterOperationProfitGrowth":0.462,"interestExpense":-289,"preTaxProfit":386,"postTaxProfit":319,"shareHolderIncome":132,"yearShareHolderIncomeGrowth":0.092,"quarterShareHolderIncomeGrowth":8.675,"investProfit":null,"serviceProfit":null,"otherProfit":null,"provisionExpense":null,"operationIncome":null,"ebitda":343},{"ticker":"BCG","quarter":1,"year":2024,"revenue":985,"yearRevenueGrowth":0.405,"quarterRevenueGrowth":-0.164,"costOfGoodSold":-709,"grossProfit":276,"operationExpense":-149,"operationProfit":127,"yearOperationProfitGrowth":0.294,"quarterOperationProfitGrowth":0.074,"interestExpense":-266,"preTaxProfit":117,"postTaxProfit":98,"shareHolderIncome":14,"yearShareHolderIncomeGrowth":0.048,"quarterShareHolderIncomeGrowth":null,"investProfit":null,"serviceProfit":null,"otherProfit":null,"provisionExpense":null,"operationIncome":null,"ebitda":292},{"ticker":"BCG","quarter":4,"year":2023,"revenue":1178,"yearRevenueGrowth":-0.035,"quarterRevenueGrowth":0.157,"costOfGoodSold":-877,"grossProfit":301,"operationExpense":-183,"operationProfit":118,"yearOperationProfitGrowth":null,"quarterOperationProfitGrowth":-0.008,"interestExpense":-397,"preTaxProfit":2,"postTaxProfit":3,"shareHolderIncome":-64,"yearShareHolderIncomeGrowth":null,"quarterShareHolderIncomeGrowth":null,"investProfit":null,"serviceProfit":null,"otherProfit":null,"provisionExpense":null,"operationIncome":null,"ebitda":294},{"ticker":"BCG","quarter":3,"year":2023,"revenue":1018,"yearRevenueGrowth":-0.135,"quarterRevenueGrowth":-0.086,"costOfGoodSold":-730,"grossProfit":288,"operationExpense":-169,"operationProfit":119,"yearOperationProfitGrowth":-0.399,"quarterOperationProfitGrowth":-0.499,"interestExpense":-386,"preTaxProfit":36,"postTaxProfit":9,"shareHolderIncome":6,"yearShareHolderIncomeGrowth":-0.784,"quarterShareHolderIncomeGrowth":-0.953,"investProfit":null,"serviceProfit":null,"otherProfit":null,"provisionExpense":null,"operationIncome":null,"ebitda":278},{"ticker":"BCG","quarter":2,"year":2023,"revenue":1114,"yearRevenueGrowth":0.265,"quarterRevenueGrowth":0.589,"costOfGoodSold":-699,"grossProfit":416,"operationExpense":-178,"operationProfit":237,"yearOperationProfitGrowth":1.684,"quarterOperationProfitGrowth":1.421,"interestExpense":-415,"preTaxProfit":194,"postTaxProfit":167,"shareHolderIncome":121,"yearShareHolderIncomeGrowth":-0.513,"quarterShareHolderIncomeGrowth":8.285,"investProfit":null,"serviceProfit":null,"otherProfit":null,"provisionExpense":null,"operationIncome":null,"ebitda":380},{"ticker":"BCG","quarter":1,"year":2023,"revenue":701,"yearRevenueGrowth":-0.44,"quarterRevenueGrowth":-0.426,"costOfGoodSold":-495,"grossProfit":206,"operationExpense":-108,"operationProfit":98,"yearOperationProfitGrowth":-0.75,"quarterOperationProfitGrowth":null,"interestExpense":-396,"preTaxProfit":35,"postTaxProfit":9,"shareHolderIncome":13,"yearShareHolderIncomeGrowth":-0.952,"quarterShareHolderIncomeGrowth":null,"investProfit":null,"serviceProfit":null,"otherProfit":null,"provisionExpense":null,"operationIncome":null,"ebitda":235}]