{"priceToEarning":{"top200AvgValue":"17.2","industryName":"Dịch vụ tài chính","industryAvgValue":"19.4"},"valueBeforeEbitda":{"top200AvgValue":"14.1","industryName":"Dịch vụ tài chính","industryAvgValue":"17.3"},"priceToBook":{"top200AvgValue":"1.8","industryName":"Dịch vụ tài chính","industryAvgValue":"1.4"},"dividend":{"top200AvgValue":"0","industryName":"Dịch vụ tài chính","industryAvgValue":"0"},"roe":{"top200AvgValue":"0.105","industryName":"Dịch vụ tài chính","industryAvgValue":"0.056"},"roa":{"top200AvgValue":"0.038","industryName":"Dịch vụ tài chính","industryAvgValue":"0.029"},"grossProfitMargin":{"top200AvgValue":"0.28","industryName":"Dịch vụ tài chính","industryAvgValue":"0.544"},"operatingProfitMargin":{"top200AvgValue":"0.166","industryName":"Dịch vụ tài chính","industryAvgValue":"0.436"},"postTaxMargin":{"top200AvgValue":"0.143","industryName":"Dịch vụ tài chính","industryAvgValue":"0.222"},"debtOnEquity":{"top200AvgValue":"1.3","industryName":"Dịch vụ tài chính","industryAvgValue":"1"},"debtOnAsset":{"top200AvgValue":"0.6","industryName":"Dịch vụ tài chính","industryAvgValue":"0.5"},"debtOnEbitda":{"top200AvgValue":"2.2","industryName":"Dịch vụ tài chính","industryAvgValue":"3.9"},"shortOnLongDebt":{"top200AvgValue":"1.1","industryName":"Dịch vụ tài chính","industryAvgValue":"0.5"},"ebitOnInterest":{"top200AvgValue":"5.6","industryName":"Dịch vụ tài chính","industryAvgValue":"0.6"},"assetOnEquity":{"top200AvgValue":"2.4","industryName":"Dịch vụ tài chính","industryAvgValue":"2"},"cashOnEquity":{"top200AvgValue":"0.107","industryName":"Dịch vụ tài chính","industryAvgValue":"0.124"},"cashOnCapitalize":{"top200AvgValue":"0.059","industryName":"Dịch vụ tài chính","industryAvgValue":"0.135"},"currentPayment":{"top200AvgValue":"1.7","industryName":"Dịch vụ tài chính","industryAvgValue":"2.4"},"quickPayment":{"top200AvgValue":"1.3","industryName":"Dịch vụ tài chính","industryAvgValue":"2.4"},"daysReceivable":{"top200AvgValue":"145","industryName":"Dịch vụ tài chính","industryAvgValue":"1187"},"daysInventory":{"top200AvgValue":"73","industryName":"Dịch vụ tài chính","industryAvgValue":"111"},"daysPayable":{"top200AvgValue":"34","industryName":"Dịch vụ tài chính","industryAvgValue":"5"},"cashCirculation":{"top200AvgValue":"0.2","industryName":"Dịch vụ tài chính","industryAvgValue":"0.2"},"revenueOnWorkCapital":{"top200AvgValue":"2.2","industryName":"Dịch vụ tài chính","industryAvgValue":"0.3"},"revenueOnAsset":{"top200AvgValue":"0.5","industryName":"Dịch vụ tài chính","industryAvgValue":"0.1"},"ebitOnRevenue":{"top200AvgValue":"0.166","industryName":"Dịch vụ tài chính","industryAvgValue":"0.436"},"netDebtOnEbitda":{"top200AvgValue":"2.2","industryName":"Dịch vụ tài chính","industryAvgValue":"3.9"},"netDebtOnEquity":{"top200AvgValue":"0.5","industryName":"Dịch vụ tài chính","industryAvgValue":"0.5"},"priceToSales":{"top200AvgValue":"2.3","industryName":"Dịch vụ tài chính","industryAvgValue":"5.1"}}