{"exchange":"HOSE","shortName":"Bamboo Capital","industryID":299,"industryIDv2":"8775","industryIdLevel2":"8700","industryIdLevel4":"8775","industry":"Dịch vụ tài chính","industryEn":"Financial Services","establishedYear":"2011","noEmployees":1716,"noShareholders":44992,"foreignPercent":0.012,"website":"https://www.bamboocap.com.vn","stockRating":2.1,"deltaInWeek":-0.037,"deltaInMonth":-0.068,"deltaInYear":-0.351,"outstandingShare":880.2,"issueShare":880.2,"companyType":"CT","ticker":"BCG"}