{"capitalize":5404,"tradeVolume":1982673,"priceToEarning":62.3,"priceToBook":0.6,"valueBeforeEbitda":22.8,"dividend":0,"roe":0.011,"profitGrowthAvarage":null,"ageOfReceivable":630.7,"ageOfInventory":453.5,"payableOnEquity":1.2,"payableOnEbitda":10.8,"ebitOnInterest":0.6,"shortOnLongTermPayable":0.4,"revenue":4296,"operationProfit":549,"netProfit":87,"earningPerShare":99,"asset":45320,"liability":24332,"equity":20988,"bookValuePerShare":11022,"profitMargin":null,"nonInterestOnToi":null,"loanOnDeposit":null,"creditGrowth":null,"badDebtPercentage":null,"provisionOnBadDebt":null,"customerCredit":null,"betaIndex":null,"ticker":"BCG"}