[{"ticker":"BCM","quarter":2,"year":2024,"shortAsset":28367,"cash":2096,"shortInvest":269,"shortReceivable":5369,"inventory":20517,"longAsset":26439,"fixedAsset":1117,"asset":54806,"debt":35065,"shortDebt":9324,"longDebt":11950,"equity":19741,"capital":10350,"centralBankDeposit":null,"otherBankDeposit":null,"otherBankLoan":null,"stockInvest":null,"customerLoan":null,"badLoan":null,"provision":null,"netCustomerLoan":null,"otherAsset":null,"otherBankCredit":null,"oweOtherBank":null,"oweCentralBank":null,"valuablePaper":null,"payableInterest":null,"receivableInterest":null,"deposit":null,"otherDebt":844,"fund":null,"unDistributedIncome":0,"minorShareHolderProfit":919,"payable":35065},{"ticker":"BCM","quarter":1,"year":2024,"shortAsset":28161,"cash":2480,"shortInvest":230,"shortReceivable":4869,"inventory":20348,"longAsset":25909,"fixedAsset":1126,"asset":54069,"debt":34543,"shortDebt":9638,"longDebt":11370,"equity":19526,"capital":10350,"centralBankDeposit":null,"otherBankDeposit":null,"otherBankLoan":null,"stockInvest":null,"customerLoan":null,"badLoan":null,"provision":null,"netCustomerLoan":null,"otherAsset":null,"otherBankCredit":null,"oweOtherBank":null,"oweCentralBank":null,"valuablePaper":null,"payableInterest":null,"receivableInterest":null,"deposit":null,"otherDebt":935,"fund":null,"unDistributedIncome":0,"minorShareHolderProfit":913,"payable":34543},{"ticker":"BCM","quarter":4,"year":2023,"shortAsset":31086,"cash":1332,"shortInvest":87,"shortReceivable":7067,"inventory":22448,"longAsset":22094,"fixedAsset":1175,"asset":53180,"debt":34091,"shortDebt":9384,"longDebt":10354,"equity":19089,"capital":10350,"centralBankDeposit":null,"otherBankDeposit":null,"otherBankLoan":null,"stockInvest":null,"customerLoan":null,"badLoan":null,"provision":null,"netCustomerLoan":null,"otherAsset":null,"otherBankCredit":null,"oweOtherBank":null,"oweCentralBank":null,"valuablePaper":null,"payableInterest":null,"receivableInterest":null,"deposit":null,"otherDebt":912,"fund":null,"unDistributedIncome":0,"minorShareHolderProfit":876,"payable":34091},{"ticker":"BCM","quarter":3,"year":2023,"shortAsset":28482,"cash":593,"shortInvest":265,"shortReceivable":5277,"inventory":22166,"longAsset":20972,"fixedAsset":1198,"asset":49454,"debt":31481,"shortDebt":5923,"longDebt":11263,"equity":17973,"capital":10350,"centralBankDeposit":null,"otherBankDeposit":null,"otherBankLoan":null,"stockInvest":null,"customerLoan":null,"badLoan":null,"provision":null,"netCustomerLoan":null,"otherAsset":null,"otherBankCredit":null,"oweOtherBank":null,"oweCentralBank":null,"valuablePaper":null,"payableInterest":null,"receivableInterest":null,"deposit":null,"otherDebt":1035,"fund":null,"unDistributedIncome":0,"minorShareHolderProfit":889,"payable":31481},{"ticker":"BCM","quarter":2,"year":2023,"shortAsset":27918,"cash":207,"shortInvest":535,"shortReceivable":5352,"inventory":21601,"longAsset":20765,"fixedAsset":1241,"asset":48683,"debt":30882,"shortDebt":6665,"longDebt":9317,"equity":17801,"capital":10350,"centralBankDeposit":null,"otherBankDeposit":null,"otherBankLoan":null,"stockInvest":null,"customerLoan":null,"badLoan":null,"provision":null,"netCustomerLoan":null,"otherAsset":null,"otherBankCredit":null,"oweOtherBank":null,"oweCentralBank":null,"valuablePaper":null,"payableInterest":null,"receivableInterest":null,"deposit":null,"otherDebt":1532,"fund":null,"unDistributedIncome":0,"minorShareHolderProfit":880,"payable":30882},{"ticker":"BCM","quarter":1,"year":2023,"shortAsset":28069,"cash":436,"shortInvest":404,"shortReceivable":5598,"inventory":21356,"longAsset":20520,"fixedAsset":1241,"asset":48589,"debt":30627,"shortDebt":5639,"longDebt":10849,"equity":17962,"capital":10350,"centralBankDeposit":null,"otherBankDeposit":null,"otherBankLoan":null,"stockInvest":null,"customerLoan":null,"badLoan":null,"provision":null,"netCustomerLoan":null,"otherAsset":null,"otherBankCredit":null,"oweOtherBank":null,"oweCentralBank":null,"valuablePaper":null,"payableInterest":null,"receivableInterest":null,"deposit":null,"otherDebt":825,"fund":null,"unDistributedIncome":0,"minorShareHolderProfit":996,"payable":30627}]