[{"ticker":"BCM","quarter":2,"year":2024,"investCost":-363,"fromInvest":-1261,"fromFinancial":1522,"fromSale":502,"freeCashFlow":963},{"ticker":"BCM","quarter":1,"year":2024,"investCost":-22,"fromInvest":-1031,"fromFinancial":1303,"fromSale":876,"freeCashFlow":1069},{"ticker":"BCM","quarter":4,"year":2023,"investCost":-62,"fromInvest":-88,"fromFinancial":1529,"fromSale":-702,"freeCashFlow":6558},{"ticker":"BCM","quarter":3,"year":2023,"investCost":56,"fromInvest":274,"fromFinancial":1220,"fromSale":-1107,"freeCashFlow":1361},{"ticker":"BCM","quarter":2,"year":2023,"investCost":-112,"fromInvest":171,"fromFinancial":-532,"fromSale":131,"freeCashFlow":-8},{"ticker":"BCM","quarter":1,"year":2023,"investCost":-29,"fromInvest":8,"fromFinancial":596,"fromSale":-1238,"freeCashFlow":2301}]