[{"ticker":"BCM","quarter":2,"year":2024,"priceToEarning":26.3,"priceToBook":3.7,"valueBeforeEbitda":28.4,"dividend":null,"roe":0.149,"roa":0.051,"daysReceivable":301,"daysInventory":2120,"daysPayable":90,"ebitOnInterest":0.2,"earningPerShare":2569,"bookValuePerShare":18185,"interestMargin":null,"nonInterestOnToi":null,"badDebtPercentage":null,"provisionOnBadDebt":null,"costOfFinancing":null,"equityOnTotalAsset":0.343,"equityOnLoan":null,"costToIncome":null,"equityOnLiability":0.6,"currentPayment":1.3,"quickPayment":0.4,"epsChange":0.078,"ebitdaOnStock":3061,"grossProfitMargin":0.55,"operatingProfitMargin":0.08,"postTaxMargin":0.236,"debtOnEquity":1.1,"debtOnAsset":0.4,"debtOnEbitda":5.9,"shortOnLongDebt":0.8,"assetOnEquity":2.9,"capitalBalance":6345,"cashOnEquity":0.106,"cashOnCapitalize":0.03,"cashCirculation":2331,"revenueOnWorkCapital":1.2,"capexOnFixedAsset":-0.331,"revenueOnAsset":0.2,"postTaxOnPreTax":1.1,"ebitOnRevenue":0.08,"preTaxOnEbit":2.7,"preProvisionOnToi":null,"postTaxOnToi":null,"loanOnEarnAsset":null,"loanOnAsset":null,"loanOnDeposit":null,"depositOnEarnAsset":null,"badDebtOnAsset":null,"liquidityOnLiability":null,"payableOnEquity":1.8,"cancelDebt":null,"ebitdaOnStockChange":-0.014,"bookValuePerShareChange":0.011,"creditGrowth":null},{"ticker":"BCM","quarter":1,"year":2024,"priceToEarning":27.2,"priceToBook":3.6,"valueBeforeEbitda":29.7,"dividend":null,"roe":0.139,"roa":0.048,"daysReceivable":331,"daysInventory":2110,"daysPayable":85,"ebitOnInterest":1.4,"earningPerShare":2384,"bookValuePerShare":17984,"interestMargin":null,"nonInterestOnToi":null,"badDebtPercentage":null,"provisionOnBadDebt":null,"costOfFinancing":null,"equityOnTotalAsset":0.344,"equityOnLoan":null,"costToIncome":null,"equityOnLiability":0.6,"currentPayment":1.2,"quickPayment":0.3,"epsChange":0.011,"ebitdaOnStock":3104,"grossProfitMargin":0.707,"operatingProfitMargin":0.278,"postTaxMargin":0.146,"debtOnEquity":1.1,"debtOnAsset":0.4,"debtOnEbitda":5.8,"shortOnLongDebt":0.8,"assetOnEquity":2.9,"capitalBalance":5609,"cashOnEquity":0.127,"cashOnCapitalize":0.033,"cashCirculation":2355,"revenueOnWorkCapital":1.1,"capexOnFixedAsset":-0.117,"revenueOnAsset":0.2,"postTaxOnPreTax":0.9,"ebitOnRevenue":0.278,"preTaxOnEbit":0.6,"preProvisionOnToi":null,"postTaxOnToi":null,"loanOnEarnAsset":null,"loanOnAsset":null,"loanOnDeposit":null,"depositOnEarnAsset":null,"badDebtOnAsset":null,"liquidityOnLiability":null,"payableOnEquity":1.8,"cancelDebt":null,"ebitdaOnStockChange":0.024,"bookValuePerShareChange":0.022,"creditGrowth":null},{"ticker":"BCM","quarter":4,"year":2023,"priceToEarning":26.7,"priceToBook":3.6,"valueBeforeEbitda":22.9,"dividend":null,"roe":0.139,"roa":0.048,"daysReceivable":393,"daysInventory":2120,"daysPayable":50,"ebitOnInterest":7,"earningPerShare":2358,"bookValuePerShare":17597,"interestMargin":null,"nonInterestOnToi":null,"badDebtPercentage":null,"provisionOnBadDebt":null,"costOfFinancing":null,"equityOnTotalAsset":0.342,"equityOnLoan":null,"costToIncome":null,"equityOnLiability":0.6,"currentPayment":1.4,"quickPayment":0.4,"epsChange":4.466,"ebitdaOnStock":3031,"grossProfitMargin":0.512,"operatingProfitMargin":0.41,"postTaxMargin":0.405,"debtOnEquity":1,"debtOnAsset":0.4,"debtOnEbitda":5.7,"shortOnLongDebt":0.9,"assetOnEquity":2.9,"capitalBalance":8088,"cashOnEquity":0.07,"cashOnCapitalize":0.025,"cashCirculation":2463,"revenueOnWorkCapital":0.9,"capexOnFixedAsset":-0.121,"revenueOnAsset":0.2,"postTaxOnPreTax":0.9,"ebitOnRevenue":0.41,"preTaxOnEbit":1.1,"preProvisionOnToi":null,"postTaxOnToi":null,"loanOnEarnAsset":null,"loanOnAsset":null,"loanOnDeposit":null,"depositOnEarnAsset":null,"badDebtOnAsset":null,"liquidityOnLiability":null,"payableOnEquity":1.8,"cancelDebt":null,"ebitdaOnStockChange":3.263,"bookValuePerShareChange":0.066,"creditGrowth":null},{"ticker":"BCM","quarter":3,"year":2023,"priceToEarning":158.9,"priceToBook":4.2,"valueBeforeEbitda":111.1,"dividend":null,"roe":0.026,"roa":0.009,"daysReceivable":861,"daysInventory":4259,"daysPayable":104,"ebitOnInterest":2.7,"earningPerShare":431,"bookValuePerShare":16506,"interestMargin":null,"nonInterestOnToi":null,"badDebtPercentage":null,"provisionOnBadDebt":null,"costOfFinancing":null,"equityOnTotalAsset":0.345,"equityOnLoan":null,"costToIncome":null,"equityOnLiability":0.6,"currentPayment":1.5,"quickPayment":0.3,"epsChange":0.033,"ebitdaOnStock":711,"grossProfitMargin":0.646,"operatingProfitMargin":0.36,"postTaxMargin":0.193,"debtOnEquity":1,"debtOnAsset":0.3,"debtOnEbitda":22,"shortOnLongDebt":0.5,"assetOnEquity":2.9,"capitalBalance":9003,"cashOnEquity":0.033,"cashOnCapitalize":0.009,"cashCirculation":5016,"revenueOnWorkCapital":0.4,"capexOnFixedAsset":-0.129,"revenueOnAsset":0.1,"postTaxOnPreTax":0.8,"ebitOnRevenue":0.36,"preTaxOnEbit":0.7,"preProvisionOnToi":null,"postTaxOnToi":null,"loanOnEarnAsset":null,"loanOnAsset":null,"loanOnDeposit":null,"depositOnEarnAsset":null,"badDebtOnAsset":null,"liquidityOnLiability":null,"payableOnEquity":1.8,"cancelDebt":null,"ebitdaOnStockChange":-0.001,"bookValuePerShareChange":0.01,"creditGrowth":null},{"ticker":"BCM","quarter":2,"year":2023,"priceToEarning":187,"priceToBook":4.8,"valueBeforeEbitda":106.3,"dividend":null,"roe":0.025,"roa":0.009,"daysReceivable":595,"daysInventory":2577,"daysPayable":92,"ebitOnInterest":0.8,"earningPerShare":417,"bookValuePerShare":16348,"interestMargin":null,"nonInterestOnToi":null,"badDebtPercentage":null,"provisionOnBadDebt":null,"costOfFinancing":null,"equityOnTotalAsset":0.348,"equityOnLoan":null,"costToIncome":null,"equityOnLiability":0.6,"currentPayment":1.3,"quickPayment":0.3,"epsChange":-0.659,"ebitdaOnStock":711,"grossProfitMargin":0.541,"operatingProfitMargin":0.198,"postTaxMargin":0.074,"debtOnEquity":0.9,"debtOnAsset":0.3,"debtOnEbitda":21.6,"shortOnLongDebt":0.7,"assetOnEquity":2.9,"capitalBalance":7094,"cashOnEquity":0.012,"cashOnCapitalize":0.003,"cashCirculation":3080,"revenueOnWorkCapital":0.6,"capexOnFixedAsset":-0.146,"revenueOnAsset":0.1,"postTaxOnPreTax":3.9,"ebitOnRevenue":0.198,"preTaxOnEbit":0.1,"preProvisionOnToi":null,"postTaxOnToi":null,"loanOnEarnAsset":null,"loanOnAsset":null,"loanOnDeposit":null,"depositOnEarnAsset":null,"badDebtOnAsset":null,"liquidityOnLiability":null,"payableOnEquity":1.7,"cancelDebt":null,"ebitdaOnStockChange":-0.418,"bookValuePerShareChange":-0.003,"creditGrowth":null},{"ticker":"BCM","quarter":1,"year":2023,"priceToEarning":66.6,"priceToBook":5,"valueBeforeEbitda":77.3,"dividend":null,"roe":0.076,"roa":0.026,"daysReceivable":618,"daysInventory":2226,"daysPayable":82,"ebitOnInterest":0.9,"earningPerShare":1227,"bookValuePerShare":16392,"interestMargin":null,"nonInterestOnToi":null,"badDebtPercentage":null,"provisionOnBadDebt":null,"costOfFinancing":null,"equityOnTotalAsset":0.349,"equityOnLoan":null,"costToIncome":null,"equityOnLiability":0.6,"currentPayment":1.5,"quickPayment":0.4,"epsChange":-0.208,"ebitdaOnStock":1223,"grossProfitMargin":0.514,"operatingProfitMargin":0.209,"postTaxMargin":0.116,"debtOnEquity":0.9,"debtOnAsset":0.3,"debtOnEbitda":12.7,"shortOnLongDebt":0.5,"assetOnEquity":2.9,"capitalBalance":9058,"cashOnEquity":0.024,"cashOnCapitalize":0.005,"cashCirculation":2761,"revenueOnWorkCapital":0.6,"capexOnFixedAsset":-0.094,"revenueOnAsset":0.1,"postTaxOnPreTax":1.2,"ebitOnRevenue":0.209,"preTaxOnEbit":0.5,"preProvisionOnToi":null,"postTaxOnToi":null,"loanOnEarnAsset":null,"loanOnAsset":null,"loanOnDeposit":null,"depositOnEarnAsset":null,"badDebtOnAsset":null,"liquidityOnLiability":null,"payableOnEquity":1.7,"cancelDebt":null,"ebitdaOnStockChange":-0.228,"bookValuePerShareChange":0.007,"creditGrowth":null}]