[{"ticker":"BCM","quarter":2,"year":2024,"revenue":1156,"yearRevenueGrowth":0.057,"quarterRevenueGrowth":0.424,"costOfGoodSold":-520,"grossProfit":636,"operationExpense":-544,"operationProfit":92,"yearOperationProfitGrowth":-0.575,"quarterOperationProfitGrowth":-0.591,"interestExpense":-433,"preTaxProfit":244,"postTaxProfit":287,"shareHolderIncome":273,"yearShareHolderIncomeGrowth":2.356,"quarterShareHolderIncomeGrowth":1.314,"investProfit":null,"serviceProfit":null,"otherProfit":null,"provisionExpense":null,"operationIncome":null,"ebitda":224},{"ticker":"BCM","quarter":1,"year":2024,"revenue":812,"yearRevenueGrowth":0.026,"quarterRevenueGrowth":-0.84,"costOfGoodSold":-237,"grossProfit":574,"operationExpense":-349,"operationProfit":225,"yearOperationProfitGrowth":0.362,"quarterOperationProfitGrowth":-0.892,"interestExpense":-164,"preTaxProfit":128,"postTaxProfit":119,"shareHolderIncome":118,"yearShareHolderIncomeGrowth":0.291,"quarterShareHolderIncomeGrowth":-0.942,"investProfit":null,"serviceProfit":null,"otherProfit":null,"provisionExpense":null,"operationIncome":null,"ebitda":292},{"ticker":"BCM","quarter":4,"year":2023,"revenue":5060,"yearRevenueGrowth":4.757,"quarterRevenueGrowth":3.488,"costOfGoodSold":-2469,"grossProfit":2590,"operationExpense":-514,"operationProfit":2077,"yearOperationProfitGrowth":null,"quarterOperationProfitGrowth":4.117,"interestExpense":-296,"preTaxProfit":2362,"postTaxProfit":2050,"shareHolderIncome":2051,"yearShareHolderIncomeGrowth":35.424,"quarterShareHolderIncomeGrowth":8.435,"investProfit":null,"serviceProfit":null,"otherProfit":null,"provisionExpense":null,"operationIncome":null,"ebitda":2213},{"ticker":"BCM","quarter":3,"year":2023,"revenue":1127,"yearRevenueGrowth":-0.502,"quarterRevenueGrowth":0.031,"costOfGoodSold":-399,"grossProfit":728,"operationExpense":-323,"operationProfit":406,"yearOperationProfitGrowth":0.035,"quarterOperationProfitGrowth":0.873,"interestExpense":-149,"preTaxProfit":269,"postTaxProfit":216,"shareHolderIncome":217,"yearShareHolderIncomeGrowth":0.069,"quarterShareHolderIncomeGrowth":1.669,"investProfit":null,"serviceProfit":null,"otherProfit":null,"provisionExpense":null,"operationIncome":null,"ebitda":439},{"ticker":"BCM","quarter":2,"year":2023,"revenue":1094,"yearRevenueGrowth":-0.432,"quarterRevenueGrowth":0.382,"costOfGoodSold":-502,"grossProfit":592,"operationExpense":-375,"operationProfit":217,"yearOperationProfitGrowth":-0.716,"quarterOperationProfitGrowth":0.311,"interestExpense":-269,"preTaxProfit":21,"postTaxProfit":-26,"shareHolderIncome":81,"yearShareHolderIncomeGrowth":-0.911,"quarterShareHolderIncomeGrowth":-0.11,"investProfit":null,"serviceProfit":null,"otherProfit":null,"provisionExpense":null,"operationIncome":null,"ebitda":269},{"ticker":"BCM","quarter":1,"year":2023,"revenue":791,"yearRevenueGrowth":-0.448,"quarterRevenueGrowth":-0.099,"costOfGoodSold":-385,"grossProfit":406,"operationExpense":-241,"operationProfit":165,"yearOperationProfitGrowth":-0.697,"quarterOperationProfitGrowth":null,"interestExpense":-191,"preTaxProfit":79,"postTaxProfit":74,"shareHolderIncome":92,"yearShareHolderIncomeGrowth":-0.784,"quarterShareHolderIncomeGrowth":0.625,"investProfit":null,"serviceProfit":null,"otherProfit":null,"provisionExpense":null,"operationIncome":null,"ebitda":216}]