{"priceToEarning":{"top200AvgValue":"17.2","industryName":"Bất động sản","industryAvgValue":"21.5"},"valueBeforeEbitda":{"top200AvgValue":"14.1","industryName":"Bất động sản","industryAvgValue":"22.8"},"priceToBook":{"top200AvgValue":"1.8","industryName":"Bất động sản","industryAvgValue":"1.1"},"dividend":{"top200AvgValue":"0","industryName":"Bất động sản","industryAvgValue":"0"},"roe":{"top200AvgValue":"0.105","industryName":"Bất động sản","industryAvgValue":"0.03"},"roa":{"top200AvgValue":"0.038","industryName":"Bất động sản","industryAvgValue":"0.012"},"grossProfitMargin":{"top200AvgValue":"0.28","industryName":"Bất động sản","industryAvgValue":"0.341"},"operatingProfitMargin":{"top200AvgValue":"0.166","industryName":"Bất động sản","industryAvgValue":"0.217"},"postTaxMargin":{"top200AvgValue":"0.143","industryName":"Bất động sản","industryAvgValue":"0.169"},"debtOnEquity":{"top200AvgValue":"1.3","industryName":"Bất động sản","industryAvgValue":"1.2"},"debtOnAsset":{"top200AvgValue":"0.6","industryName":"Bất động sản","industryAvgValue":"0.5"},"debtOnEbitda":{"top200AvgValue":"2.2","industryName":"Bất động sản","industryAvgValue":"1"},"shortOnLongDebt":{"top200AvgValue":"1.1","industryName":"Bất động sản","industryAvgValue":"0.8"},"ebitOnInterest":{"top200AvgValue":"5.6","industryName":"Bất động sản","industryAvgValue":"1.4"},"assetOnEquity":{"top200AvgValue":"2.4","industryName":"Bất động sản","industryAvgValue":"2.2"},"cashOnEquity":{"top200AvgValue":"0.107","industryName":"Bất động sản","industryAvgValue":"0.032"},"cashOnCapitalize":{"top200AvgValue":"0.059","industryName":"Bất động sản","industryAvgValue":"0.045"},"currentPayment":{"top200AvgValue":"1.7","industryName":"Bất động sản","industryAvgValue":"1.8"},"quickPayment":{"top200AvgValue":"1.3","industryName":"Bất động sản","industryAvgValue":"1.1"},"daysReceivable":{"top200AvgValue":"145","industryName":"Bất động sản","industryAvgValue":"538"},"daysInventory":{"top200AvgValue":"73","industryName":"Bất động sản","industryAvgValue":"579"},"daysPayable":{"top200AvgValue":"34","industryName":"Bất động sản","industryAvgValue":"66"},"cashCirculation":{"top200AvgValue":"0.2","industryName":"Bất động sản","industryAvgValue":"0.1"},"revenueOnWorkCapital":{"top200AvgValue":"2.2","industryName":"Bất động sản","industryAvgValue":"0.5"},"revenueOnAsset":{"top200AvgValue":"0.5","industryName":"Bất động sản","industryAvgValue":"0.1"},"ebitOnRevenue":{"top200AvgValue":"0.166","industryName":"Bất động sản","industryAvgValue":"0.217"},"netDebtOnEbitda":{"top200AvgValue":"2.2","industryName":"Bất động sản","industryAvgValue":"1"},"netDebtOnEquity":{"top200AvgValue":"0.5","industryName":"Bất động sản","industryAvgValue":"0.2"},"priceToSales":{"top200AvgValue":"2.3","industryName":"Bất động sản","industryAvgValue":"3.7"}}