{"capitalize":69863,"tradeVolume":195807,"priceToEarning":26.3,"priceToBook":3.7,"valueBeforeEbitda":28.4,"dividend":0,"roe":0.149,"profitGrowthAvarage":0.022,"ageOfReceivable":300.8,"ageOfInventory":2119.9,"payableOnEquity":1.8,"payableOnEbitda":5.9,"ebitOnInterest":0.2,"shortOnLongTermPayable":0.8,"revenue":8155,"operationProfit":2800,"netProfit":2660,"earningPerShare":2570,"asset":54806,"liability":35065,"equity":19741,"bookValuePerShare":18185,"profitMargin":null,"nonInterestOnToi":null,"loanOnDeposit":null,"creditGrowth":null,"badDebtPercentage":null,"provisionOnBadDebt":null,"customerCredit":null,"betaIndex":null,"ticker":"BCM"}