[{"ticker":"BID","quarter":2,"year":2024,"shortAsset":null,"cash":10283,"shortInvest":null,"shortReceivable":null,"inventory":null,"longAsset":null,"fixedAsset":11586,"asset":2521071,"debt":2386354,"shortDebt":null,"longDebt":null,"equity":134717,"capital":57004,"centralBankDeposit":52441,"otherBankDeposit":256342,"otherBankLoan":10544,"stockInvest":259197,"customerLoan":1882815,"badLoan":28687,"provision":-37929,"netCustomerLoan":1844886,"otherAsset":75885,"otherBankCredit":166266,"oweOtherBank":26940,"oweCentralBank":131129,"valuablePaper":197648,"payableInterest":29154,"receivableInterest":21362,"deposit":1806925,"otherDebt":45084,"fund":15706,"unDistributedIncome":41935,"minorShareHolderProfit":5048,"payable":2386354},{"ticker":"BID","quarter":1,"year":2024,"shortAsset":null,"cash":10422,"shortInvest":null,"shortReceivable":null,"inventory":null,"longAsset":null,"fixedAsset":10891,"asset":2328731,"debt":2199713,"shortDebt":null,"longDebt":null,"equity":129018,"capital":57004,"centralBankDeposit":36834,"otherBankDeposit":220779,"otherBankLoan":10998,"stockInvest":230405,"customerLoan":1793930,"badLoan":27000,"provision":-41247,"netCustomerLoan":1752683,"otherAsset":55768,"otherBankCredit":135530,"oweOtherBank":32281,"oweCentralBank":57023,"valuablePaper":180565,"payableInterest":31766,"receivableInterest":15895,"deposit":1734779,"otherDebt":47346,"fund":15671,"unDistributedIncome":36137,"minorShareHolderProfit":5056,"payable":2199713},{"ticker":"BID","quarter":4,"year":2023,"shortAsset":null,"cash":11029,"shortInvest":null,"shortReceivable":null,"inventory":null,"longAsset":null,"fixedAsset":11096,"asset":2300814,"debt":2177897,"shortDebt":null,"longDebt":null,"equity":122917,"capital":57004,"centralBankDeposit":51616,"otherBankDeposit":197329,"otherBankLoan":14564,"stockInvest":232479,"customerLoan":1777665,"badLoan":22229,"provision":-40420,"netCustomerLoan":1737245,"otherAsset":45541,"otherBankCredit":143991,"oweOtherBank":38262,"oweCentralBank":35896,"valuablePaper":189487,"payableInterest":34434,"receivableInterest":15556,"deposit":1704269,"otherDebt":53457,"fund":12454,"unDistributedIncome":33589,"minorShareHolderProfit":4966,"payable":2177897},{"ticker":"BID","quarter":3,"year":2023,"shortAsset":null,"cash":10731,"shortInvest":null,"shortReceivable":null,"inventory":null,"longAsset":null,"fixedAsset":10486,"asset":2132855,"debt":2013767,"shortDebt":null,"longDebt":null,"equity":119088,"capital":50585,"centralBankDeposit":42654,"otherBankDeposit":178524,"otherBankLoan":15850,"stockInvest":216270,"customerLoan":1653452,"badLoan":26394,"provision":-41809,"netCustomerLoan":1611644,"otherAsset":46780,"otherBankCredit":146786,"oweOtherBank":41050,"oweCentralBank":13242,"valuablePaper":162018,"payableInterest":38614,"receivableInterest":15291,"deposit":1583544,"otherDebt":54231,"fund":12432,"unDistributedIncome":36008,"minorShareHolderProfit":4841,"payable":2013767},{"ticker":"BID","quarter":2,"year":2023,"shortAsset":null,"cash":11489,"shortInvest":null,"shortReceivable":null,"inventory":null,"longAsset":null,"fixedAsset":10612,"asset":2124768,"debt":2010616,"shortDebt":null,"longDebt":null,"equity":114152,"capital":50585,"centralBankDeposit":47537,"otherBankDeposit":186300,"otherBankLoan":13439,"stockInvest":225660,"customerLoan":1629067,"badLoan":25975,"provision":-39359,"netCustomerLoan":1589707,"otherAsset":39836,"otherBankCredit":158414,"oweOtherBank":33132,"oweCentralBank":51539,"valuablePaper":156250,"payableInterest":36769,"receivableInterest":13718,"deposit":1545569,"otherDebt":52872,"fund":12486,"unDistributedIncome":31423,"minorShareHolderProfit":4755,"payable":2010616},{"ticker":"BID","quarter":1,"year":2023,"shortAsset":null,"cash":12401,"shortInvest":null,"shortReceivable":null,"inventory":null,"longAsset":null,"fixedAsset":10376,"asset":2106865,"debt":1997016,"shortDebt":null,"longDebt":null,"equity":109848,"capital":50585,"centralBankDeposit":74132,"otherBankDeposit":162364,"otherBankLoan":12515,"stockInvest":241379,"customerLoan":1597152,"badLoan":24730,"provision":-42359,"netCustomerLoan":1554794,"otherAsset":38795,"otherBankCredit":116597,"oweOtherBank":30251,"oweCentralBank":123422,"valuablePaper":169979,"payableInterest":32902,"receivableInterest":13738,"deposit":1497395,"otherDebt":46256,"fund":12450,"unDistributedIncome":27028,"minorShareHolderProfit":4827,"payable":1997016}]