[{"ticker":"BID","quarter":2,"year":2024,"investCost":-334,"fromInvest":-262,"fromFinancial":-9,"fromSale":49593,"freeCashFlow":0},{"ticker":"BID","quarter":1,"year":2024,"investCost":-310,"fromInvest":-306,"fromFinancial":0,"fromSale":4466,"freeCashFlow":0},{"ticker":"BID","quarter":4,"year":2023,"investCost":-608,"fromInvest":-422,"fromFinancial":-75,"fromSale":28792,"freeCashFlow":0},{"ticker":"BID","quarter":3,"year":2023,"investCost":126,"fromInvest":163,"fromFinancial":-45,"fromSale":-10520,"freeCashFlow":0},{"ticker":"BID","quarter":2,"year":2023,"investCost":-1144,"fromInvest":-1093,"fromFinancial":0,"fromSale":-5194,"freeCashFlow":0},{"ticker":"BID","quarter":1,"year":2023,"investCost":-208,"fromInvest":-163,"fromFinancial":0,"fromSale":-84391,"freeCashFlow":0}]