[{"ticker":"BID","quarter":2,"year":2024,"priceToEarning":12.6,"priceToBook":2.1,"valueBeforeEbitda":null,"dividend":null,"roe":0.191,"roa":0.01,"daysReceivable":null,"daysInventory":null,"daysPayable":null,"ebitOnInterest":null,"earningPerShare":4005,"bookValuePerShare":23632,"interestMargin":0.025,"nonInterestOnToi":0.266,"badDebtPercentage":0.015,"provisionOnBadDebt":1.322,"costOfFinancing":0.04,"equityOnTotalAsset":0.053,"equityOnLoan":0.072,"costToIncome":0.332,"equityOnLiability":0.1,"currentPayment":null,"quickPayment":null,"epsChange":0.043,"ebitdaOnStock":null,"grossProfitMargin":null,"operatingProfitMargin":null,"postTaxMargin":null,"debtOnEquity":null,"debtOnAsset":null,"debtOnEbitda":null,"shortOnLongDebt":null,"assetOnEquity":18.7,"capitalBalance":null,"cashOnEquity":null,"cashOnCapitalize":null,"cashCirculation":null,"revenueOnWorkCapital":null,"capexOnFixedAsset":null,"revenueOnAsset":null,"postTaxOnPreTax":null,"ebitOnRevenue":null,"preTaxOnEbit":null,"preProvisionOnToi":0.535,"postTaxOnToi":0.323,"loanOnEarnAsset":0.778,"loanOnAsset":0.747,"loanOnDeposit":1.042,"depositOnEarnAsset":0.746,"badDebtOnAsset":0.011,"liquidityOnLiability":0.247,"payableOnEquity":17.7,"cancelDebt":0.013,"ebitdaOnStockChange":null,"bookValuePerShareChange":0.044,"creditGrowth":0.156},{"ticker":"BID","quarter":1,"year":2024,"priceToEarning":13.6,"priceToBook":2.3,"valueBeforeEbitda":null,"dividend":null,"roe":0.191,"roa":0.01,"daysReceivable":null,"daysInventory":null,"daysPayable":null,"ebitOnInterest":null,"earningPerShare":3841,"bookValuePerShare":22632,"interestMargin":0.025,"nonInterestOnToi":0.211,"badDebtPercentage":0.015,"provisionOnBadDebt":1.528,"costOfFinancing":0.046,"equityOnTotalAsset":0.055,"equityOnLoan":0.072,"costToIncome":0.314,"equityOnLiability":0.1,"currentPayment":null,"quickPayment":null,"epsChange":0.016,"ebitdaOnStock":null,"grossProfitMargin":null,"operatingProfitMargin":null,"postTaxMargin":null,"debtOnEquity":null,"debtOnAsset":null,"debtOnEbitda":null,"shortOnLongDebt":null,"assetOnEquity":18,"capitalBalance":null,"cashOnEquity":null,"cashOnCapitalize":null,"cashCirculation":null,"revenueOnWorkCapital":null,"capexOnFixedAsset":null,"revenueOnAsset":null,"postTaxOnPreTax":null,"ebitOnRevenue":null,"preTaxOnEbit":null,"preProvisionOnToi":0.549,"postTaxOnToi":0.345,"loanOnEarnAsset":0.797,"loanOnAsset":0.77,"loanOnDeposit":1.034,"depositOnEarnAsset":0.771,"badDebtOnAsset":0.012,"liquidityOnLiability":0.232,"payableOnEquity":17,"cancelDebt":0.012,"ebitdaOnStockChange":null,"bookValuePerShareChange":0.05,"creditGrowth":0.123},{"ticker":"BID","quarter":4,"year":2023,"priceToEarning":11.5,"priceToBook":2,"valueBeforeEbitda":null,"dividend":null,"roe":0.198,"roa":0.01,"daysReceivable":null,"daysInventory":null,"daysPayable":null,"ebitOnInterest":null,"earningPerShare":3780,"bookValuePerShare":21562,"interestMargin":0.026,"nonInterestOnToi":0.278,"badDebtPercentage":0.013,"provisionOnBadDebt":1.818,"costOfFinancing":0.047,"equityOnTotalAsset":0.053,"equityOnLoan":0.069,"costToIncome":0.38,"equityOnLiability":0.1,"currentPayment":null,"quickPayment":null,"epsChange":0.102,"ebitdaOnStock":null,"grossProfitMargin":null,"operatingProfitMargin":null,"postTaxMargin":null,"debtOnEquity":null,"debtOnAsset":null,"debtOnEbitda":null,"shortOnLongDebt":null,"assetOnEquity":18.7,"capitalBalance":null,"cashOnEquity":null,"cashOnCapitalize":null,"cashCirculation":null,"revenueOnWorkCapital":null,"capexOnFixedAsset":null,"revenueOnAsset":null,"postTaxOnPreTax":null,"ebitOnRevenue":null,"preTaxOnEbit":null,"preProvisionOnToi":0.487,"postTaxOnToi":0.3,"loanOnEarnAsset":0.797,"loanOnAsset":0.773,"loanOnDeposit":1.043,"depositOnEarnAsset":0.764,"badDebtOnAsset":0.01,"liquidityOnLiability":0.233,"payableOnEquity":17.7,"cancelDebt":0.011,"ebitdaOnStockChange":null,"bookValuePerShareChange":0.032,"creditGrowth":0.168},{"ticker":"BID","quarter":3,"year":2023,"priceToEarning":11.5,"priceToBook":1.9,"valueBeforeEbitda":null,"dividend":null,"roe":0.186,"roa":0.009,"daysReceivable":null,"daysInventory":null,"daysPayable":null,"ebitOnInterest":null,"earningPerShare":3430,"bookValuePerShare":20891,"interestMargin":0.027,"nonInterestOnToi":0.229,"badDebtPercentage":0.016,"provisionOnBadDebt":1.584,"costOfFinancing":0.049,"equityOnTotalAsset":0.056,"equityOnLoan":0.072,"costToIncome":0.338,"equityOnLiability":0.1,"currentPayment":null,"quickPayment":null,"epsChange":-0.034,"ebitdaOnStock":null,"grossProfitMargin":null,"operatingProfitMargin":null,"postTaxMargin":null,"debtOnEquity":null,"debtOnAsset":null,"debtOnEbitda":null,"shortOnLongDebt":null,"assetOnEquity":17.9,"capitalBalance":null,"cashOnEquity":null,"cashOnCapitalize":null,"cashCirculation":null,"revenueOnWorkCapital":null,"capexOnFixedAsset":null,"revenueOnAsset":null,"postTaxOnPreTax":null,"ebitOnRevenue":null,"preTaxOnEbit":null,"preProvisionOnToi":0.531,"postTaxOnToi":0.264,"loanOnEarnAsset":0.802,"loanOnAsset":0.775,"loanOnDeposit":1.044,"depositOnEarnAsset":0.768,"badDebtOnAsset":0.012,"liquidityOnLiability":0.23,"payableOnEquity":16.9,"cancelDebt":0.013,"ebitdaOnStockChange":null,"bookValuePerShareChange":0.043,"creditGrowth":0.106},{"ticker":"BID","quarter":2,"year":2023,"priceToEarning":10.8,"priceToBook":1.9,"valueBeforeEbitda":null,"dividend":null,"roe":0.202,"roa":0.01,"daysReceivable":null,"daysInventory":null,"daysPayable":null,"ebitOnInterest":null,"earningPerShare":3552,"bookValuePerShare":20025,"interestMargin":0.028,"nonInterestOnToi":0.215,"badDebtPercentage":0.016,"provisionOnBadDebt":1.515,"costOfFinancing":0.045,"equityOnTotalAsset":0.054,"equityOnLoan":0.07,"costToIncome":0.369,"equityOnLiability":0.1,"currentPayment":null,"quickPayment":null,"epsChange":0.013,"ebitdaOnStock":null,"grossProfitMargin":null,"operatingProfitMargin":null,"postTaxMargin":null,"debtOnEquity":null,"debtOnAsset":null,"debtOnEbitda":null,"shortOnLongDebt":null,"assetOnEquity":18.6,"capitalBalance":null,"cashOnEquity":null,"cashOnCapitalize":null,"cashCirculation":null,"revenueOnWorkCapital":null,"capexOnFixedAsset":null,"revenueOnAsset":null,"postTaxOnPreTax":null,"ebitOnRevenue":null,"preTaxOnEbit":null,"preProvisionOnToi":0.504,"postTaxOnToi":0.322,"loanOnEarnAsset":0.791,"loanOnAsset":0.767,"loanOnDeposit":1.054,"depositOnEarnAsset":0.75,"badDebtOnAsset":0.012,"liquidityOnLiability":0.241,"payableOnEquity":17.6,"cancelDebt":0.013,"ebitdaOnStockChange":null,"bookValuePerShareChange":0.039,"creditGrowth":0.098},{"ticker":"BID","quarter":1,"year":2023,"priceToEarning":11.7,"priceToBook":2.1,"valueBeforeEbitda":null,"dividend":null,"roe":0.209,"roa":0.01,"daysReceivable":null,"daysInventory":null,"daysPayable":null,"ebitOnInterest":null,"earningPerShare":3505,"bookValuePerShare":19270,"interestMargin":0.029,"nonInterestOnToi":0.193,"badDebtPercentage":0.015,"provisionOnBadDebt":1.713,"costOfFinancing":0.041,"equityOnTotalAsset":0.052,"equityOnLoan":0.069,"costToIncome":0.28,"equityOnLiability":0.1,"currentPayment":null,"quickPayment":null,"epsChange":0.105,"ebitdaOnStock":null,"grossProfitMargin":null,"operatingProfitMargin":null,"postTaxMargin":null,"debtOnEquity":null,"debtOnAsset":null,"debtOnEbitda":null,"shortOnLongDebt":null,"assetOnEquity":19.2,"capitalBalance":null,"cashOnEquity":null,"cashOnCapitalize":null,"cashCirculation":null,"revenueOnWorkCapital":null,"capexOnFixedAsset":null,"revenueOnAsset":null,"postTaxOnPreTax":null,"ebitOnRevenue":null,"preTaxOnEbit":null,"preProvisionOnToi":0.579,"postTaxOnToi":0.322,"loanOnEarnAsset":0.782,"loanOnAsset":0.758,"loanOnDeposit":1.067,"depositOnEarnAsset":0.733,"badDebtOnAsset":0.012,"liquidityOnLiability":0.252,"payableOnEquity":18.2,"cancelDebt":0.01,"ebitdaOnStockChange":null,"bookValuePerShareChange":0.054,"creditGrowth":0.126}]