[{"ticker":"BID","quarter":2,"year":2024,"revenue":14838,"yearRevenueGrowth":0.095,"quarterRevenueGrowth":0.096,"costOfGoodSold":null,"grossProfit":null,"operationExpense":-6709,"operationProfit":20225,"yearOperationProfitGrowth":0.172,"quarterOperationProfitGrowth":0.178,"interestExpense":null,"preTaxProfit":8159,"postTaxProfit":6528,"shareHolderIncome":6366,"yearShareHolderIncomeGrowth":0.173,"quarterShareHolderIncomeGrowth":0.095,"investProfit":2416,"serviceProfit":1939,"otherProfit":1032,"provisionExpense":-5358,"operationIncome":13516,"ebitda":null},{"ticker":"BID","quarter":1,"year":2024,"revenue":13541,"yearRevenueGrowth":-0.028,"quarterRevenueGrowth":-0.089,"costOfGoodSold":null,"grossProfit":null,"operationExpense":-5393,"operationProfit":17171,"yearOperationProfitGrowth":-0.006,"quarterOperationProfitGrowth":-0.167,"interestExpense":null,"preTaxProfit":7390,"postTaxProfit":5916,"shareHolderIncome":5813,"yearShareHolderIncomeGrowth":0.063,"quarterShareHolderIncomeGrowth":-0.043,"investProfit":1437,"serviceProfit":1693,"otherProfit":500,"provisionExpense":-4389,"operationIncome":11779,"ebitda":null},{"ticker":"BID","quarter":4,"year":2023,"revenue":14869,"yearRevenueGrowth":0.031,"quarterRevenueGrowth":0.079,"costOfGoodSold":null,"grossProfit":null,"operationExpense":-7830,"operationProfit":20602,"yearOperationProfitGrowth":0.173,"quarterOperationProfitGrowth":0.152,"interestExpense":null,"preTaxProfit":7887,"postTaxProfit":6191,"shareHolderIncome":6074,"yearShareHolderIncomeGrowth":0.489,"quarterShareHolderIncomeGrowth":0.325,"investProfit":4792,"serviceProfit":1617,"otherProfit":-676,"provisionExpense":-4885,"operationIncome":12772,"ebitda":null},{"ticker":"BID","quarter":3,"year":2023,"revenue":13783,"yearRevenueGrowth":-0.022,"quarterRevenueGrowth":0.017,"costOfGoodSold":null,"grossProfit":null,"operationExpense":-6044,"operationProfit":17887,"yearOperationProfitGrowth":0.019,"quarterOperationProfitGrowth":0.036,"interestExpense":null,"preTaxProfit":5893,"postTaxProfit":4728,"shareHolderIncome":4583,"yearShareHolderIncomeGrowth":-0.132,"quarterShareHolderIncomeGrowth":-0.155,"investProfit":1598,"serviceProfit":1764,"otherProfit":741,"provisionExpense":-5950,"operationIncome":11842,"ebitda":null},{"ticker":"BID","quarter":2,"year":2023,"revenue":13547,"yearRevenueGrowth":-0.073,"quarterRevenueGrowth":-0.028,"costOfGoodSold":null,"grossProfit":null,"operationExpense":-6374,"operationProfit":17257,"yearOperationProfitGrowth":-0.048,"quarterOperationProfitGrowth":-0.001,"interestExpense":null,"preTaxProfit":6951,"postTaxProfit":5550,"shareHolderIncome":5426,"yearShareHolderIncomeGrowth":0.052,"quarterShareHolderIncomeGrowth":-0.008,"investProfit":1001,"serviceProfit":1674,"otherProfit":1035,"provisionExpense":-3933,"operationIncome":10884,"ebitda":null},{"ticker":"BID","quarter":1,"year":2023,"revenue":13936,"yearRevenueGrowth":0.087,"quarterRevenueGrowth":-0.034,"costOfGoodSold":null,"grossProfit":null,"operationExpense":-4832,"operationProfit":17278,"yearOperationProfitGrowth":0.065,"quarterOperationProfitGrowth":-0.016,"interestExpense":null,"preTaxProfit":6920,"postTaxProfit":5559,"shareHolderIncome":5468,"yearShareHolderIncomeGrowth":0.531,"quarterShareHolderIncomeGrowth":0.341,"investProfit":848,"serviceProfit":1517,"otherProfit":977,"provisionExpense":-5527,"operationIncome":12447,"ebitda":null}]