{"capitalize":286732,"tradeVolume":3397095,"priceToEarning":12.6,"priceToBook":2.1,"valueBeforeEbitda":null,"dividend":0,"roe":0.191,"profitGrowthAvarage":0.242,"ageOfReceivable":null,"ageOfInventory":null,"payableOnEquity":null,"payableOnEbitda":null,"ebitOnInterest":null,"shortOnLongTermPayable":null,"revenue":57031,"operationProfit":75885,"netProfit":22836,"earningPerShare":4006,"asset":2521071,"liability":2386354,"equity":134717,"bookValuePerShare":23633,"profitMargin":0.025,"nonInterestOnToi":0.266,"loanOnDeposit":1.042,"creditGrowth":0.156,"badDebtPercentage":0.015,"provisionOnBadDebt":1.322,"customerCredit":1844886,"betaIndex":null,"ticker":"BID"}