[{"ticker":"AAA","quarter":2,"year":2024,"shortAsset":6153,"cash":2188,"shortInvest":1318,"shortReceivable":1585,"inventory":891,"longAsset":6115,"fixedAsset":1917,"asset":12268,"debt":6106,"shortDebt":2510,"longDebt":547,"equity":6162,"capital":3823,"centralBankDeposit":null,"otherBankDeposit":null,"otherBankLoan":null,"stockInvest":null,"customerLoan":null,"badLoan":null,"provision":null,"netCustomerLoan":null,"otherAsset":null,"otherBankCredit":null,"oweOtherBank":null,"oweCentralBank":null,"valuablePaper":null,"payableInterest":null,"receivableInterest":null,"deposit":null,"otherDebt":107,"fund":null,"unDistributedIncome":0,"minorShareHolderProfit":585,"payable":6106},{"ticker":"AAA","quarter":1,"year":2024,"shortAsset":5505,"cash":2017,"shortInvest":197,"shortReceivable":2530,"inventory":604,"longAsset":6182,"fixedAsset":1965,"asset":11687,"debt":5623,"shortDebt":2383,"longDebt":330,"equity":6064,"capital":3823,"centralBankDeposit":null,"otherBankDeposit":null,"otherBankLoan":null,"stockInvest":null,"customerLoan":null,"badLoan":null,"provision":null,"netCustomerLoan":null,"otherAsset":null,"otherBankCredit":null,"oweOtherBank":null,"oweCentralBank":null,"valuablePaper":null,"payableInterest":null,"receivableInterest":null,"deposit":null,"otherDebt":84,"fund":null,"unDistributedIncome":0,"minorShareHolderProfit":587,"payable":5623},{"ticker":"AAA","quarter":4,"year":2023,"shortAsset":5688,"cash":2435,"shortInvest":1080,"shortReceivable":1233,"inventory":761,"longAsset":5847,"fixedAsset":1947,"asset":11535,"debt":5615,"shortDebt":2625,"longDebt":359,"equity":5920,"capital":3823,"centralBankDeposit":null,"otherBankDeposit":null,"otherBankLoan":null,"stockInvest":null,"customerLoan":null,"badLoan":null,"provision":null,"netCustomerLoan":null,"otherAsset":null,"otherBankCredit":null,"oweOtherBank":null,"oweCentralBank":null,"valuablePaper":null,"payableInterest":null,"receivableInterest":null,"deposit":null,"otherDebt":167,"fund":null,"unDistributedIncome":0,"minorShareHolderProfit":571,"payable":5615},{"ticker":"AAA","quarter":3,"year":2023,"shortAsset":5859,"cash":1690,"shortInvest":1391,"shortReceivable":1922,"inventory":691,"longAsset":5752,"fixedAsset":1998,"asset":11610,"debt":5162,"shortDebt":2055,"longDebt":1099,"equity":6448,"capital":3823,"centralBankDeposit":null,"otherBankDeposit":null,"otherBankLoan":null,"stockInvest":null,"customerLoan":null,"badLoan":null,"provision":null,"netCustomerLoan":null,"otherAsset":null,"otherBankCredit":null,"oweOtherBank":null,"oweCentralBank":null,"valuablePaper":null,"payableInterest":null,"receivableInterest":null,"deposit":null,"otherDebt":258,"fund":null,"unDistributedIncome":0,"minorShareHolderProfit":772,"payable":5162},{"ticker":"AAA","quarter":2,"year":2023,"shortAsset":6040,"cash":1367,"shortInvest":1507,"shortReceivable":1380,"inventory":1559,"longAsset":5190,"fixedAsset":2063,"asset":11230,"debt":4886,"shortDebt":2104,"longDebt":1144,"equity":6344,"capital":3823,"centralBankDeposit":null,"otherBankDeposit":null,"otherBankLoan":null,"stockInvest":null,"customerLoan":null,"badLoan":null,"provision":null,"netCustomerLoan":null,"otherAsset":null,"otherBankCredit":null,"oweOtherBank":null,"oweCentralBank":null,"valuablePaper":null,"payableInterest":null,"receivableInterest":null,"deposit":null,"otherDebt":360,"fund":null,"unDistributedIncome":0,"minorShareHolderProfit":770,"payable":4886},{"ticker":"AAA","quarter":1,"year":2023,"shortAsset":5675,"cash":1827,"shortInvest":697,"shortReceivable":1849,"inventory":1135,"longAsset":5227,"fixedAsset":2018,"asset":10902,"debt":4671,"shortDebt":2166,"longDebt":1229,"equity":6231,"capital":3823,"centralBankDeposit":null,"otherBankDeposit":null,"otherBankLoan":null,"stockInvest":null,"customerLoan":null,"badLoan":null,"provision":null,"netCustomerLoan":null,"otherAsset":null,"otherBankCredit":null,"oweOtherBank":null,"oweCentralBank":null,"valuablePaper":null,"payableInterest":null,"receivableInterest":null,"deposit":null,"otherDebt":222,"fund":null,"unDistributedIncome":0,"minorShareHolderProfit":660,"payable":4671}]