[{"ticker":"AAA","quarter":2,"year":2024,"investCost":-162,"fromInvest":-517,"fromFinancial":337,"fromSale":308,"freeCashFlow":259},{"ticker":"AAA","quarter":1,"year":2024,"investCost":-232,"fromInvest":-310,"fromFinancial":-284,"fromSale":177,"freeCashFlow":240},{"ticker":"AAA","quarter":4,"year":2023,"investCost":-182,"fromInvest":-198,"fromFinancial":-128,"fromSale":1074,"freeCashFlow":-2269},{"ticker":"AAA","quarter":3,"year":2023,"investCost":-376,"fromInvest":-509,"fromFinancial":-85,"fromSale":912,"freeCashFlow":-955},{"ticker":"AAA","quarter":2,"year":2023,"investCost":-5,"fromInvest":-345,"fromFinancial":-227,"fromSale":105,"freeCashFlow":137},{"ticker":"AAA","quarter":1,"year":2023,"investCost":-15,"fromInvest":-546,"fromFinancial":263,"fromSale":469,"freeCashFlow":-217}]