[{"ticker":"AAA","quarter":2,"year":2024,"priceToEarning":7.7,"priceToBook":0.6,"valueBeforeEbitda":6.4,"dividend":null,"roe":0.083,"roa":0.039,"daysReceivable":76,"daysInventory":42,"daysPayable":22,"ebitOnInterest":2.7,"earningPerShare":1212,"bookValuePerShare":14589,"interestMargin":null,"nonInterestOnToi":null,"badDebtPercentage":null,"provisionOnBadDebt":null,"costOfFinancing":null,"equityOnTotalAsset":0.455,"equityOnLoan":null,"costToIncome":null,"equityOnLiability":1,"currentPayment":1.7,"quickPayment":1.5,"epsChange":0.253,"ebitdaOnStock":2037,"grossProfitMargin":0.129,"operatingProfitMargin":0.039,"postTaxMargin":0.049,"debtOnEquity":0.5,"debtOnAsset":0.2,"debtOnEbitda":4,"shortOnLongDebt":4.6,"assetOnEquity":2.2,"capitalBalance":2545,"cashOnEquity":0.355,"cashOnCapitalize":0.614,"cashCirculation":96,"revenueOnWorkCapital":4.8,"capexOnFixedAsset":-0.478,"revenueOnAsset":1,"postTaxOnPreTax":0.8,"ebitOnRevenue":0.039,"preTaxOnEbit":1.6,"preProvisionOnToi":null,"postTaxOnToi":null,"loanOnEarnAsset":null,"loanOnAsset":null,"loanOnDeposit":null,"depositOnEarnAsset":null,"badDebtOnAsset":null,"liquidityOnLiability":null,"payableOnEquity":1,"cancelDebt":null,"ebitdaOnStockChange":0.082,"bookValuePerShareChange":0.018,"creditGrowth":null},{"ticker":"AAA","quarter":1,"year":2024,"priceToEarning":11.6,"priceToBook":0.8,"valueBeforeEbitda":8,"dividend":null,"roe":0.067,"roa":0.033,"daysReceivable":69,"daysInventory":29,"daysPayable":20,"ebitOnInterest":3.9,"earningPerShare":967,"bookValuePerShare":14327,"interestMargin":null,"nonInterestOnToi":null,"badDebtPercentage":null,"provisionOnBadDebt":null,"costOfFinancing":null,"equityOnTotalAsset":0.469,"equityOnLoan":null,"costToIncome":null,"equityOnLiability":1.1,"currentPayment":1.6,"quickPayment":1.4,"epsChange":0.28,"ebitdaOnStock":1883,"grossProfitMargin":0.112,"operatingProfitMargin":0.046,"postTaxMargin":0.045,"debtOnEquity":0.4,"debtOnAsset":0.2,"debtOnEbitda":4.2,"shortOnLongDebt":7.2,"assetOnEquity":2.1,"capitalBalance":2094,"cashOnEquity":0.333,"cashOnCapitalize":0.451,"cashCirculation":78,"revenueOnWorkCapital":5.3,"capexOnFixedAsset":-0.399,"revenueOnAsset":1.1,"postTaxOnPreTax":0.8,"ebitOnRevenue":0.046,"preTaxOnEbit":1.2,"preProvisionOnToi":null,"postTaxOnToi":null,"loanOnEarnAsset":null,"loanOnAsset":null,"loanOnDeposit":null,"depositOnEarnAsset":null,"badDebtOnAsset":null,"liquidityOnLiability":null,"payableOnEquity":0.9,"cancelDebt":null,"ebitdaOnStockChange":0.12,"bookValuePerShareChange":0.024,"creditGrowth":null},{"ticker":"AAA","quarter":4,"year":2023,"priceToEarning":12.5,"priceToBook":0.7,"valueBeforeEbitda":9.3,"dividend":null,"roe":0.053,"roa":0.026,"daysReceivable":63,"daysInventory":40,"daysPayable":22,"ebitOnInterest":1.7,"earningPerShare":755,"bookValuePerShare":13992,"interestMargin":null,"nonInterestOnToi":null,"badDebtPercentage":null,"provisionOnBadDebt":null,"costOfFinancing":null,"equityOnTotalAsset":0.464,"equityOnLoan":null,"costToIncome":null,"equityOnLiability":1.1,"currentPayment":1.5,"quickPayment":1.3,"epsChange":1.964,"ebitdaOnStock":1681,"grossProfitMargin":0.115,"operatingProfitMargin":0.031,"postTaxMargin":0.035,"debtOnEquity":0.5,"debtOnAsset":0.3,"debtOnEbitda":4.8,"shortOnLongDebt":7.3,"assetOnEquity":2.2,"capitalBalance":1941,"cashOnEquity":0.411,"cashOnCapitalize":0.651,"cashCirculation":82,"revenueOnWorkCapital":5.8,"capexOnFixedAsset":-0.287,"revenueOnAsset":1.1,"postTaxOnPreTax":0.9,"ebitOnRevenue":0.031,"preTaxOnEbit":1.3,"preProvisionOnToi":null,"postTaxOnToi":null,"loanOnEarnAsset":null,"loanOnAsset":null,"loanOnDeposit":null,"depositOnEarnAsset":null,"badDebtOnAsset":null,"liquidityOnLiability":null,"payableOnEquity":0.9,"cancelDebt":null,"ebitdaOnStockChange":0.694,"bookValuePerShareChange":-0.058,"creditGrowth":null},{"ticker":"AAA","quarter":3,"year":2023,"priceToEarning":36.6,"priceToBook":0.6,"valueBeforeEbitda":16.4,"dividend":null,"roe":0.017,"roa":0.009,"daysReceivable":75,"daysInventory":42,"daysPayable":22,"ebitOnInterest":2.2,"earningPerShare":255,"bookValuePerShare":14846,"interestMargin":null,"nonInterestOnToi":null,"badDebtPercentage":null,"provisionOnBadDebt":null,"costOfFinancing":null,"equityOnTotalAsset":0.489,"equityOnLoan":null,"costToIncome":null,"equityOnLiability":1.2,"currentPayment":1.8,"quickPayment":1.6,"epsChange":0.245,"ebitdaOnStock":992,"grossProfitMargin":0.091,"operatingProfitMargin":0.029,"postTaxMargin":0.028,"debtOnEquity":0.5,"debtOnAsset":0.3,"debtOnEbitda":8.6,"shortOnLongDebt":1.9,"assetOnEquity":2,"capitalBalance":2652,"cashOnEquity":0.262,"cashOnCapitalize":0.425,"cashCirculation":94,"revenueOnWorkCapital":4.9,"capexOnFixedAsset":-0.209,"revenueOnAsset":1.2,"postTaxOnPreTax":0.8,"ebitOnRevenue":0.029,"preTaxOnEbit":1.3,"preProvisionOnToi":null,"postTaxOnToi":null,"loanOnEarnAsset":null,"loanOnAsset":null,"loanOnDeposit":null,"depositOnEarnAsset":null,"badDebtOnAsset":null,"liquidityOnLiability":null,"payableOnEquity":0.8,"cancelDebt":null,"ebitdaOnStockChange":-0.078,"bookValuePerShareChange":0.018,"creditGrowth":null},{"ticker":"AAA","quarter":2,"year":2023,"priceToEarning":52.7,"priceToBook":0.7,"valueBeforeEbitda":15.3,"dividend":null,"roe":0.015,"roa":0.007,"daysReceivable":59,"daysInventory":52,"daysPayable":25,"ebitOnInterest":1.2,"earningPerShare":204,"bookValuePerShare":14581,"interestMargin":null,"nonInterestOnToi":null,"badDebtPercentage":null,"provisionOnBadDebt":null,"costOfFinancing":null,"equityOnTotalAsset":0.496,"equityOnLoan":null,"costToIncome":null,"equityOnLiability":1.3,"currentPayment":1.7,"quickPayment":1.2,"epsChange":-0.355,"ebitdaOnStock":1076,"grossProfitMargin":0.084,"operatingProfitMargin":0.02,"postTaxMargin":0.015,"debtOnEquity":0.5,"debtOnAsset":0.3,"debtOnEbitda":8.9,"shortOnLongDebt":1.8,"assetOnEquity":2,"capitalBalance":2444,"cashOnEquity":0.216,"cashOnCapitalize":0.428,"cashCirculation":86,"revenueOnWorkCapital":6.2,"capexOnFixedAsset":-0.02,"revenueOnAsset":1.2,"postTaxOnPreTax":0.7,"ebitOnRevenue":0.02,"preTaxOnEbit":1.1,"preProvisionOnToi":null,"postTaxOnToi":null,"loanOnEarnAsset":null,"loanOnAsset":null,"loanOnDeposit":null,"depositOnEarnAsset":null,"badDebtOnAsset":null,"liquidityOnLiability":null,"payableOnEquity":0.8,"cancelDebt":null,"ebitdaOnStockChange":-0.108,"bookValuePerShareChange":0.001,"creditGrowth":null},{"ticker":"AAA","quarter":1,"year":2023,"priceToEarning":29.2,"priceToBook":0.6,"valueBeforeEbitda":16.3,"dividend":null,"roe":0.023,"roa":0.011,"daysReceivable":51,"daysInventory":28,"daysPayable":18,"ebitOnInterest":1.6,"earningPerShare":317,"bookValuePerShare":14572,"interestMargin":null,"nonInterestOnToi":null,"badDebtPercentage":null,"provisionOnBadDebt":null,"costOfFinancing":null,"equityOnTotalAsset":0.511,"equityOnLoan":null,"costToIncome":null,"equityOnLiability":1.3,"currentPayment":1.7,"quickPayment":1.4,"epsChange":-0.22,"ebitdaOnStock":1207,"grossProfitMargin":0.068,"operatingProfitMargin":0.02,"postTaxMargin":0.015,"debtOnEquity":0.5,"debtOnAsset":0.3,"debtOnEbitda":8.1,"shortOnLongDebt":1.8,"assetOnEquity":2,"capitalBalance":2409,"cashOnEquity":0.293,"cashOnCapitalize":0.387,"cashCirculation":61,"revenueOnWorkCapital":7.2,"capexOnFixedAsset":-0.048,"revenueOnAsset":1.4,"postTaxOnPreTax":0.7,"ebitOnRevenue":0.02,"preTaxOnEbit":1.1,"preProvisionOnToi":null,"postTaxOnToi":null,"loanOnEarnAsset":null,"loanOnAsset":null,"loanOnDeposit":null,"depositOnEarnAsset":null,"badDebtOnAsset":null,"liquidityOnLiability":null,"payableOnEquity":0.7,"cancelDebt":null,"ebitdaOnStockChange":-0.111,"bookValuePerShareChange":0.01,"creditGrowth":null}]