[{"ticker":"AAA","quarter":2,"year":2024,"revenue":2782,"yearRevenueGrowth":-0.003,"quarterRevenueGrowth":-0.061,"costOfGoodSold":-2424,"grossProfit":358,"operationExpense":-250,"operationProfit":109,"yearOperationProfitGrowth":0.932,"quarterOperationProfitGrowth":-0.196,"interestExpense":-41,"preTaxProfit":177,"postTaxProfit":138,"shareHolderIncome":136,"yearShareHolderIncomeGrowth":2.214,"quarterShareHolderIncomeGrowth":0.009,"investProfit":null,"serviceProfit":null,"otherProfit":null,"provisionExpense":null,"operationIncome":null,"ebitda":195},{"ticker":"AAA","quarter":1,"year":2024,"revenue":2964,"yearRevenueGrowth":-0.181,"quarterRevenueGrowth":0.104,"costOfGoodSold":-2632,"grossProfit":332,"operationExpense":-197,"operationProfit":135,"yearOperationProfitGrowth":0.912,"quarterOperationProfitGrowth":0.613,"interestExpense":-35,"preTaxProfit":168,"postTaxProfit":144,"shareHolderIncome":135,"yearShareHolderIncomeGrowth":1.499,"quarterShareHolderIncomeGrowth":0.437,"investProfit":null,"serviceProfit":null,"otherProfit":null,"provisionExpense":null,"operationIncome":null,"ebitda":227},{"ticker":"AAA","quarter":4,"year":2023,"revenue":2685,"yearRevenueGrowth":-0.212,"quarterRevenueGrowth":-0.239,"costOfGoodSold":-2375,"grossProfit":309,"operationExpense":-225,"operationProfit":84,"yearOperationProfitGrowth":null,"quarterOperationProfitGrowth":-0.172,"interestExpense":-48,"preTaxProfit":108,"postTaxProfit":92,"shareHolderIncome":94,"yearShareHolderIncomeGrowth":null,"quarterShareHolderIncomeGrowth":-0.053,"investProfit":null,"serviceProfit":null,"otherProfit":null,"provisionExpense":null,"operationIncome":null,"ebitda":173},{"ticker":"AAA","quarter":3,"year":2023,"revenue":3529,"yearRevenueGrowth":0.076,"quarterRevenueGrowth":0.264,"costOfGoodSold":-3209,"grossProfit":320,"operationExpense":-218,"operationProfit":101,"yearOperationProfitGrowth":-0.073,"quarterOperationProfitGrowth":0.8,"interestExpense":-47,"preTaxProfit":127,"postTaxProfit":104,"shareHolderIncome":99,"yearShareHolderIncomeGrowth":0.24,"quarterShareHolderIncomeGrowth":1.343,"investProfit":null,"serviceProfit":null,"otherProfit":null,"provisionExpense":null,"operationIncome":null,"ebitda":184},{"ticker":"AAA","quarter":2,"year":2023,"revenue":2791,"yearRevenueGrowth":-0.39,"quarterRevenueGrowth":-0.228,"costOfGoodSold":-2556,"grossProfit":235,"operationExpense":-179,"operationProfit":56,"yearOperationProfitGrowth":-0.463,"quarterOperationProfitGrowth":-0.204,"interestExpense":-47,"preTaxProfit":64,"postTaxProfit":50,"shareHolderIncome":42,"yearShareHolderIncomeGrowth":-0.505,"quarterShareHolderIncomeGrowth":-0.216,"investProfit":null,"serviceProfit":null,"otherProfit":null,"provisionExpense":null,"operationIncome":null,"ebitda":136},{"ticker":"AAA","quarter":1,"year":2023,"revenue":3617,"yearRevenueGrowth":-0.102,"quarterRevenueGrowth":0.062,"costOfGoodSold":-3371,"grossProfit":246,"operationExpense":-175,"operationProfit":71,"yearOperationProfitGrowth":-0.435,"quarterOperationProfitGrowth":null,"interestExpense":-45,"preTaxProfit":79,"postTaxProfit":64,"shareHolderIncome":54,"yearShareHolderIncomeGrowth":-0.388,"quarterShareHolderIncomeGrowth":null,"investProfit":null,"serviceProfit":null,"otherProfit":null,"provisionExpense":null,"operationIncome":null,"ebitda":150}]