{"priceToEarning":{"top200AvgValue":"17.2","industryName":"Hóa chất","industryAvgValue":"21.6"},"valueBeforeEbitda":{"top200AvgValue":"14.1","industryName":"Hóa chất","industryAvgValue":"17"},"priceToBook":{"top200AvgValue":"1.8","industryName":"Hóa chất","industryAvgValue":"2"},"dividend":{"top200AvgValue":"0","industryName":"Hóa chất","industryAvgValue":"0"},"roe":{"top200AvgValue":"0.105","industryName":"Hóa chất","industryAvgValue":"0.072"},"roa":{"top200AvgValue":"0.038","industryName":"Hóa chất","industryAvgValue":"0.039"},"grossProfitMargin":{"top200AvgValue":"0.28","industryName":"Hóa chất","industryAvgValue":"0.18"},"operatingProfitMargin":{"top200AvgValue":"0.166","industryName":"Hóa chất","industryAvgValue":"0.08"},"postTaxMargin":{"top200AvgValue":"0.143","industryName":"Hóa chất","industryAvgValue":"0.052"},"debtOnEquity":{"top200AvgValue":"1.3","industryName":"Hóa chất","industryAvgValue":"0.6"},"debtOnAsset":{"top200AvgValue":"0.6","industryName":"Hóa chất","industryAvgValue":"0.4"},"debtOnEbitda":{"top200AvgValue":"2.2","industryName":"Hóa chất","industryAvgValue":"1"},"shortOnLongDebt":{"top200AvgValue":"1.1","industryName":"Hóa chất","industryAvgValue":"3.8"},"ebitOnInterest":{"top200AvgValue":"5.6","industryName":"Hóa chất","industryAvgValue":"4.3"},"assetOnEquity":{"top200AvgValue":"2.4","industryName":"Hóa chất","industryAvgValue":"1.6"},"cashOnEquity":{"top200AvgValue":"0.107","industryName":"Hóa chất","industryAvgValue":"0.074"},"cashOnCapitalize":{"top200AvgValue":"0.059","industryName":"Hóa chất","industryAvgValue":"0.081"},"currentPayment":{"top200AvgValue":"1.7","industryName":"Hóa chất","industryAvgValue":"1.8"},"quickPayment":{"top200AvgValue":"1.3","industryName":"Hóa chất","industryAvgValue":"1.2"},"daysReceivable":{"top200AvgValue":"145","industryName":"Hóa chất","industryAvgValue":"91"},"daysInventory":{"top200AvgValue":"73","industryName":"Hóa chất","industryAvgValue":"73"},"daysPayable":{"top200AvgValue":"34","industryName":"Hóa chất","industryAvgValue":"22"},"cashCirculation":{"top200AvgValue":"0.2","industryName":"Hóa chất","industryAvgValue":"0.2"},"revenueOnWorkCapital":{"top200AvgValue":"2.2","industryName":"Hóa chất","industryAvgValue":"3.5"},"revenueOnAsset":{"top200AvgValue":"0.5","industryName":"Hóa chất","industryAvgValue":"0.9"},"ebitOnRevenue":{"top200AvgValue":"0.166","industryName":"Hóa chất","industryAvgValue":"0.08"},"netDebtOnEbitda":{"top200AvgValue":"2.2","industryName":"Hóa chất","industryAvgValue":"1"},"netDebtOnEquity":{"top200AvgValue":"0.5","industryName":"Hóa chất","industryAvgValue":"0.2"},"priceToSales":{"top200AvgValue":"2.3","industryName":"Hóa chất","industryAvgValue":"0.7"}}