{"capitalize":3563,"tradeVolume":1095587,"priceToEarning":7.7,"priceToBook":0.6,"valueBeforeEbitda":6.4,"dividend":0,"roe":0.083,"profitGrowthAvarage":0.099,"ageOfReceivable":76.1,"ageOfInventory":42,"payableOnEquity":1,"payableOnEbitda":4,"ebitOnInterest":2.7,"shortOnLongTermPayable":4.6,"revenue":11960,"operationProfit":429,"netProfit":463,"earningPerShare":1212,"asset":12268,"liability":6106,"equity":6162,"bookValuePerShare":14590,"profitMargin":null,"nonInterestOnToi":null,"loanOnDeposit":null,"creditGrowth":null,"badDebtPercentage":null,"provisionOnBadDebt":null,"customerCredit":null,"betaIndex":null,"ticker":"AAA"}