[{"ticker":"ASM","quarter":2,"year":2024,"shortAsset":11481,"cash":724,"shortInvest":1238,"shortReceivable":5148,"inventory":4310,"longAsset":9151,"fixedAsset":6515,"asset":20632,"debt":12610,"shortDebt":6946,"longDebt":4310,"equity":8022,"capital":3365,"centralBankDeposit":null,"otherBankDeposit":null,"otherBankLoan":null,"stockInvest":null,"customerLoan":null,"badLoan":null,"provision":null,"netCustomerLoan":null,"otherAsset":null,"otherBankCredit":null,"oweOtherBank":null,"oweCentralBank":null,"valuablePaper":null,"payableInterest":null,"receivableInterest":null,"deposit":null,"otherDebt":120,"fund":null,"unDistributedIncome":0,"minorShareHolderProfit":2632,"payable":12610},{"ticker":"ASM","quarter":1,"year":2024,"shortAsset":10999,"cash":657,"shortInvest":1154,"shortReceivable":4687,"inventory":4440,"longAsset":9295,"fixedAsset":6640,"asset":20294,"debt":12386,"shortDebt":6336,"longDebt":4359,"equity":7908,"capital":3365,"centralBankDeposit":null,"otherBankDeposit":null,"otherBankLoan":null,"stockInvest":null,"customerLoan":null,"badLoan":null,"provision":null,"netCustomerLoan":null,"otherAsset":null,"otherBankCredit":null,"oweOtherBank":null,"oweCentralBank":null,"valuablePaper":null,"payableInterest":null,"receivableInterest":null,"deposit":null,"otherDebt":156,"fund":null,"unDistributedIncome":0,"minorShareHolderProfit":2615,"payable":12386},{"ticker":"ASM","quarter":4,"year":2023,"shortAsset":11098,"cash":1365,"shortInvest":982,"shortReceivable":4132,"inventory":4556,"longAsset":9217,"fixedAsset":6560,"asset":20315,"debt":12466,"shortDebt":6202,"longDebt":4580,"equity":7849,"capital":3365,"centralBankDeposit":null,"otherBankDeposit":null,"otherBankLoan":null,"stockInvest":null,"customerLoan":null,"badLoan":null,"provision":null,"netCustomerLoan":null,"otherAsset":null,"otherBankCredit":null,"oweOtherBank":null,"oweCentralBank":null,"valuablePaper":null,"payableInterest":null,"receivableInterest":null,"deposit":null,"otherDebt":112,"fund":null,"unDistributedIncome":0,"minorShareHolderProfit":2590,"payable":12466},{"ticker":"ASM","quarter":3,"year":2023,"shortAsset":10011,"cash":859,"shortInvest":1102,"shortReceivable":4309,"inventory":3660,"longAsset":9403,"fixedAsset":6621,"asset":19414,"debt":11577,"shortDebt":5865,"longDebt":4261,"equity":7837,"capital":3365,"centralBankDeposit":null,"otherBankDeposit":null,"otherBankLoan":null,"stockInvest":null,"customerLoan":null,"badLoan":null,"provision":null,"netCustomerLoan":null,"otherAsset":null,"otherBankCredit":null,"oweOtherBank":null,"oweCentralBank":null,"valuablePaper":null,"payableInterest":null,"receivableInterest":null,"deposit":null,"otherDebt":110,"fund":null,"unDistributedIncome":0,"minorShareHolderProfit":2603,"payable":11577},{"ticker":"ASM","quarter":2,"year":2023,"shortAsset":9770,"cash":325,"shortInvest":1701,"shortReceivable":4193,"inventory":3486,"longAsset":9474,"fixedAsset":6686,"asset":19244,"debt":11465,"shortDebt":5873,"longDebt":4220,"equity":7779,"capital":3365,"centralBankDeposit":null,"otherBankDeposit":null,"otherBankLoan":null,"stockInvest":null,"customerLoan":null,"badLoan":null,"provision":null,"netCustomerLoan":null,"otherAsset":null,"otherBankCredit":null,"oweOtherBank":null,"oweCentralBank":null,"valuablePaper":null,"payableInterest":null,"receivableInterest":null,"deposit":null,"otherDebt":114,"fund":null,"unDistributedIncome":0,"minorShareHolderProfit":2582,"payable":11465},{"ticker":"ASM","quarter":1,"year":2023,"shortAsset":9728,"cash":613,"shortInvest":1440,"shortReceivable":4497,"inventory":3118,"longAsset":9715,"fixedAsset":6769,"asset":19443,"debt":11517,"shortDebt":5611,"longDebt":4436,"equity":7926,"capital":3365,"centralBankDeposit":null,"otherBankDeposit":null,"otherBankLoan":null,"stockInvest":null,"customerLoan":null,"badLoan":null,"provision":null,"netCustomerLoan":null,"otherAsset":null,"otherBankCredit":null,"oweOtherBank":null,"oweCentralBank":null,"valuablePaper":null,"payableInterest":null,"receivableInterest":null,"deposit":null,"otherDebt":110,"fund":null,"unDistributedIncome":0,"minorShareHolderProfit":2636,"payable":11517}]