[{"ticker":"ASM","quarter":2,"year":2024,"investCost":-51,"fromInvest":-187,"fromFinancial":541,"fromSale":-288,"freeCashFlow":645},{"ticker":"ASM","quarter":1,"year":2024,"investCost":-42,"fromInvest":-106,"fromFinancial":-79,"fromSale":-523,"freeCashFlow":1006},{"ticker":"ASM","quarter":4,"year":2023,"investCost":40,"fromInvest":245,"fromFinancial":565,"fromSale":-311,"freeCashFlow":1211},{"ticker":"ASM","quarter":3,"year":2023,"investCost":-148,"fromInvest":377,"fromFinancial":29,"fromSale":128,"freeCashFlow":150},{"ticker":"ASM","quarter":2,"year":2023,"investCost":-59,"fromInvest":-292,"fromFinancial":187,"fromSale":-183,"freeCashFlow":744},{"ticker":"ASM","quarter":1,"year":2023,"investCost":-73,"fromInvest":-316,"fromFinancial":49,"fromSale":32,"freeCashFlow":690}]