{"OriginStock":{"Cumulative_Return_3_Month":-0.056,"Cumulative_Return_6_Month":-0.0721,"Cumulative_Return_12_Month":0.1375,"Volatility_12_Month":0.3368,"SharpeRatio_3_Month":-1.0096,"SharpeRatio_6_Month":-0.6593,"SharpeRatio_12_Month":0.33,"Maximum_Drawdown_12_Month":0.2914},"SimilarStock":[{"correlation":-0.06,"beta":0.243,"pe":20.227,"price_volatility_1_month_compareWith_VNINDEX":0.072,"price_volatility_3_month_compareWith_VNINDEX":0.141,"price_volatility_6_month_compareWith_VNINDEX":0.603,"companyName":"Công ty Cổ phần Hàng Tiêu Dùng MaSan","industryName":"Thực phẩm và đồ uống","exchangeName":"UpCom","ticker":"MCH"},{"correlation":0.225,"beta":0.651,"pe":14.547,"price_volatility_1_month_compareWith_VNINDEX":-0.071,"price_volatility_3_month_compareWith_VNINDEX":0.048,"price_volatility_6_month_compareWith_VNINDEX":0.009,"companyName":"Công ty Cổ phần Sữa Việt Nam","industryName":"Thực phẩm và đồ uống","exchangeName":"HOSE","ticker":"VNM"},{"correlation":0.404,"beta":1.187,"pe":163.936,"price_volatility_1_month_compareWith_VNINDEX":0.058,"price_volatility_3_month_compareWith_VNINDEX":0.107,"price_volatility_6_month_compareWith_VNINDEX":0.126,"companyName":"Công ty Cổ phần Tập đoàn Masan","industryName":"Thực phẩm và đồ uống","exchangeName":"HOSE","ticker":"MSN"},{"correlation":0.376,"beta":0.774,"pe":17.377,"price_volatility_1_month_compareWith_VNINDEX":-0.005,"price_volatility_3_month_compareWith_VNINDEX":0.05,"price_volatility_6_month_compareWith_VNINDEX":0.022,"companyName":"Tổng Công ty Cổ phần Bia - Rượu - Nước Giải khát Sài Gòn","industryName":"Thực phẩm và đồ uống","exchangeName":"HOSE","ticker":"SAB"},{"correlation":0.241,"beta":0.324,"pe":7.647,"price_volatility_1_month_compareWith_VNINDEX":0.027,"price_volatility_3_month_compareWith_VNINDEX":0.013,"price_volatility_6_month_compareWith_VNINDEX":0.023,"companyName":"Công ty Cổ phần Đường Quảng Ngãi","industryName":"Thực phẩm và đồ uống","exchangeName":"UpCom","ticker":"QNS"},{"correlation":0.578,"beta":1.098,"pe":22.632,"price_volatility_1_month_compareWith_VNINDEX":0.025,"price_volatility_3_month_compareWith_VNINDEX":-0.001,"price_volatility_6_month_compareWith_VNINDEX":-0.032,"companyName":"Công ty Cổ phần Vĩnh Hoàn","industryName":"Thực phẩm và đồ uống","exchangeName":"HOSE","ticker":"VHC"},{"correlation":0.31,"beta":0.439,"pe":491.242,"price_volatility_1_month_compareWith_VNINDEX":-0.019,"price_volatility_3_month_compareWith_VNINDEX":-0.072,"price_volatility_6_month_compareWith_VNINDEX":-0.091,"companyName":"Tổng Công ty Lương thực Miền Nam - Công ty Cổ phần","industryName":"Thực phẩm và đồ uống","exchangeName":"UpCom","ticker":"VSF"},{"correlation":0.231,"beta":-0.099,"pe":16.219,"price_volatility_1_month_compareWith_VNINDEX":-0.066,"price_volatility_3_month_compareWith_VNINDEX":-0.032,"price_volatility_6_month_compareWith_VNINDEX":-0.073,"companyName":"Công ty Cổ phần Sữa Quốc tế LOF","industryName":"Thực phẩm và đồ uống","exchangeName":"UpCom","ticker":"IDP"},{"correlation":0.256,"beta":0.268,"pe":-30.726,"price_volatility_1_month_compareWith_VNINDEX":-0.092,"price_volatility_3_month_compareWith_VNINDEX":-0.109,"price_volatility_6_month_compareWith_VNINDEX":-0.262,"companyName":"Công ty Cổ phần Tập đoàn KIDO","industryName":"Thực phẩm và đồ uống","exchangeName":"HOSE","ticker":"KDC"},{"correlation":0.396,"beta":1.15,"pe":6.212,"price_volatility_1_month_compareWith_VNINDEX":-0.007,"price_volatility_3_month_compareWith_VNINDEX":-0.119,"price_volatility_6_month_compareWith_VNINDEX":-0.183,"companyName":"Công ty Cổ phần Hoàng Anh Gia Lai","industryName":"Thực phẩm và đồ uống","exchangeName":"HOSE","ticker":"HAG"}]}