[{"ticker":"ASM","quarter":2,"year":2024,"priceToEarning":16.2,"priceToBook":0.6,"valueBeforeEbitda":13.5,"dividend":null,"roe":0.039,"roa":0.01,"daysReceivable":90,"daysInventory":138,"daysPayable":20,"ebitOnInterest":1.6,"earningPerShare":561,"bookValuePerShare":14562,"interestMargin":null,"nonInterestOnToi":null,"badDebtPercentage":null,"provisionOnBadDebt":null,"costOfFinancing":null,"equityOnTotalAsset":0.261,"equityOnLoan":null,"costToIncome":null,"equityOnLiability":0.6,"currentPayment":1.4,"quickPayment":0.9,"epsChange":0.041,"ebitdaOnStock":3630,"grossProfitMargin":0.117,"operatingProfitMargin":0.08,"postTaxMargin":0.026,"debtOnEquity":1.4,"debtOnAsset":0.5,"debtOnEbitda":8.7,"shortOnLongDebt":1.6,"assetOnEquity":3.8,"capitalBalance":3200,"cashOnEquity":0.09,"cashOnCapitalize":0.215,"cashCirculation":209,"revenueOnWorkCapital":4,"capexOnFixedAsset":-0.03,"revenueOnAsset":0.6,"postTaxOnPreTax":0.7,"ebitOnRevenue":0.08,"preTaxOnEbit":0.5,"preProvisionOnToi":null,"postTaxOnToi":null,"loanOnEarnAsset":null,"loanOnAsset":null,"loanOnDeposit":null,"depositOnEarnAsset":null,"badDebtOnAsset":null,"liquidityOnLiability":null,"payableOnEquity":1.6,"cancelDebt":null,"ebitdaOnStockChange":-0.043,"bookValuePerShareChange":0.018,"creditGrowth":null},{"ticker":"ASM","quarter":1,"year":2024,"priceToEarning":22,"priceToBook":0.8,"valueBeforeEbitda":12.7,"dividend":null,"roe":0.038,"roa":0.01,"daysReceivable":90,"daysInventory":135,"daysPayable":18,"ebitOnInterest":1.4,"earningPerShare":539,"bookValuePerShare":14298,"interestMargin":null,"nonInterestOnToi":null,"badDebtPercentage":null,"provisionOnBadDebt":null,"costOfFinancing":null,"equityOnTotalAsset":0.261,"equityOnLoan":null,"costToIncome":null,"equityOnLiability":0.6,"currentPayment":1.4,"quickPayment":0.8,"epsChange":-0.051,"ebitdaOnStock":3792,"grossProfitMargin":0.126,"operatingProfitMargin":0.08,"postTaxMargin":0.023,"debtOnEquity":1.4,"debtOnAsset":0.5,"debtOnEbitda":8.1,"shortOnLongDebt":1.5,"assetOnEquity":3.8,"capitalBalance":2991,"cashOnEquity":0.083,"cashOnCapitalize":0.185,"cashCirculation":208,"revenueOnWorkCapital":4.1,"capexOnFixedAsset":-0.031,"revenueOnAsset":0.6,"postTaxOnPreTax":0.7,"ebitOnRevenue":0.08,"preTaxOnEbit":0.4,"preProvisionOnToi":null,"postTaxOnToi":null,"loanOnEarnAsset":null,"loanOnAsset":null,"loanOnDeposit":null,"depositOnEarnAsset":null,"badDebtOnAsset":null,"liquidityOnLiability":null,"payableOnEquity":1.6,"cancelDebt":null,"ebitdaOnStockChange":-0.037,"bookValuePerShareChange":0.007,"creditGrowth":null},{"ticker":"ASM","quarter":4,"year":2023,"priceToEarning":16.6,"priceToBook":0.7,"valueBeforeEbitda":11.8,"dividend":null,"roe":0.041,"roa":0.011,"daysReceivable":78,"daysInventory":133,"daysPayable":18,"ebitOnInterest":0.8,"earningPerShare":568,"bookValuePerShare":14205,"interestMargin":null,"nonInterestOnToi":null,"badDebtPercentage":null,"provisionOnBadDebt":null,"costOfFinancing":null,"equityOnTotalAsset":0.259,"equityOnLoan":null,"costToIncome":null,"equityOnLiability":0.6,"currentPayment":1.4,"quickPayment":0.8,"epsChange":-0.118,"ebitdaOnStock":3937,"grossProfitMargin":0.098,"operatingProfitMargin":0.05,"postTaxMargin":0.006,"debtOnEquity":1.4,"debtOnAsset":0.5,"debtOnEbitda":7.8,"shortOnLongDebt":1.4,"assetOnEquity":3.9,"capitalBalance":3230,"cashOnEquity":0.174,"cashOnCapitalize":0.369,"cashCirculation":193,"revenueOnWorkCapital":4.7,"capexOnFixedAsset":-0.036,"revenueOnAsset":0.6,"postTaxOnPreTax":0.5,"ebitOnRevenue":0.05,"preTaxOnEbit":0.2,"preProvisionOnToi":null,"postTaxOnToi":null,"loanOnEarnAsset":null,"loanOnAsset":null,"loanOnDeposit":null,"depositOnEarnAsset":null,"badDebtOnAsset":null,"liquidityOnLiability":null,"payableOnEquity":1.6,"cancelDebt":null,"ebitdaOnStockChange":-0.051,"bookValuePerShareChange":0.005,"creditGrowth":null},{"ticker":"ASM","quarter":3,"year":2023,"priceToEarning":14.2,"priceToBook":0.6,"valueBeforeEbitda":11.1,"dividend":null,"roe":0.045,"roa":0.012,"daysReceivable":69,"daysInventory":110,"daysPayable":23,"ebitOnInterest":1.2,"earningPerShare":644,"bookValuePerShare":14140,"interestMargin":null,"nonInterestOnToi":null,"badDebtPercentage":null,"provisionOnBadDebt":null,"costOfFinancing":null,"equityOnTotalAsset":0.27,"equityOnLoan":null,"costToIncome":null,"equityOnLiability":0.7,"currentPayment":1.4,"quickPayment":0.9,"epsChange":-0.31,"ebitdaOnStock":4147,"grossProfitMargin":0.106,"operatingProfitMargin":0.068,"postTaxMargin":0.016,"debtOnEquity":1.3,"debtOnAsset":0.5,"debtOnEbitda":6.9,"shortOnLongDebt":1.4,"assetOnEquity":3.7,"capitalBalance":2714,"cashOnEquity":0.11,"cashOnCapitalize":0.24,"cashCirculation":157,"revenueOnWorkCapital":5.3,"capexOnFixedAsset":-0.075,"revenueOnAsset":0.6,"postTaxOnPreTax":0.6,"ebitOnRevenue":0.068,"preTaxOnEbit":0.4,"preProvisionOnToi":null,"postTaxOnToi":null,"loanOnEarnAsset":null,"loanOnAsset":null,"loanOnDeposit":null,"depositOnEarnAsset":null,"badDebtOnAsset":null,"liquidityOnLiability":null,"payableOnEquity":1.5,"cancelDebt":null,"ebitdaOnStockChange":-0.077,"bookValuePerShareChange":0.007,"creditGrowth":null},{"ticker":"ASM","quarter":2,"year":2023,"priceToEarning":10.3,"priceToBook":0.7,"valueBeforeEbitda":9.9,"dividend":null,"roe":0.065,"roa":0.018,"daysReceivable":83,"daysInventory":102,"daysPayable":22,"ebitOnInterest":1.3,"earningPerShare":934,"bookValuePerShare":14039,"interestMargin":null,"nonInterestOnToi":null,"badDebtPercentage":null,"provisionOnBadDebt":null,"costOfFinancing":null,"equityOnTotalAsset":0.27,"equityOnLoan":null,"costToIncome":null,"equityOnLiability":0.7,"currentPayment":1.4,"quickPayment":0.9,"epsChange":-0.296,"ebitdaOnStock":4494,"grossProfitMargin":0.119,"operatingProfitMargin":0.087,"postTaxMargin":0.025,"debtOnEquity":1.3,"debtOnAsset":0.5,"debtOnEbitda":6,"shortOnLongDebt":1.4,"assetOnEquity":3.7,"capitalBalance":2544,"cashOnEquity":0.042,"cashOnCapitalize":0.121,"cashCirculation":163,"revenueOnWorkCapital":4.4,"capexOnFixedAsset":-0.199,"revenueOnAsset":0.7,"postTaxOnPreTax":0.7,"ebitOnRevenue":0.087,"preTaxOnEbit":0.4,"preProvisionOnToi":null,"postTaxOnToi":null,"loanOnEarnAsset":null,"loanOnAsset":null,"loanOnDeposit":null,"depositOnEarnAsset":null,"badDebtOnAsset":null,"liquidityOnLiability":null,"payableOnEquity":1.5,"cancelDebt":null,"ebitdaOnStockChange":-0.09,"bookValuePerShareChange":-0.017,"creditGrowth":null},{"ticker":"ASM","quarter":1,"year":2023,"priceToEarning":5.5,"priceToBook":0.5,"valueBeforeEbitda":9.7,"dividend":null,"roe":0.093,"roa":0.026,"daysReceivable":75,"daysInventory":92,"daysPayable":22,"ebitOnInterest":1.4,"earningPerShare":1328,"bookValuePerShare":14288,"interestMargin":null,"nonInterestOnToi":null,"badDebtPercentage":null,"provisionOnBadDebt":null,"costOfFinancing":null,"equityOnTotalAsset":0.272,"equityOnLoan":null,"costToIncome":null,"equityOnLiability":0.7,"currentPayment":1.4,"quickPayment":0.9,"epsChange":-0.221,"ebitdaOnStock":4940,"grossProfitMargin":0.125,"operatingProfitMargin":0.086,"postTaxMargin":0.023,"debtOnEquity":1.3,"debtOnAsset":0.5,"debtOnEbitda":5.5,"shortOnLongDebt":1.3,"assetOnEquity":3.7,"capitalBalance":2667,"cashOnEquity":0.077,"cashOnCapitalize":0.152,"cashCirculation":145,"revenueOnWorkCapital":4.8,"capexOnFixedAsset":-0.197,"revenueOnAsset":0.7,"postTaxOnPreTax":0.7,"ebitOnRevenue":0.086,"preTaxOnEbit":0.4,"preProvisionOnToi":null,"postTaxOnToi":null,"loanOnEarnAsset":null,"loanOnAsset":null,"loanOnDeposit":null,"depositOnEarnAsset":null,"badDebtOnAsset":null,"liquidityOnLiability":null,"payableOnEquity":1.5,"cancelDebt":null,"ebitdaOnStockChange":-0.149,"bookValuePerShareChange":0.055,"creditGrowth":null}]