[{"ticker":"ASM","quarter":2,"year":2024,"revenue":3379,"yearRevenueGrowth":0.038,"quarterRevenueGrowth":0.326,"costOfGoodSold":-2983,"grossProfit":396,"operationExpense":-126,"operationProfit":270,"yearOperationProfitGrowth":-0.041,"quarterOperationProfitGrowth":0.322,"interestExpense":-174,"preTaxProfit":124,"postTaxProfit":106,"shareHolderIncome":88,"yearShareHolderIncomeGrowth":0.103,"quarterShareHolderIncomeGrowth":0.512,"investProfit":null,"serviceProfit":null,"otherProfit":null,"provisionExpense":null,"operationIncome":null,"ebitda":336},{"ticker":"ASM","quarter":1,"year":2024,"revenue":2549,"yearRevenueGrowth":-0.165,"quarterRevenueGrowth":-0.086,"costOfGoodSold":-2228,"grossProfit":321,"operationExpense":-116,"operationProfit":204,"yearOperationProfitGrowth":-0.223,"quarterOperationProfitGrowth":0.463,"interestExpense":-148,"preTaxProfit":85,"postTaxProfit":76,"shareHolderIncome":58,"yearShareHolderIncomeGrowth":-0.156,"quarterShareHolderIncomeGrowth":2.748,"investProfit":null,"serviceProfit":null,"otherProfit":null,"provisionExpense":null,"operationIncome":null,"ebitda":357},{"ticker":"ASM","quarter":4,"year":2023,"revenue":2789,"yearRevenueGrowth":-0.124,"quarterRevenueGrowth":-0.03,"costOfGoodSold":-2515,"grossProfit":274,"operationExpense":-134,"operationProfit":140,"yearOperationProfitGrowth":-0.267,"quarterOperationProfitGrowth":-0.288,"interestExpense":-176,"preTaxProfit":29,"postTaxProfit":16,"shareHolderIncome":16,"yearShareHolderIncomeGrowth":-0.643,"quarterShareHolderIncomeGrowth":-0.656,"investProfit":null,"serviceProfit":null,"otherProfit":null,"provisionExpense":null,"operationIncome":null,"ebitda":240},{"ticker":"ASM","quarter":3,"year":2023,"revenue":2875,"yearRevenueGrowth":-0.14,"quarterRevenueGrowth":-0.117,"costOfGoodSold":-2570,"grossProfit":305,"operationExpense":-108,"operationProfit":196,"yearOperationProfitGrowth":-0.377,"quarterOperationProfitGrowth":-0.303,"interestExpense":-162,"preTaxProfit":76,"postTaxProfit":66,"shareHolderIncome":45,"yearShareHolderIncomeGrowth":-0.703,"quarterShareHolderIncomeGrowth":-0.435,"investProfit":null,"serviceProfit":null,"otherProfit":null,"provisionExpense":null,"operationIncome":null,"ebitda":288},{"ticker":"ASM","quarter":2,"year":2023,"revenue":3255,"yearRevenueGrowth":-0.189,"quarterRevenueGrowth":0.067,"costOfGoodSold":-2867,"grossProfit":387,"operationExpense":-105,"operationProfit":282,"yearOperationProfitGrowth":-0.362,"quarterOperationProfitGrowth":0.071,"interestExpense":-212,"preTaxProfit":119,"postTaxProfit":105,"shareHolderIncome":80,"yearShareHolderIncomeGrowth":-0.645,"quarterShareHolderIncomeGrowth":0.158,"investProfit":null,"serviceProfit":null,"otherProfit":null,"provisionExpense":null,"operationIncome":null,"ebitda":390},{"ticker":"ASM","quarter":1,"year":2023,"revenue":3050,"yearRevenueGrowth":-0.05,"quarterRevenueGrowth":-0.042,"costOfGoodSold":-2671,"grossProfit":380,"operationExpense":-117,"operationProfit":263,"yearOperationProfitGrowth":-0.279,"quarterOperationProfitGrowth":0.38,"interestExpense":-192,"preTaxProfit":95,"postTaxProfit":86,"shareHolderIncome":69,"yearShareHolderIncomeGrowth":-0.668,"quarterShareHolderIncomeGrowth":0.583,"investProfit":null,"serviceProfit":null,"otherProfit":null,"provisionExpense":null,"operationIncome":null,"ebitda":406}]