{"exchange":"HOSE","shortName":"Tập đoàn Sao Mai","industryID":217,"industryIDv2":"3573","industryIdLevel2":"3500","industryIdLevel4":"3573","industry":"Thực phẩm và đồ uống","industryEn":"Food & Beverage","establishedYear":"1997","noEmployees":421,"noShareholders":16005,"foreignPercent":0.124,"website":"http://saomaigroup.com","stockRating":2.1,"deltaInWeek":-0.001,"deltaInMonth":-0.012,"deltaInYear":-0.123,"outstandingShare":370.2,"issueShare":370.2,"companyType":"CT","ticker":"ASM"}