{"capitalize":3372,"tradeVolume":480092,"priceToEarning":16.2,"priceToBook":0.6,"valueBeforeEbitda":13.5,"dividend":0,"roe":0.039,"profitGrowthAvarage":-0.284,"ageOfReceivable":90.4,"ageOfInventory":138.2,"payableOnEquity":1.6,"payableOnEbitda":8.7,"ebitOnInterest":1.6,"shortOnLongTermPayable":1.6,"revenue":11591,"operationProfit":811,"netProfit":208,"earningPerShare":562,"asset":20632,"liability":12610,"equity":8022,"bookValuePerShare":14562,"profitMargin":null,"nonInterestOnToi":null,"loanOnDeposit":null,"creditGrowth":null,"badDebtPercentage":null,"provisionOnBadDebt":null,"customerCredit":null,"betaIndex":null,"ticker":"ASM"}