[{"ticker":"DIG","quarter":2,"year":2024,"shortAsset":16702,"cash":1600,"shortInvest":1375,"shortReceivable":5851,"inventory":7655,"longAsset":1759,"fixedAsset":865,"asset":18461,"debt":10572,"shortDebt":2159,"longDebt":2166,"equity":7889,"capital":6099,"centralBankDeposit":null,"otherBankDeposit":null,"otherBankLoan":null,"stockInvest":null,"customerLoan":null,"badLoan":null,"provision":null,"netCustomerLoan":null,"otherAsset":null,"otherBankCredit":null,"oweOtherBank":null,"oweCentralBank":null,"valuablePaper":null,"payableInterest":null,"receivableInterest":null,"deposit":null,"otherDebt":2908,"fund":null,"unDistributedIncome":0,"minorShareHolderProfit":240,"payable":10572},{"ticker":"DIG","quarter":1,"year":2024,"shortAsset":14848,"cash":1943,"shortInvest":1022,"shortReceivable":4831,"inventory":6784,"longAsset":2918,"fixedAsset":755,"asset":17766,"debt":9993,"shortDebt":1932,"longDebt":2307,"equity":7772,"capital":6099,"centralBankDeposit":null,"otherBankDeposit":null,"otherBankLoan":null,"stockInvest":null,"customerLoan":null,"badLoan":null,"provision":null,"netCustomerLoan":null,"otherAsset":null,"otherBankCredit":null,"oweOtherBank":null,"oweCentralBank":null,"valuablePaper":null,"payableInterest":null,"receivableInterest":null,"deposit":null,"otherDebt":2900,"fund":null,"unDistributedIncome":0,"minorShareHolderProfit":240,"payable":9993},{"ticker":"DIG","quarter":4,"year":2023,"shortAsset":13979,"cash":2307,"shortInvest":197,"shortReceivable":4704,"inventory":6551,"longAsset":2909,"fixedAsset":761,"asset":16888,"debt":8935,"shortDebt":1257,"longDebt":1855,"equity":7954,"capital":6099,"centralBankDeposit":null,"otherBankDeposit":null,"otherBankLoan":null,"stockInvest":null,"customerLoan":null,"badLoan":null,"provision":null,"netCustomerLoan":null,"otherAsset":null,"otherBankCredit":null,"oweOtherBank":null,"oweCentralBank":null,"valuablePaper":null,"payableInterest":null,"receivableInterest":null,"deposit":null,"otherDebt":2812,"fund":null,"unDistributedIncome":0,"minorShareHolderProfit":242,"payable":8935},{"ticker":"DIG","quarter":3,"year":2023,"shortAsset":11202,"cash":210,"shortInvest":193,"shortReceivable":4285,"inventory":6277,"longAsset":2941,"fixedAsset":772,"asset":14143,"debt":6262,"shortDebt":855,"longDebt":1954,"equity":7881,"capital":6099,"centralBankDeposit":null,"otherBankDeposit":null,"otherBankLoan":null,"stockInvest":null,"customerLoan":null,"badLoan":null,"provision":null,"netCustomerLoan":null,"otherAsset":null,"otherBankCredit":null,"oweOtherBank":null,"oweCentralBank":null,"valuablePaper":null,"payableInterest":null,"receivableInterest":null,"deposit":null,"otherDebt":634,"fund":null,"unDistributedIncome":0,"minorShareHolderProfit":248,"payable":6262},{"ticker":"DIG","quarter":2,"year":2023,"shortAsset":11209,"cash":153,"shortInvest":186,"shortReceivable":4360,"inventory":6310,"longAsset":2839,"fixedAsset":694,"asset":14047,"debt":6172,"shortDebt":931,"longDebt":1795,"equity":7875,"capital":6099,"centralBankDeposit":null,"otherBankDeposit":null,"otherBankLoan":null,"stockInvest":null,"customerLoan":null,"badLoan":null,"provision":null,"netCustomerLoan":null,"otherAsset":null,"otherBankCredit":null,"oweOtherBank":null,"oweCentralBank":null,"valuablePaper":null,"payableInterest":null,"receivableInterest":null,"deposit":null,"otherDebt":659,"fund":null,"unDistributedIncome":0,"minorShareHolderProfit":248,"payable":6172},{"ticker":"DIG","quarter":1,"year":2023,"shortAsset":10977,"cash":205,"shortInvest":177,"shortReceivable":4362,"inventory":6037,"longAsset":2849,"fixedAsset":705,"asset":13827,"debt":5960,"shortDebt":791,"longDebt":1973,"equity":7867,"capital":6099,"centralBankDeposit":null,"otherBankDeposit":null,"otherBankLoan":null,"stockInvest":null,"customerLoan":null,"badLoan":null,"provision":null,"netCustomerLoan":null,"otherAsset":null,"otherBankCredit":null,"oweOtherBank":null,"oweCentralBank":null,"valuablePaper":null,"payableInterest":null,"receivableInterest":null,"deposit":null,"otherDebt":652,"fund":null,"unDistributedIncome":0,"minorShareHolderProfit":250,"payable":5960}]