[{"ticker":"DIG","quarter":2,"year":2024,"investCost":-5,"fromInvest":-1055,"fromFinancial":80,"fromSale":632,"freeCashFlow":87},{"ticker":"DIG","quarter":1,"year":2024,"investCost":-5,"fromInvest":-982,"fromFinancial":1121,"fromSale":-504,"freeCashFlow":-28},{"ticker":"DIG","quarter":4,"year":2023,"investCost":-24,"fromInvest":-103,"fromFinancial":351,"fromSale":1850,"freeCashFlow":-2561},{"ticker":"DIG","quarter":3,"year":2023,"investCost":-1,"fromInvest":1182,"fromFinancial":79,"fromSale":-1203,"freeCashFlow":109},{"ticker":"DIG","quarter":2,"year":2023,"investCost":-13,"fromInvest":-1170,"fromFinancial":-36,"fromSale":1153,"freeCashFlow":79},{"ticker":"DIG","quarter":1,"year":2023,"investCost":0,"fromInvest":1143,"fromFinancial":-1108,"fromSale":-75,"freeCashFlow":168}]