[{"ticker":"DIG","quarter":2,"year":2024,"priceToEarning":135.1,"priceToBook":1.6,"valueBeforeEbitda":377.4,"dividend":null,"roe":0.012,"roa":0.006,"daysReceivable":2174,"daysInventory":2485,"daysPayable":81,"ebitOnInterest":8.7,"earningPerShare":150,"bookValuePerShare":12542,"interestMargin":null,"nonInterestOnToi":null,"badDebtPercentage":null,"provisionOnBadDebt":null,"costOfFinancing":null,"equityOnTotalAsset":0.414,"equityOnLoan":null,"costToIncome":null,"equityOnLiability":0.7,"currentPayment":2,"quickPayment":1.1,"epsChange":-4.933,"ebitdaOnStock":67,"grossProfitMargin":0.252,"operatingProfitMargin":0.159,"postTaxMargin":0.198,"debtOnEquity":0.5,"debtOnAsset":0.2,"debtOnEbitda":86.4,"shortOnLongDebt":1,"assetOnEquity":2.4,"capitalBalance":8536,"cashOnEquity":0.203,"cashOnCapitalize":0.129,"cashCirculation":4577,"revenueOnWorkCapital":0.2,"capexOnFixedAsset":-0.045,"revenueOnAsset":0.1,"postTaxOnPreTax":0.9,"ebitOnRevenue":0.159,"preTaxOnEbit":1.4,"preProvisionOnToi":null,"postTaxOnToi":null,"loanOnEarnAsset":null,"loanOnAsset":null,"loanOnDeposit":null,"depositOnEarnAsset":null,"badDebtOnAsset":null,"liquidityOnLiability":null,"payableOnEquity":1.3,"cancelDebt":null,"ebitdaOnStockChange":-1.579,"bookValuePerShareChange":0.015,"creditGrowth":null},{"ticker":"DIG","quarter":1,"year":2024,"priceToEarning":-838.8,"priceToBook":2.6,"valueBeforeEbitda":-246.4,"dividend":null,"roe":-0.003,"roa":-0.001,"daysReceivable":3184,"daysInventory":3431,"daysPayable":89,"ebitOnInterest":-9.7,"earningPerShare":-38,"bookValuePerShare":12351,"interestMargin":null,"nonInterestOnToi":null,"badDebtPercentage":null,"provisionOnBadDebt":null,"costOfFinancing":null,"equityOnTotalAsset":0.424,"equityOnLoan":null,"costToIncome":null,"equityOnLiability":0.8,"currentPayment":2,"quickPayment":1.1,"epsChange":-1.136,"ebitdaOnStock":-116,"grossProfitMargin":null,"operatingProfitMargin":null,"postTaxMargin":null,"debtOnEquity":0.5,"debtOnAsset":0.2,"debtOnEbitda":-49.7,"shortOnLongDebt":0.8,"assetOnEquity":2.4,"capitalBalance":7358,"cashOnEquity":0.25,"cashOnCapitalize":0.131,"cashCirculation":6526,"revenueOnWorkCapital":0.1,"capexOnFixedAsset":-0.06,"revenueOnAsset":0.1,"postTaxOnPreTax":null,"ebitOnRevenue":null,"preTaxOnEbit":1,"preProvisionOnToi":null,"postTaxOnToi":null,"loanOnEarnAsset":null,"loanOnAsset":null,"loanOnDeposit":null,"depositOnEarnAsset":null,"badDebtOnAsset":null,"liquidityOnLiability":null,"payableOnEquity":1.3,"cancelDebt":null,"ebitdaOnStockChange":-2.442,"bookValuePerShareChange":-0.023,"creditGrowth":null},{"ticker":"DIG","quarter":4,"year":2023,"priceToEarning":94.5,"priceToBook":2.1,"valueBeforeEbitda":405.3,"dividend":null,"roe":0.023,"roa":0.011,"daysReceivable":2488,"daysInventory":2900,"daysPayable":125,"ebitOnInterest":2.3,"earningPerShare":283,"bookValuePerShare":12645,"interestMargin":null,"nonInterestOnToi":null,"badDebtPercentage":null,"provisionOnBadDebt":null,"costOfFinancing":null,"equityOnTotalAsset":0.457,"equityOnLoan":null,"costToIncome":null,"equityOnLiability":0.9,"currentPayment":2,"quickPayment":1.1,"epsChange":0.558,"ebitdaOnStock":80,"grossProfitMargin":0.237,"operatingProfitMargin":0.087,"postTaxMargin":0.153,"debtOnEquity":0.4,"debtOnAsset":0.2,"debtOnEbitda":71.2,"shortOnLongDebt":0.7,"assetOnEquity":2.2,"capitalBalance":7064,"cashOnEquity":0.29,"cashOnCapitalize":0.136,"cashCirculation":5263,"revenueOnWorkCapital":0.1,"capexOnFixedAsset":-0.052,"revenueOnAsset":0.1,"postTaxOnPreTax":0.9,"ebitOnRevenue":0.087,"preTaxOnEbit":2,"preProvisionOnToi":null,"postTaxOnToi":null,"loanOnEarnAsset":null,"loanOnAsset":null,"loanOnDeposit":null,"depositOnEarnAsset":null,"badDebtOnAsset":null,"liquidityOnLiability":null,"payableOnEquity":1.1,"cancelDebt":null,"ebitdaOnStockChange":0.143,"bookValuePerShareChange":0.01,"creditGrowth":null},{"ticker":"DIG","quarter":3,"year":2023,"priceToEarning":138.1,"priceToBook":2,"valueBeforeEbitda":447.5,"dividend":null,"roe":0.015,"roa":0.007,"daysReceivable":2898,"daysInventory":2956,"daysPayable":97,"ebitOnInterest":1.3,"earningPerShare":181,"bookValuePerShare":12516,"interestMargin":null,"nonInterestOnToi":null,"badDebtPercentage":null,"provisionOnBadDebt":null,"costOfFinancing":null,"equityOnTotalAsset":0.54,"equityOnLoan":null,"costToIncome":null,"equityOnLiability":1.3,"currentPayment":2.7,"quickPayment":1.2,"epsChange":0.194,"ebitdaOnStock":70,"grossProfitMargin":0.285,"operatingProfitMargin":0.086,"postTaxMargin":0.072,"debtOnEquity":0.4,"debtOnAsset":0.2,"debtOnEbitda":94.9,"shortOnLongDebt":0.4,"assetOnEquity":1.9,"capitalBalance":7061,"cashOnEquity":0.027,"cashOnCapitalize":0.013,"cashCirculation":5758,"revenueOnWorkCapital":0.1,"capexOnFixedAsset":-0.02,"revenueOnAsset":0.1,"postTaxOnPreTax":0.8,"ebitOnRevenue":0.086,"preTaxOnEbit":1.1,"preProvisionOnToi":null,"postTaxOnToi":null,"loanOnEarnAsset":null,"loanOnAsset":null,"loanOnDeposit":null,"depositOnEarnAsset":null,"badDebtOnAsset":null,"liquidityOnLiability":null,"payableOnEquity":0.8,"cancelDebt":null,"ebitdaOnStockChange":-0.436,"bookValuePerShareChange":0.001,"creditGrowth":null},{"ticker":"DIG","quarter":2,"year":2023,"priceToEarning":138.3,"priceToBook":1.7,"valueBeforeEbitda":216.2,"dividend":null,"roe":0.012,"roa":0.006,"daysReceivable":2403,"daysInventory":2431,"daysPayable":71,"ebitOnInterest":-0.2,"earningPerShare":152,"bookValuePerShare":12506,"interestMargin":null,"nonInterestOnToi":null,"badDebtPercentage":null,"provisionOnBadDebt":null,"costOfFinancing":null,"equityOnTotalAsset":0.543,"equityOnLoan":null,"costToIncome":null,"equityOnLiability":1.3,"currentPayment":2.7,"quickPayment":1.2,"epsChange":-0.448,"ebitdaOnStock":124,"grossProfitMargin":0.192,"operatingProfitMargin":null,"postTaxMargin":0.065,"debtOnEquity":0.3,"debtOnAsset":0.2,"debtOnEbitda":56.7,"shortOnLongDebt":0.5,"assetOnEquity":1.8,"capitalBalance":6998,"cashOnEquity":0.019,"cashOnCapitalize":0.013,"cashCirculation":4763,"revenueOnWorkCapital":0.2,"capexOnFixedAsset":-0.018,"revenueOnAsset":0.1,"postTaxOnPreTax":0.6,"ebitOnRevenue":null,"preTaxOnEbit":-1.7,"preProvisionOnToi":null,"postTaxOnToi":null,"loanOnEarnAsset":null,"loanOnAsset":null,"loanOnDeposit":null,"depositOnEarnAsset":null,"badDebtOnAsset":null,"liquidityOnLiability":null,"payableOnEquity":0.8,"cancelDebt":null,"ebitdaOnStockChange":-0.742,"bookValuePerShareChange":0.001,"creditGrowth":null},{"ticker":"DIG","quarter":1,"year":2023,"priceToEarning":49,"priceToBook":1.1,"valueBeforeEbitda":69,"dividend":null,"roe":0.022,"roa":0.011,"daysReceivable":1629,"daysInventory":1705,"daysPayable":35,"ebitOnInterest":0.1,"earningPerShare":275,"bookValuePerShare":12489,"interestMargin":null,"nonInterestOnToi":null,"badDebtPercentage":null,"provisionOnBadDebt":null,"costOfFinancing":null,"equityOnTotalAsset":0.551,"equityOnLoan":null,"costToIncome":null,"equityOnLiability":1.3,"currentPayment":2.9,"quickPayment":1.3,"epsChange":0.101,"ebitdaOnStock":481,"grossProfitMargin":0.215,"operatingProfitMargin":0.007,"postTaxMargin":0.401,"debtOnEquity":0.4,"debtOnAsset":0.2,"debtOnEbitda":15.2,"shortOnLongDebt":0.4,"assetOnEquity":1.8,"capitalBalance":7159,"cashOnEquity":0.026,"cashOnCapitalize":0.013,"cashCirculation":3299,"revenueOnWorkCapital":0.2,"capexOnFixedAsset":-0.04,"revenueOnAsset":0.1,"postTaxOnPreTax":0.8,"ebitOnRevenue":0.007,"preTaxOnEbit":77.7,"preProvisionOnToi":null,"postTaxOnToi":null,"loanOnEarnAsset":null,"loanOnAsset":null,"loanOnDeposit":null,"depositOnEarnAsset":null,"badDebtOnAsset":null,"liquidityOnLiability":null,"payableOnEquity":0.8,"cancelDebt":null,"ebitdaOnStockChange":-0.267,"bookValuePerShareChange":0.01,"creditGrowth":null}]