[{"ticker":"DIG","quarter":2,"year":2024,"revenue":635,"yearRevenueGrowth":2.907,"quarterRevenueGrowth":1298.14,"costOfGoodSold":-475,"grossProfit":160,"operationExpense":-59,"operationProfit":101,"yearOperationProfitGrowth":null,"quarterOperationProfitGrowth":null,"interestExpense":-12,"preTaxProfit":142,"postTaxProfit":125,"shareHolderIncome":126,"yearShareHolderIncomeGrowth":11.01,"quarterShareHolderIncomeGrowth":null,"investProfit":null,"serviceProfit":null,"otherProfit":null,"provisionExpense":null,"operationIncome":null,"ebitda":101},{"ticker":"DIG","quarter":1,"year":2024,"revenue":0,"yearRevenueGrowth":-0.998,"quarterRevenueGrowth":-0.999,"costOfGoodSold":-51,"grossProfit":-51,"operationExpense":-67,"operationProfit":-118,"yearOperationProfitGrowth":null,"quarterOperationProfitGrowth":null,"interestExpense":-12,"preTaxProfit":-121,"postTaxProfit":-121,"shareHolderIncome":-117,"yearShareHolderIncomeGrowth":null,"quarterShareHolderIncomeGrowth":null,"investProfit":null,"serviceProfit":null,"otherProfit":null,"provisionExpense":null,"operationIncome":null,"ebitda":-118},{"ticker":"DIG","quarter":4,"year":2023,"revenue":434,"yearRevenueGrowth":0.11,"quarterRevenueGrowth":0.845,"costOfGoodSold":-331,"grossProfit":103,"operationExpense":-65,"operationProfit":38,"yearOperationProfitGrowth":0.194,"quarterOperationProfitGrowth":0.856,"interestExpense":-16,"preTaxProfit":76,"postTaxProfit":68,"shareHolderIncome":66,"yearShareHolderIncomeGrowth":13.85,"quarterShareHolderIncomeGrowth":2.902,"investProfit":null,"serviceProfit":null,"otherProfit":null,"provisionExpense":null,"operationIncome":null,"ebitda":38},{"ticker":"DIG","quarter":3,"year":2023,"revenue":235,"yearRevenueGrowth":-0.445,"quarterRevenueGrowth":0.448,"costOfGoodSold":-168,"grossProfit":67,"operationExpense":-47,"operationProfit":20,"yearOperationProfitGrowth":-0.563,"quarterOperationProfitGrowth":null,"interestExpense":-15,"preTaxProfit":22,"postTaxProfit":12,"shareHolderIncome":17,"yearShareHolderIncomeGrowth":null,"quarterShareHolderIncomeGrowth":0.62,"investProfit":null,"serviceProfit":null,"otherProfit":null,"provisionExpense":null,"operationIncome":null,"ebitda":20},{"ticker":"DIG","quarter":2,"year":2023,"revenue":162,"yearRevenueGrowth":-0.718,"quarterRevenueGrowth":-0.175,"costOfGoodSold":-131,"grossProfit":31,"operationExpense":-42,"operationProfit":-10,"yearOperationProfitGrowth":null,"quarterOperationProfitGrowth":null,"interestExpense":-45,"preTaxProfit":17,"postTaxProfit":9,"shareHolderIncome":10,"yearShareHolderIncomeGrowth":-0.878,"quarterShareHolderIncomeGrowth":-0.867,"investProfit":null,"serviceProfit":null,"otherProfit":null,"provisionExpense":null,"operationIncome":null,"ebitda":-10},{"ticker":"DIG","quarter":1,"year":2023,"revenue":197,"yearRevenueGrowth":-0.621,"quarterRevenueGrowth":-0.497,"costOfGoodSold":-154,"grossProfit":42,"operationExpense":-41,"operationProfit":1,"yearOperationProfitGrowth":-0.987,"quarterOperationProfitGrowth":-0.959,"interestExpense":-20,"preTaxProfit":101,"postTaxProfit":77,"shareHolderIncome":79,"yearShareHolderIncomeGrowth":0.244,"quarterShareHolderIncomeGrowth":16.669,"investProfit":null,"serviceProfit":null,"otherProfit":null,"provisionExpense":null,"operationIncome":null,"ebitda":1}]