{"capitalize":12441,"tradeVolume":5177925,"priceToEarning":135.1,"priceToBook":1.6,"valueBeforeEbitda":377.4,"dividend":0,"roe":0.012,"profitGrowthAvarage":-0.182,"ageOfReceivable":2173.6,"ageOfInventory":2484.6,"payableOnEquity":1.3,"payableOnEbitda":86.4,"ebitOnInterest":8.7,"shortOnLongTermPayable":1,"revenue":1304,"operationProfit":41,"netProfit":92,"earningPerShare":151,"asset":18461,"liability":10572,"equity":7889,"bookValuePerShare":12543,"profitMargin":null,"nonInterestOnToi":null,"loanOnDeposit":null,"creditGrowth":null,"badDebtPercentage":null,"provisionOnBadDebt":null,"customerCredit":null,"betaIndex":null,"ticker":"DIG"}