[{"ticker":"DPM","quarter":2,"year":2024,"shortAsset":12250,"cash":590,"shortInvest":9114,"shortReceivable":764,"inventory":1403,"longAsset":3488,"fixedAsset":2873,"asset":15738,"debt":3756,"shortDebt":1682,"longDebt":0,"equity":11982,"capital":3914,"centralBankDeposit":null,"otherBankDeposit":null,"otherBankLoan":null,"stockInvest":null,"customerLoan":null,"badLoan":null,"provision":null,"netCustomerLoan":null,"otherAsset":null,"otherBankCredit":null,"oweOtherBank":null,"oweCentralBank":null,"valuablePaper":null,"payableInterest":null,"receivableInterest":null,"deposit":null,"otherDebt":163,"fund":null,"unDistributedIncome":0,"minorShareHolderProfit":182,"payable":3756},{"ticker":"DPM","quarter":1,"year":2024,"shortAsset":10335,"cash":735,"shortInvest":6364,"shortReceivable":849,"inventory":1981,"longAsset":3647,"fixedAsset":2955,"asset":13981,"debt":2176,"shortDebt":57,"longDebt":0,"equity":11805,"capital":3914,"centralBankDeposit":null,"otherBankDeposit":null,"otherBankLoan":null,"stockInvest":null,"customerLoan":null,"badLoan":null,"provision":null,"netCustomerLoan":null,"otherAsset":null,"otherBankCredit":null,"oweOtherBank":null,"oweCentralBank":null,"valuablePaper":null,"payableInterest":null,"receivableInterest":null,"deposit":null,"otherDebt":104,"fund":null,"unDistributedIncome":0,"minorShareHolderProfit":178,"payable":2176},{"ticker":"DPM","quarter":4,"year":2023,"shortAsset":9595,"cash":1242,"shortInvest":5385,"shortReceivable":642,"inventory":1911,"longAsset":3728,"fixedAsset":2988,"asset":13322,"debt":1764,"shortDebt":0,"longDebt":0,"equity":11558,"capital":3914,"centralBankDeposit":null,"otherBankDeposit":null,"otherBankLoan":null,"stockInvest":null,"customerLoan":null,"badLoan":null,"provision":null,"netCustomerLoan":null,"otherAsset":null,"otherBankCredit":null,"oweOtherBank":null,"oweCentralBank":null,"valuablePaper":null,"payableInterest":null,"receivableInterest":null,"deposit":null,"otherDebt":72,"fund":null,"unDistributedIncome":0,"minorShareHolderProfit":175,"payable":1764},{"ticker":"DPM","quarter":3,"year":2023,"shortAsset":10441,"cash":1187,"shortInvest":6100,"shortReceivable":624,"inventory":2205,"longAsset":3835,"fixedAsset":3036,"asset":14275,"debt":2749,"shortDebt":343,"longDebt":304,"equity":11527,"capital":3914,"centralBankDeposit":null,"otherBankDeposit":null,"otherBankLoan":null,"stockInvest":null,"customerLoan":null,"badLoan":null,"provision":null,"netCustomerLoan":null,"otherAsset":null,"otherBankCredit":null,"oweOtherBank":null,"oweCentralBank":null,"valuablePaper":null,"payableInterest":null,"receivableInterest":null,"deposit":null,"otherDebt":115,"fund":null,"unDistributedIncome":0,"minorShareHolderProfit":188,"payable":2749},{"ticker":"DPM","quarter":2,"year":2023,"shortAsset":11275,"cash":1268,"shortInvest":6700,"shortReceivable":600,"inventory":2337,"longAsset":3883,"fixedAsset":3067,"asset":15158,"debt":2471,"shortDebt":237,"longDebt":404,"equity":12687,"capital":3914,"centralBankDeposit":null,"otherBankDeposit":null,"otherBankLoan":null,"stockInvest":null,"customerLoan":null,"badLoan":null,"provision":null,"netCustomerLoan":null,"otherAsset":null,"otherBankCredit":null,"oweOtherBank":null,"oweCentralBank":null,"valuablePaper":null,"payableInterest":null,"receivableInterest":null,"deposit":null,"otherDebt":133,"fund":null,"unDistributedIncome":0,"minorShareHolderProfit":188,"payable":2471},{"ticker":"DPM","quarter":1,"year":2023,"shortAsset":11707,"cash":1879,"shortInvest":5430,"shortReceivable":500,"inventory":3496,"longAsset":4064,"fixedAsset":3156,"asset":15772,"debt":3098,"shortDebt":232,"longDebt":405,"equity":12674,"capital":3914,"centralBankDeposit":null,"otherBankDeposit":null,"otherBankLoan":null,"stockInvest":null,"customerLoan":null,"badLoan":null,"provision":null,"netCustomerLoan":null,"otherAsset":null,"otherBankCredit":null,"oweOtherBank":null,"oweCentralBank":null,"valuablePaper":null,"payableInterest":null,"receivableInterest":null,"deposit":null,"otherDebt":469,"fund":null,"unDistributedIncome":0,"minorShareHolderProfit":188,"payable":3098}]