[{"ticker":"DPM","quarter":2,"year":2024,"investCost":-232,"fromInvest":-2895,"fromFinancial":1625,"fromSale":1125,"freeCashFlow":-281},{"ticker":"DPM","quarter":1,"year":2024,"investCost":-10,"fromInvest":-910,"fromFinancial":57,"fromSale":346,"freeCashFlow":736},{"ticker":"DPM","quarter":4,"year":2023,"investCost":-30,"fromInvest":786,"fromFinancial":-640,"fromSale":-99,"freeCashFlow":-356},{"ticker":"DPM","quarter":3,"year":2023,"investCost":-19,"fromInvest":649,"fromFinancial":-1168,"fromSale":436,"freeCashFlow":1441},{"ticker":"DPM","quarter":2,"year":2023,"investCost":-53,"fromInvest":-1218,"fromFinancial":5,"fromSale":603,"freeCashFlow":2117},{"ticker":"DPM","quarter":1,"year":2023,"investCost":-63,"fromInvest":1532,"fromFinancial":-1635,"fromSale":-102,"freeCashFlow":3899}]