{"OriginStock":{"Cumulative_Return_3_Month":0.0432,"Cumulative_Return_6_Month":0.1598,"Cumulative_Return_12_Month":0.0169,"Volatility_12_Month":0.2965,"SharpeRatio_3_Month":0.6248,"SharpeRatio_6_Month":1.1125,"SharpeRatio_12_Month":-0.0334,"Maximum_Drawdown_12_Month":0.2176},"SimilarStock":[{"correlation":0.668,"beta":1.959,"pe":51.701,"price_volatility_1_month_compareWith_VNINDEX":-0.014,"price_volatility_3_month_compareWith_VNINDEX":-0.005,"price_volatility_6_month_compareWith_VNINDEX":0.174,"companyName":"Tập đoàn Công nghiệp Cao su Việt Nam - Công ty Cổ phần","industryName":"Hóa chất","exchangeName":"HOSE","ticker":"GVR"},{"correlation":0.59,"beta":1.505,"pe":14.363,"price_volatility_1_month_compareWith_VNINDEX":-0.019,"price_volatility_3_month_compareWith_VNINDEX":-0.092,"price_volatility_6_month_compareWith_VNINDEX":-0.051,"companyName":"Công ty Cổ phần Tập đoàn Hóa chất Đức Giang","industryName":"Hóa chất","exchangeName":"HOSE","ticker":"DGC"},{"correlation":0.827,"beta":1.43,"pe":13.064,"price_volatility_1_month_compareWith_VNINDEX":-0.047,"price_volatility_3_month_compareWith_VNINDEX":-0.015,"price_volatility_6_month_compareWith_VNINDEX":0.168,"companyName":"Công ty Cổ phần Phân bón Dầu Khí Cà Mau","industryName":"Hóa chất","exchangeName":"HOSE","ticker":"DCM"},{"correlation":0.578,"beta":1.087,"pe":19.123,"price_volatility_1_month_compareWith_VNINDEX":-0.026,"price_volatility_3_month_compareWith_VNINDEX":-0.022,"price_volatility_6_month_compareWith_VNINDEX":-0.011,"companyName":"Công ty Cổ phần Cao su Phước Hòa","industryName":"Hóa chất","exchangeName":"HOSE","ticker":"PHR"},{"correlation":0.175,"beta":1.684,"pe":18.841,"price_volatility_1_month_compareWith_VNINDEX":-0.094,"price_volatility_3_month_compareWith_VNINDEX":-0.02,"price_volatility_6_month_compareWith_VNINDEX":0.568,"companyName":"Công ty Cổ phần Hóa chất Cơ bản miền Nam","industryName":"Hóa chất","exchangeName":"HOSE","ticker":"CSV"},{"correlation":0.65,"beta":1.467,"pe":14.34,"price_volatility_1_month_compareWith_VNINDEX":0.002,"price_volatility_3_month_compareWith_VNINDEX":-0.012,"price_volatility_6_month_compareWith_VNINDEX":0.083,"companyName":"Công ty Cổ phần Cao su Đồng Phú","industryName":"Hóa chất","exchangeName":"HOSE","ticker":"DPR"},{"correlation":0.574,"beta":1.363,"pe":7.688,"price_volatility_1_month_compareWith_VNINDEX":-0.075,"price_volatility_3_month_compareWith_VNINDEX":-0.217,"price_volatility_6_month_compareWith_VNINDEX":-0.136,"companyName":"Công ty Cổ phần Nhựa An Phát Xanh","industryName":"Hóa chất","exchangeName":"HOSE","ticker":"AAA"},{"correlation":0.196,"beta":0.748,"pe":9.359,"price_volatility_1_month_compareWith_VNINDEX":0.097,"price_volatility_3_month_compareWith_VNINDEX":-0.049,"price_volatility_6_month_compareWith_VNINDEX":0.216,"companyName":"Công ty Cổ phần Khử trùng Việt Nam","industryName":"Hóa chất","exchangeName":"HOSE","ticker":"VFG"},{"correlation":0.602,"beta":1.732,"pe":11.911,"price_volatility_1_month_compareWith_VNINDEX":-0.095,"price_volatility_3_month_compareWith_VNINDEX":-0.1,"price_volatility_6_month_compareWith_VNINDEX":-0.051,"companyName":"Công ty Cổ phần Supe Phốt phát và Hóa chất Lâm Thao","industryName":"Hóa chất","exchangeName":"HNX","ticker":"LAS"},{"correlation":0.396,"beta":1.181,"pe":14.792,"price_volatility_1_month_compareWith_VNINDEX":-0.095,"price_volatility_3_month_compareWith_VNINDEX":-0.225,"price_volatility_6_month_compareWith_VNINDEX":0.081,"companyName":"Công ty Cổ phần DAP - Vinachem","industryName":"Hóa chất","exchangeName":"UpCom","ticker":"DDV"}]}