[{"ticker":"DPM","quarter":2,"year":2024,"priceToEarning":20.2,"priceToBook":1.1,"valueBeforeEbitda":16,"dividend":null,"roe":0.055,"roa":0.043,"daysReceivable":241,"daysInventory":57,"daysPayable":23,"ebitOnInterest":45,"earningPerShare":1703,"bookValuePerShare":30153,"interestMargin":null,"nonInterestOnToi":null,"badDebtPercentage":null,"provisionOnBadDebt":null,"costOfFinancing":null,"equityOnTotalAsset":0.75,"equityOnLoan":null,"costToIncome":null,"equityOnLiability":3.2,"currentPayment":3.6,"quickPayment":3.2,"epsChange":0.242,"ebitdaOnStock":2348,"grossProfitMargin":0.138,"operatingProfitMargin":0.052,"postTaxMargin":0.058,"debtOnEquity":0.1,"debtOnAsset":0.1,"debtOnEbitda":1.3,"shortOnLongDebt":null,"assetOnEquity":1.3,"capitalBalance":8850,"cashOnEquity":0.049,"cashOnCapitalize":0.044,"cashCirculation":275,"revenueOnWorkCapital":1.5,"capexOnFixedAsset":-0.098,"revenueOnAsset":0.9,"postTaxOnPreTax":0.9,"ebitOnRevenue":0.052,"preTaxOnEbit":1.2,"preProvisionOnToi":null,"postTaxOnToi":null,"loanOnEarnAsset":null,"loanOnAsset":null,"loanOnDeposit":null,"depositOnEarnAsset":null,"badDebtOnAsset":null,"liquidityOnLiability":null,"payableOnEquity":0.3,"cancelDebt":null,"ebitdaOnStockChange":0.238,"bookValuePerShareChange":0.015,"creditGrowth":null},{"ticker":"DPM","quarter":1,"year":2024,"priceToEarning":24.7,"priceToBook":1.1,"valueBeforeEbitda":18.3,"dividend":null,"roe":0.045,"roa":0.036,"daysReceivable":237,"daysInventory":84,"daysPayable":23,"ebitOnInterest":3149.2,"earningPerShare":1371,"bookValuePerShare":29711,"interestMargin":null,"nonInterestOnToi":null,"badDebtPercentage":null,"provisionOnBadDebt":null,"costOfFinancing":null,"equityOnTotalAsset":0.832,"equityOnLoan":null,"costToIncome":null,"equityOnLiability":5.4,"currentPayment":5.6,"quickPayment":4.5,"epsChange":0.008,"ebitdaOnStock":1897,"grossProfitMargin":0.182,"operatingProfitMargin":0.09,"postTaxMargin":0.08,"debtOnEquity":0,"debtOnAsset":0,"debtOnEbitda":0.5,"shortOnLongDebt":null,"assetOnEquity":1.2,"capitalBalance":8477,"cashOnEquity":0.062,"cashOnCapitalize":0.052,"cashCirculation":298,"revenueOnWorkCapital":1.5,"capexOnFixedAsset":-0.037,"revenueOnAsset":0.9,"postTaxOnPreTax":0.8,"ebitOnRevenue":0.09,"preTaxOnEbit":1.1,"preProvisionOnToi":null,"postTaxOnToi":null,"loanOnEarnAsset":null,"loanOnAsset":null,"loanOnDeposit":null,"depositOnEarnAsset":null,"badDebtOnAsset":null,"liquidityOnLiability":null,"payableOnEquity":0.2,"cancelDebt":null,"ebitdaOnStockChange":0.054,"bookValuePerShareChange":0.021,"creditGrowth":null},{"ticker":"DPM","quarter":4,"year":2023,"priceToEarning":23.2,"priceToBook":1.1,"valueBeforeEbitda":17.1,"dividend":null,"roe":0.042,"roa":0.034,"daysReceivable":252,"daysInventory":89,"daysPayable":30,"ebitOnInterest":-10.4,"earningPerShare":1361,"bookValuePerShare":29089,"interestMargin":null,"nonInterestOnToi":null,"badDebtPercentage":null,"provisionOnBadDebt":null,"costOfFinancing":null,"equityOnTotalAsset":0.854,"equityOnLoan":null,"costToIncome":null,"equityOnLiability":6.6,"currentPayment":6.5,"quickPayment":5.2,"epsChange":-0.661,"ebitdaOnStock":1799,"grossProfitMargin":0.098,"operatingProfitMargin":null,"postTaxMargin":0.032,"debtOnEquity":0,"debtOnAsset":0,"debtOnEbitda":0.5,"shortOnLongDebt":null,"assetOnEquity":1.2,"capitalBalance":8118,"cashOnEquity":0.107,"cashOnCapitalize":0.1,"cashCirculation":311,"revenueOnWorkCapital":1.4,"capexOnFixedAsset":-0.053,"revenueOnAsset":0.9,"postTaxOnPreTax":0.9,"ebitOnRevenue":null,"preTaxOnEbit":-2.5,"preProvisionOnToi":null,"postTaxOnToi":null,"loanOnEarnAsset":null,"loanOnAsset":null,"loanOnDeposit":null,"depositOnEarnAsset":null,"badDebtOnAsset":null,"liquidityOnLiability":null,"payableOnEquity":0.2,"cancelDebt":null,"ebitdaOnStockChange":-0.63,"bookValuePerShareChange":0.004,"creditGrowth":null},{"ticker":"DPM","quarter":3,"year":2023,"priceToEarning":8.7,"priceToBook":1.2,"valueBeforeEbitda":6.7,"dividend":null,"roe":0.13,"roa":0.101,"daysReceivable":233,"daysInventory":81,"daysPayable":31,"ebitOnInterest":4.4,"earningPerShare":4017,"bookValuePerShare":28974,"interestMargin":null,"nonInterestOnToi":null,"badDebtPercentage":null,"provisionOnBadDebt":null,"costOfFinancing":null,"equityOnTotalAsset":0.794,"equityOnLoan":null,"costToIncome":null,"equityOnLiability":4.2,"currentPayment":4.9,"quickPayment":3.9,"epsChange":-0.373,"ebitdaOnStock":4869,"grossProfitMargin":0.127,"operatingProfitMargin":0.019,"postTaxMargin":0.02,"debtOnEquity":0.1,"debtOnAsset":0,"debtOnEbitda":0.4,"shortOnLongDebt":1.1,"assetOnEquity":1.3,"capitalBalance":8305,"cashOnEquity":0.103,"cashOnCapitalize":0.09,"cashCirculation":282,"revenueOnWorkCapital":1.6,"capexOnFixedAsset":-0.058,"revenueOnAsset":0.9,"postTaxOnPreTax":0.9,"ebitOnRevenue":0.019,"preTaxOnEbit":1.2,"preProvisionOnToi":null,"postTaxOnToi":null,"loanOnEarnAsset":null,"loanOnAsset":null,"loanOnDeposit":null,"depositOnEarnAsset":null,"badDebtOnAsset":null,"liquidityOnLiability":null,"payableOnEquity":0.2,"cancelDebt":null,"ebitdaOnStockChange":-0.366,"bookValuePerShareChange":-0.093,"creditGrowth":null},{"ticker":"DPM","quarter":2,"year":2023,"priceToEarning":4.8,"priceToBook":1,"valueBeforeEbitda":4,"dividend":null,"roe":0.194,"roa":0.154,"daysReceivable":243,"daysInventory":86,"daysPayable":35,"ebitOnInterest":1.9,"earningPerShare":6402,"bookValuePerShare":31939,"interestMargin":null,"nonInterestOnToi":null,"badDebtPercentage":null,"provisionOnBadDebt":null,"costOfFinancing":null,"equityOnTotalAsset":0.825,"equityOnLoan":null,"costToIncome":null,"equityOnLiability":5.1,"currentPayment":6.2,"quickPayment":4.9,"epsChange":-0.329,"ebitdaOnStock":7675,"grossProfitMargin":0.105,"operatingProfitMargin":0.008,"postTaxMargin":0.027,"debtOnEquity":0.1,"debtOnAsset":0,"debtOnEbitda":0.2,"shortOnLongDebt":0.6,"assetOnEquity":1.2,"capitalBalance":9442,"cashOnEquity":0.1,"cashOnCapitalize":0.103,"cashCirculation":294,"revenueOnWorkCapital":1.5,"capexOnFixedAsset":-0.052,"revenueOnAsset":0.9,"postTaxOnPreTax":0.5,"ebitOnRevenue":0.008,"preTaxOnEbit":6.8,"preProvisionOnToi":null,"postTaxOnToi":null,"loanOnEarnAsset":null,"loanOnAsset":null,"loanOnDeposit":null,"depositOnEarnAsset":null,"badDebtOnAsset":null,"liquidityOnLiability":null,"payableOnEquity":0.2,"cancelDebt":null,"ebitdaOnStockChange":-0.345,"bookValuePerShareChange":0.001,"creditGrowth":null},{"ticker":"DPM","quarter":1,"year":2023,"priceToEarning":3.1,"priceToBook":0.9,"valueBeforeEbitda":3.1,"dividend":null,"roe":0.303,"roa":0.236,"daysReceivable":208,"daysInventory":99,"daysPayable":15,"ebitOnInterest":15.3,"earningPerShare":9536,"bookValuePerShare":31904,"interestMargin":null,"nonInterestOnToi":null,"badDebtPercentage":null,"provisionOnBadDebt":null,"costOfFinancing":null,"equityOnTotalAsset":0.792,"equityOnLoan":null,"costToIncome":null,"equityOnLiability":4.1,"currentPayment":4.7,"quickPayment":3.3,"epsChange":-0.332,"ebitdaOnStock":11718,"grossProfitMargin":0.16,"operatingProfitMargin":0.078,"postTaxMargin":0.08,"debtOnEquity":0.1,"debtOnAsset":0,"debtOnEbitda":0.2,"shortOnLongDebt":0.6,"assetOnEquity":1.3,"capitalBalance":9197,"cashOnEquity":0.148,"cashOnCapitalize":0.122,"cashCirculation":292,"revenueOnWorkCapital":1.8,"capexOnFixedAsset":-0.043,"revenueOnAsset":1,"postTaxOnPreTax":0.9,"ebitOnRevenue":0.078,"preTaxOnEbit":1.2,"preProvisionOnToi":null,"postTaxOnToi":null,"loanOnEarnAsset":null,"loanOnAsset":null,"loanOnDeposit":null,"depositOnEarnAsset":null,"badDebtOnAsset":null,"liquidityOnLiability":null,"payableOnEquity":0.2,"cancelDebt":null,"ebitdaOnStockChange":-0.331,"bookValuePerShareChange":-0.099,"creditGrowth":null}]