[{"ticker":"DPM","quarter":2,"year":2024,"revenue":3948,"yearRevenueGrowth":0.065,"quarterRevenueGrowth":0.194,"costOfGoodSold":-3403,"grossProfit":545,"operationExpense":-339,"operationProfit":206,"yearOperationProfitGrowth":5.952,"quarterOperationProfitGrowth":-0.308,"interestExpense":-5,"preTaxProfit":255,"postTaxProfit":236,"shareHolderIncome":231,"yearShareHolderIncomeGrowth":1.286,"quarterShareHolderIncomeGrowth":-0.127,"investProfit":null,"serviceProfit":null,"otherProfit":null,"provisionExpense":null,"operationIncome":null,"ebitda":304},{"ticker":"DPM","quarter":1,"year":2024,"revenue":3307,"yearRevenueGrowth":0.013,"quarterRevenueGrowth":-0.022,"costOfGoodSold":-2706,"grossProfit":602,"operationExpense":-304,"operationProfit":298,"yearOperationProfitGrowth":0.169,"quarterOperationProfitGrowth":null,"interestExpense":0,"preTaxProfit":324,"postTaxProfit":268,"shareHolderIncome":264,"yearShareHolderIncomeGrowth":0.016,"quarterShareHolderIncomeGrowth":1.453,"investProfit":null,"serviceProfit":null,"otherProfit":null,"provisionExpense":null,"operationIncome":null,"ebitda":396},{"ticker":"DPM","quarter":4,"year":2023,"revenue":3382,"yearRevenueGrowth":-0.133,"quarterRevenueGrowth":0.052,"costOfGoodSold":-3050,"grossProfit":332,"operationExpense":-378,"operationProfit":-45,"yearOperationProfitGrowth":null,"quarterOperationProfitGrowth":null,"interestExpense":-4,"preTaxProfit":114,"postTaxProfit":107,"shareHolderIncome":108,"yearShareHolderIncomeGrowth":-0.906,"quarterShareHolderIncomeGrowth":0.682,"investProfit":null,"serviceProfit":null,"otherProfit":null,"provisionExpense":null,"operationIncome":null,"ebitda":58},{"ticker":"DPM","quarter":3,"year":2023,"revenue":3216,"yearRevenueGrowth":-0.172,"quarterRevenueGrowth":-0.133,"costOfGoodSold":-2808,"grossProfit":408,"operationExpense":-346,"operationProfit":62,"yearOperationProfitGrowth":-0.945,"quarterOperationProfitGrowth":1.087,"interestExpense":-14,"preTaxProfit":75,"postTaxProfit":69,"shareHolderIncome":64,"yearShareHolderIncomeGrowth":-0.936,"quarterShareHolderIncomeGrowth":-0.365,"investProfit":null,"serviceProfit":null,"otherProfit":null,"provisionExpense":null,"operationIncome":null,"ebitda":161},{"ticker":"DPM","quarter":2,"year":2023,"revenue":3707,"yearRevenueGrowth":-0.261,"quarterRevenueGrowth":0.136,"costOfGoodSold":-3318,"grossProfit":389,"operationExpense":-359,"operationProfit":30,"yearOperationProfitGrowth":-0.981,"quarterOperationProfitGrowth":-0.884,"interestExpense":-16,"preTaxProfit":201,"postTaxProfit":105,"shareHolderIncome":101,"yearShareHolderIncomeGrowth":-0.924,"quarterShareHolderIncomeGrowth":-0.612,"investProfit":null,"serviceProfit":null,"otherProfit":null,"provisionExpense":null,"operationIncome":null,"ebitda":128},{"ticker":"DPM","quarter":1,"year":2023,"revenue":3265,"yearRevenueGrowth":-0.44,"quarterRevenueGrowth":-0.163,"costOfGoodSold":-2742,"grossProfit":523,"operationExpense":-268,"operationProfit":255,"yearOperationProfitGrowth":-0.898,"quarterOperationProfitGrowth":-0.775,"interestExpense":-17,"preTaxProfit":301,"postTaxProfit":262,"shareHolderIncome":260,"yearShareHolderIncomeGrowth":-0.877,"quarterShareHolderIncomeGrowth":-0.773,"investProfit":null,"serviceProfit":null,"otherProfit":null,"provisionExpense":null,"operationIncome":null,"ebitda":358}]