{"exchange":"HOSE","shortName":"Tổng Công ty Phân bón và Hóa chất Dầu khí","industryID":151,"industryIDv2":"1357","industryIdLevel2":"1300","industryIdLevel4":"1357","industry":"Hóa chất","industryEn":"Chemicals","establishedYear":"2004","noEmployees":1313,"noShareholders":17943,"foreignPercent":0.08,"website":"http://www.dpm.vn","stockRating":2.6,"deltaInWeek":-0.02,"deltaInMonth":-0.06,"deltaInYear":-0.196,"outstandingShare":391.3,"issueShare":391.4,"companyType":"CT","ticker":"DPM"}