{"capitalize":13462,"tradeVolume":1437818,"priceToEarning":20.2,"priceToBook":1.1,"valueBeforeEbitda":16,"dividend":0.063,"roe":0.055,"profitGrowthAvarage":-0.058,"ageOfReceivable":241,"ageOfInventory":57,"payableOnEquity":0.3,"payableOnEbitda":1.3,"ebitOnInterest":45,"shortOnLongTermPayable":null,"revenue":13852,"operationProfit":521,"netProfit":666,"earningPerShare":1703,"asset":15738,"liability":3756,"equity":11982,"bookValuePerShare":30153,"profitMargin":null,"nonInterestOnToi":null,"loanOnDeposit":null,"creditGrowth":null,"badDebtPercentage":null,"provisionOnBadDebt":null,"customerCredit":null,"betaIndex":null,"ticker":"DPM"}