[{"ticker":"CRE","quarter":2,"year":2024,"shortAsset":4933,"cash":102,"shortInvest":143,"shortReceivable":4269,"inventory":411,"longAsset":2183,"fixedAsset":193,"asset":7116,"debt":1480,"shortDebt":788,"longDebt":0,"equity":5636,"capital":4637,"centralBankDeposit":null,"otherBankDeposit":null,"otherBankLoan":null,"stockInvest":null,"customerLoan":null,"badLoan":null,"provision":null,"netCustomerLoan":null,"otherAsset":null,"otherBankCredit":null,"oweOtherBank":null,"oweCentralBank":null,"valuablePaper":null,"payableInterest":null,"receivableInterest":null,"deposit":null,"otherDebt":225,"fund":null,"unDistributedIncome":0,"minorShareHolderProfit":42,"payable":1480},{"ticker":"CRE","quarter":1,"year":2024,"shortAsset":4830,"cash":119,"shortInvest":111,"shortReceivable":4123,"inventory":468,"longAsset":2228,"fixedAsset":204,"asset":7057,"debt":1431,"shortDebt":741,"longDebt":0,"equity":5627,"capital":4637,"centralBankDeposit":null,"otherBankDeposit":null,"otherBankLoan":null,"stockInvest":null,"customerLoan":null,"badLoan":null,"provision":null,"netCustomerLoan":null,"otherAsset":null,"otherBankCredit":null,"oweOtherBank":null,"oweCentralBank":null,"valuablePaper":null,"payableInterest":null,"receivableInterest":null,"deposit":null,"otherDebt":226,"fund":null,"unDistributedIncome":0,"minorShareHolderProfit":47,"payable":1431},{"ticker":"CRE","quarter":4,"year":2023,"shortAsset":4957,"cash":144,"shortInvest":134,"shortReceivable":4102,"inventory":556,"longAsset":2152,"fixedAsset":210,"asset":7108,"debt":1489,"shortDebt":786,"longDebt":1,"equity":5619,"capital":4637,"centralBankDeposit":null,"otherBankDeposit":null,"otherBankLoan":null,"stockInvest":null,"customerLoan":null,"badLoan":null,"provision":null,"netCustomerLoan":null,"otherAsset":null,"otherBankCredit":null,"oweOtherBank":null,"oweCentralBank":null,"valuablePaper":null,"payableInterest":null,"receivableInterest":null,"deposit":null,"otherDebt":251,"fund":null,"unDistributedIncome":0,"minorShareHolderProfit":46,"payable":1489},{"ticker":"CRE","quarter":3,"year":2023,"shortAsset":5015,"cash":93,"shortInvest":154,"shortReceivable":4147,"inventory":584,"longAsset":2206,"fixedAsset":209,"asset":7221,"debt":1611,"shortDebt":816,"longDebt":2,"equity":5610,"capital":4637,"centralBankDeposit":null,"otherBankDeposit":null,"otherBankLoan":null,"stockInvest":null,"customerLoan":null,"badLoan":null,"provision":null,"netCustomerLoan":null,"otherAsset":null,"otherBankCredit":null,"oweOtherBank":null,"oweCentralBank":null,"valuablePaper":null,"payableInterest":null,"receivableInterest":null,"deposit":null,"otherDebt":410,"fund":null,"unDistributedIncome":0,"minorShareHolderProfit":36,"payable":1611},{"ticker":"CRE","quarter":2,"year":2023,"shortAsset":5007,"cash":62,"shortInvest":184,"shortReceivable":4164,"inventory":566,"longAsset":2252,"fixedAsset":212,"asset":7259,"debt":1649,"shortDebt":903,"longDebt":1,"equity":5610,"capital":4637,"centralBankDeposit":null,"otherBankDeposit":null,"otherBankLoan":null,"stockInvest":null,"customerLoan":null,"badLoan":null,"provision":null,"netCustomerLoan":null,"otherAsset":null,"otherBankCredit":null,"oweOtherBank":null,"oweCentralBank":null,"valuablePaper":null,"payableInterest":null,"receivableInterest":null,"deposit":null,"otherDebt":383,"fund":null,"unDistributedIncome":0,"minorShareHolderProfit":31,"payable":1649},{"ticker":"CRE","quarter":1,"year":2023,"shortAsset":5113,"cash":108,"shortInvest":142,"shortReceivable":4287,"inventory":540,"longAsset":2300,"fixedAsset":228,"asset":7414,"debt":1791,"shortDebt":1022,"longDebt":2,"equity":5623,"capital":4637,"centralBankDeposit":null,"otherBankDeposit":null,"otherBankLoan":null,"stockInvest":null,"customerLoan":null,"badLoan":null,"provision":null,"netCustomerLoan":null,"otherAsset":null,"otherBankCredit":null,"oweOtherBank":null,"oweCentralBank":null,"valuablePaper":null,"payableInterest":null,"receivableInterest":null,"deposit":null,"otherDebt":325,"fund":null,"unDistributedIncome":0,"minorShareHolderProfit":34,"payable":1791}]