[{"ticker":"CRE","quarter":2,"year":2024,"investCost":-65,"fromInvest":-81,"fromFinancial":46,"fromSale":17,"freeCashFlow":-34},{"ticker":"CRE","quarter":1,"year":2024,"investCost":0,"fromInvest":45,"fromFinancial":-46,"fromSale":-22,"freeCashFlow":56},{"ticker":"CRE","quarter":4,"year":2023,"investCost":-8,"fromInvest":-5,"fromFinancial":-31,"fromSale":87,"freeCashFlow":-31},{"ticker":"CRE","quarter":3,"year":2023,"investCost":-3,"fromInvest":132,"fromFinancial":-88,"fromSale":-12,"freeCashFlow":-62},{"ticker":"CRE","quarter":2,"year":2023,"investCost":-27,"fromInvest":-35,"fromFinancial":-121,"fromSale":110,"freeCashFlow":-158},{"ticker":"CRE","quarter":1,"year":2023,"investCost":0,"fromInvest":153,"fromFinancial":19,"fromSale":-166,"freeCashFlow":177}]