[{"ticker":"CRE","quarter":2,"year":2024,"priceToEarning":193.7,"priceToBook":0.6,"valueBeforeEbitda":32.1,"dividend":null,"roe":0.003,"roa":0.002,"daysReceivable":964,"daysInventory":167,"daysPayable":44,"ebitOnInterest":1.2,"earningPerShare":35,"bookValuePerShare":12064,"interestMargin":null,"nonInterestOnToi":null,"badDebtPercentage":null,"provisionOnBadDebt":null,"costOfFinancing":null,"equityOnTotalAsset":0.786,"equityOnLoan":null,"costToIncome":null,"equityOnLiability":3.8,"currentPayment":3.5,"quickPayment":3.2,"epsChange":-0.104,"ebitdaOnStock":263,"grossProfitMargin":0.184,"operatingProfitMargin":0.066,"postTaxMargin":0.023,"debtOnEquity":0.1,"debtOnAsset":0.1,"debtOnEbitda":6.9,"shortOnLongDebt":null,"assetOnEquity":1.3,"capitalBalance":3526,"cashOnEquity":0.018,"cashOnCapitalize":0.032,"cashCirculation":1087,"revenueOnWorkCapital":0.4,"capexOnFixedAsset":-0.371,"revenueOnAsset":0.2,"postTaxOnPreTax":0.7,"ebitOnRevenue":0.066,"preTaxOnEbit":0.5,"preProvisionOnToi":null,"postTaxOnToi":null,"loanOnEarnAsset":null,"loanOnAsset":null,"loanOnDeposit":null,"depositOnEarnAsset":null,"badDebtOnAsset":null,"liquidityOnLiability":null,"payableOnEquity":0.3,"cancelDebt":null,"ebitdaOnStockChange":0.014,"bookValuePerShareChange":0.003,"creditGrowth":null},{"ticker":"CRE","quarter":1,"year":2024,"priceToEarning":225.9,"priceToBook":0.7,"valueBeforeEbitda":31.6,"dividend":null,"roe":0.003,"roa":0.003,"daysReceivable":895,"daysInventory":161,"daysPayable":38,"ebitOnInterest":1.9,"earningPerShare":39,"bookValuePerShare":12033,"interestMargin":null,"nonInterestOnToi":null,"badDebtPercentage":null,"provisionOnBadDebt":null,"costOfFinancing":null,"equityOnTotalAsset":0.791,"equityOnLoan":null,"costToIncome":null,"equityOnLiability":3.9,"currentPayment":3.4,"quickPayment":3.1,"epsChange":6.416,"ebitdaOnStock":260,"grossProfitMargin":0.162,"operatingProfitMargin":0.067,"postTaxMargin":0.016,"debtOnEquity":0.1,"debtOnAsset":0.1,"debtOnEbitda":7.3,"shortOnLongDebt":1696.3,"assetOnEquity":1.3,"capitalBalance":3404,"cashOnEquity":0.021,"cashOnCapitalize":0.038,"cashCirculation":1018,"revenueOnWorkCapital":0.4,"capexOnFixedAsset":-0.174,"revenueOnAsset":0.2,"postTaxOnPreTax":0.7,"ebitOnRevenue":0.067,"preTaxOnEbit":0.3,"preProvisionOnToi":null,"postTaxOnToi":null,"loanOnEarnAsset":null,"loanOnAsset":null,"loanOnDeposit":null,"depositOnEarnAsset":null,"badDebtOnAsset":null,"liquidityOnLiability":null,"payableOnEquity":0.3,"cancelDebt":null,"ebitdaOnStockChange":0.605,"bookValuePerShareChange":0.001,"creditGrowth":null},{"ticker":"CRE","quarter":4,"year":2023,"priceToEarning":1604.4,"priceToBook":0.7,"valueBeforeEbitda":60.1,"dividend":null,"roe":0,"roa":0,"daysReceivable":1399,"daysInventory":237,"daysPayable":55,"ebitOnInterest":0.5,"earningPerShare":5,"bookValuePerShare":12019,"interestMargin":null,"nonInterestOnToi":null,"badDebtPercentage":null,"provisionOnBadDebt":null,"costOfFinancing":null,"equityOnTotalAsset":0.784,"equityOnLoan":null,"costToIncome":null,"equityOnLiability":3.8,"currentPayment":3.3,"quickPayment":3,"epsChange":-1.045,"ebitdaOnStock":162,"grossProfitMargin":0.158,"operatingProfitMargin":0.031,"postTaxMargin":0.003,"debtOnEquity":0.1,"debtOnAsset":0.1,"debtOnEbitda":11.9,"shortOnLongDebt":580.1,"assetOnEquity":1.3,"capitalBalance":3473,"cashOnEquity":0.026,"cashOnCapitalize":0.039,"cashCirculation":1581,"revenueOnWorkCapital":0.3,"capexOnFixedAsset":-0.177,"revenueOnAsset":0.1,"postTaxOnPreTax":0.6,"ebitOnRevenue":0.031,"preTaxOnEbit":0.2,"preProvisionOnToi":null,"postTaxOnToi":null,"loanOnEarnAsset":null,"loanOnAsset":null,"loanOnDeposit":null,"depositOnEarnAsset":null,"badDebtOnAsset":null,"liquidityOnLiability":null,"payableOnEquity":0.3,"cancelDebt":null,"ebitdaOnStockChange":-3.335,"bookValuePerShareChange":0,"creditGrowth":null},{"ticker":"CRE","quarter":3,"year":2023,"priceToEarning":-71.1,"priceToBook":0.7,"valueBeforeEbitda":-208.7,"dividend":null,"roe":-0.012,"roa":-0.008,"daysReceivable":1299,"daysInventory":256,"daysPayable":49,"ebitOnInterest":0.3,"earningPerShare":-120,"bookValuePerShare":12020,"interestMargin":null,"nonInterestOnToi":null,"badDebtPercentage":null,"provisionOnBadDebt":null,"costOfFinancing":null,"equityOnTotalAsset":0.772,"equityOnLoan":null,"costToIncome":null,"equityOnLiability":3.5,"currentPayment":3.1,"quickPayment":2.8,"epsChange":0.993,"ebitdaOnStock":-69,"grossProfitMargin":0.276,"operatingProfitMargin":0.05,"postTaxMargin":0.001,"debtOnEquity":0.1,"debtOnAsset":0.1,"debtOnEbitda":-60.9,"shortOnLongDebt":515.3,"assetOnEquity":1.3,"capitalBalance":3417,"cashOnEquity":0.017,"cashOnCapitalize":0.023,"cashCirculation":1506,"revenueOnWorkCapital":0.3,"capexOnFixedAsset":-0.177,"revenueOnAsset":0.1,"postTaxOnPreTax":0.1,"ebitOnRevenue":0.05,"preTaxOnEbit":0.1,"preProvisionOnToi":null,"postTaxOnToi":null,"loanOnEarnAsset":null,"loanOnAsset":null,"loanOnDeposit":null,"depositOnEarnAsset":null,"badDebtOnAsset":null,"liquidityOnLiability":null,"payableOnEquity":0.3,"cancelDebt":null,"ebitdaOnStockChange":-1.494,"bookValuePerShareChange":-0.001,"creditGrowth":null},{"ticker":"CRE","quarter":2,"year":2023,"priceToEarning":-142.4,"priceToBook":0.7,"valueBeforeEbitda":91.1,"dividend":null,"roe":-0.006,"roa":-0.004,"daysReceivable":732,"daysInventory":163,"daysPayable":42,"ebitOnInterest":0.6,"earningPerShare":-60,"bookValuePerShare":12031,"interestMargin":null,"nonInterestOnToi":null,"badDebtPercentage":null,"provisionOnBadDebt":null,"costOfFinancing":null,"equityOnTotalAsset":0.768,"equityOnLoan":null,"costToIncome":null,"equityOnLiability":3.4,"currentPayment":3,"quickPayment":2.7,"epsChange":-1.653,"ebitdaOnStock":140,"grossProfitMargin":0.145,"operatingProfitMargin":0.052,"postTaxMargin":0.024,"debtOnEquity":0.2,"debtOnAsset":0.1,"debtOnEbitda":32.6,"shortOnLongDebt":1007.6,"assetOnEquity":1.3,"capitalBalance":3363,"cashOnEquity":0.011,"cashOnCapitalize":0.018,"cashCirculation":852,"revenueOnWorkCapital":0.5,"capexOnFixedAsset":-0.159,"revenueOnAsset":0.2,"postTaxOnPreTax":0.8,"ebitOnRevenue":0.052,"preTaxOnEbit":0.6,"preProvisionOnToi":null,"postTaxOnToi":null,"loanOnEarnAsset":null,"loanOnAsset":null,"loanOnDeposit":null,"depositOnEarnAsset":null,"badDebtOnAsset":null,"liquidityOnLiability":null,"payableOnEquity":0.3,"cancelDebt":null,"ebitdaOnStockChange":-0.653,"bookValuePerShareChange":-0.002,"creditGrowth":null},{"ticker":"CRE","quarter":1,"year":2023,"priceToEarning":76.2,"priceToBook":0.6,"valueBeforeEbitda":42.6,"dividend":null,"roe":0.009,"roa":0.006,"daysReceivable":595,"daysInventory":155,"daysPayable":32,"ebitOnInterest":-1.2,"earningPerShare":92,"bookValuePerShare":12053,"interestMargin":null,"nonInterestOnToi":null,"badDebtPercentage":null,"provisionOnBadDebt":null,"costOfFinancing":null,"equityOnTotalAsset":0.754,"equityOnLoan":null,"costToIncome":null,"equityOnLiability":3.1,"currentPayment":2.9,"quickPayment":2.6,"epsChange":-0.782,"ebitdaOnStock":404,"grossProfitMargin":0.483,"operatingProfitMargin":null,"postTaxMargin":null,"debtOnEquity":0.2,"debtOnAsset":0.1,"debtOnEbitda":11.1,"shortOnLongDebt":500.4,"assetOnEquity":1.3,"capitalBalance":3327,"cashOnEquity":0.019,"cashOnCapitalize":0.023,"cashCirculation":718,"revenueOnWorkCapital":0.6,"capexOnFixedAsset":-0.13,"revenueOnAsset":0.2,"postTaxOnPreTax":null,"ebitOnRevenue":null,"preTaxOnEbit":0.7,"preProvisionOnToi":null,"postTaxOnToi":null,"loanOnEarnAsset":null,"loanOnAsset":null,"loanOnDeposit":null,"depositOnEarnAsset":null,"badDebtOnAsset":null,"liquidityOnLiability":null,"payableOnEquity":0.3,"cancelDebt":null,"ebitdaOnStockChange":-0.606,"bookValuePerShareChange":0,"creditGrowth":null}]