[{"ticker":"CRE","quarter":2,"year":2024,"revenue":333,"yearRevenueGrowth":-0.171,"quarterRevenueGrowth":-0.325,"costOfGoodSold":-272,"grossProfit":61,"operationExpense":-39,"operationProfit":22,"yearOperationProfitGrowth":0.045,"quarterOperationProfitGrowth":-0.334,"interestExpense":-18,"preTaxProfit":12,"postTaxProfit":8,"shareHolderIncome":8,"yearShareHolderIncomeGrowth":-0.199,"quarterShareHolderIncomeGrowth":-0.008,"investProfit":null,"serviceProfit":null,"otherProfit":null,"provisionExpense":null,"operationIncome":null,"ebitda":34},{"ticker":"CRE","quarter":1,"year":2024,"revenue":494,"yearRevenueGrowth":8.265,"quarterRevenueGrowth":0.493,"costOfGoodSold":-414,"grossProfit":80,"operationExpense":-47,"operationProfit":33,"yearOperationProfitGrowth":null,"quarterOperationProfitGrowth":2.209,"interestExpense":-17,"preTaxProfit":11,"postTaxProfit":8,"shareHolderIncome":8,"yearShareHolderIncomeGrowth":null,"quarterShareHolderIncomeGrowth":6.888,"investProfit":null,"serviceProfit":null,"otherProfit":null,"provisionExpense":null,"operationIncome":null,"ebitda":46},{"ticker":"CRE","quarter":4,"year":2023,"revenue":331,"yearRevenueGrowth":0.891,"quarterRevenueGrowth":1.254,"costOfGoodSold":-278,"grossProfit":52,"operationExpense":-42,"operationProfit":10,"yearOperationProfitGrowth":null,"quarterOperationProfitGrowth":0.392,"interestExpense":-19,"preTaxProfit":2,"postTaxProfit":1,"shareHolderIncome":1,"yearShareHolderIncomeGrowth":null,"quarterShareHolderIncomeGrowth":11.077,"investProfit":null,"serviceProfit":null,"otherProfit":null,"provisionExpense":null,"operationIncome":null,"ebitda":22},{"ticker":"CRE","quarter":3,"year":2023,"revenue":147,"yearRevenueGrowth":-0.806,"quarterRevenueGrowth":-0.635,"costOfGoodSold":-106,"grossProfit":41,"operationExpense":-33,"operationProfit":7,"yearOperationProfitGrowth":-0.903,"quarterOperationProfitGrowth":-0.649,"interestExpense":-22,"preTaxProfit":1,"postTaxProfit":1,"shareHolderIncome":0,"yearShareHolderIncomeGrowth":-0.997,"quarterShareHolderIncomeGrowth":-0.992,"investProfit":null,"serviceProfit":null,"otherProfit":null,"provisionExpense":null,"operationIncome":null,"ebitda":20},{"ticker":"CRE","quarter":2,"year":2023,"revenue":402,"yearRevenueGrowth":-0.35,"quarterRevenueGrowth":6.547,"costOfGoodSold":-344,"grossProfit":58,"operationExpense":-37,"operationProfit":21,"yearOperationProfitGrowth":-0.802,"quarterOperationProfitGrowth":null,"interestExpense":-36,"preTaxProfit":12,"postTaxProfit":10,"shareHolderIncome":10,"yearShareHolderIncomeGrowth":-0.88,"quarterShareHolderIncomeGrowth":null,"investProfit":null,"serviceProfit":null,"otherProfit":null,"provisionExpense":null,"operationIncome":null,"ebitda":33},{"ticker":"CRE","quarter":1,"year":2023,"revenue":53,"yearRevenueGrowth":-0.973,"quarterRevenueGrowth":-0.695,"costOfGoodSold":-28,"grossProfit":26,"operationExpense":-39,"operationProfit":-13,"yearOperationProfitGrowth":null,"quarterOperationProfitGrowth":null,"interestExpense":-11,"preTaxProfit":-9,"postTaxProfit":-9,"shareHolderIncome":-8,"yearShareHolderIncomeGrowth":null,"quarterShareHolderIncomeGrowth":null,"investProfit":null,"serviceProfit":null,"otherProfit":null,"provisionExpense":null,"operationIncome":null,"ebitda":0}]