{"capitalize":3199,"tradeVolume":231839,"priceToEarning":193.7,"priceToBook":0.6,"valueBeforeEbitda":32.1,"dividend":0,"roe":0.003,"profitGrowthAvarage":-0.636,"ageOfReceivable":964.1,"ageOfInventory":166.7,"payableOnEquity":0.3,"payableOnEbitda":6.9,"ebitOnInterest":1.2,"shortOnLongTermPayable":null,"revenue":1304,"operationProfit":73,"netProfit":17,"earningPerShare":36,"asset":7116,"liability":1480,"equity":5636,"bookValuePerShare":12065,"profitMargin":null,"nonInterestOnToi":null,"loanOnDeposit":null,"creditGrowth":null,"badDebtPercentage":null,"provisionOnBadDebt":null,"customerCredit":null,"betaIndex":null,"ticker":"CRE"}