[{"ticker":"GMD","quarter":2,"year":2024,"shortAsset":3901,"cash":1831,"shortInvest":407,"shortReceivable":1252,"inventory":64,"longAsset":10843,"fixedAsset":4146,"asset":14744,"debt":3925,"shortDebt":401,"longDebt":1613,"equity":10818,"capital":3105,"centralBankDeposit":null,"otherBankDeposit":null,"otherBankLoan":null,"stockInvest":null,"customerLoan":null,"badLoan":null,"provision":null,"netCustomerLoan":null,"otherAsset":null,"otherBankCredit":null,"oweOtherBank":null,"oweCentralBank":null,"valuablePaper":null,"payableInterest":null,"receivableInterest":null,"deposit":null,"otherDebt":287,"fund":null,"unDistributedIncome":0,"minorShareHolderProfit":1330,"payable":3925},{"ticker":"GMD","quarter":1,"year":2024,"shortAsset":4160,"cash":1979,"shortInvest":412,"shortReceivable":1395,"inventory":64,"longAsset":10178,"fixedAsset":4114,"asset":14338,"debt":3947,"shortDebt":457,"longDebt":1625,"equity":10391,"capital":3059,"centralBankDeposit":null,"otherBankDeposit":null,"otherBankLoan":null,"stockInvest":null,"customerLoan":null,"badLoan":null,"provision":null,"netCustomerLoan":null,"otherAsset":null,"otherBankCredit":null,"oweOtherBank":null,"oweCentralBank":null,"valuablePaper":null,"payableInterest":null,"receivableInterest":null,"deposit":null,"otherDebt":323,"fund":null,"unDistributedIncome":0,"minorShareHolderProfit":1254,"payable":3947},{"ticker":"GMD","quarter":4,"year":2023,"shortAsset":3401,"cash":1474,"shortInvest":356,"shortReceivable":1212,"inventory":68,"longAsset":10141,"fixedAsset":4169,"asset":13542,"debt":3836,"shortDebt":446,"longDebt":1518,"equity":9707,"capital":3059,"centralBankDeposit":null,"otherBankDeposit":null,"otherBankLoan":null,"stockInvest":null,"customerLoan":null,"badLoan":null,"provision":null,"netCustomerLoan":null,"otherAsset":null,"otherBankCredit":null,"oweOtherBank":null,"oweCentralBank":null,"valuablePaper":null,"payableInterest":null,"receivableInterest":null,"deposit":null,"otherDebt":331,"fund":null,"unDistributedIncome":0,"minorShareHolderProfit":1149,"payable":3836},{"ticker":"GMD","quarter":3,"year":2023,"shortAsset":3153,"cash":1014,"shortInvest":535,"shortReceivable":1246,"inventory":66,"longAsset":10092,"fixedAsset":4026,"asset":13245,"debt":3692,"shortDebt":379,"longDebt":1504,"equity":9553,"capital":3059,"centralBankDeposit":null,"otherBankDeposit":null,"otherBankLoan":null,"stockInvest":null,"customerLoan":null,"badLoan":null,"provision":null,"netCustomerLoan":null,"otherAsset":null,"otherBankCredit":null,"oweOtherBank":null,"oweCentralBank":null,"valuablePaper":null,"payableInterest":null,"receivableInterest":null,"deposit":null,"otherDebt":364,"fund":null,"unDistributedIncome":0,"minorShareHolderProfit":1122,"payable":3692},{"ticker":"GMD","quarter":2,"year":2023,"shortAsset":4011,"cash":1758,"shortInvest":567,"shortReceivable":1334,"inventory":64,"longAsset":10001,"fixedAsset":3857,"asset":14011,"debt":4234,"shortDebt":353,"longDebt":1645,"equity":9777,"capital":3014,"centralBankDeposit":null,"otherBankDeposit":null,"otherBankLoan":null,"stockInvest":null,"customerLoan":null,"badLoan":null,"provision":null,"netCustomerLoan":null,"otherAsset":null,"otherBankCredit":null,"oweOtherBank":null,"oweCentralBank":null,"valuablePaper":null,"payableInterest":null,"receivableInterest":null,"deposit":null,"otherDebt":301,"fund":null,"unDistributedIncome":0,"minorShareHolderProfit":1080,"payable":4234},{"ticker":"GMD","quarter":1,"year":2023,"shortAsset":2383,"cash":1075,"shortInvest":33,"shortReceivable":909,"inventory":79,"longAsset":10883,"fixedAsset":4311,"asset":13266,"debt":5066,"shortDebt":411,"longDebt":1510,"equity":8200,"capital":3014,"centralBankDeposit":null,"otherBankDeposit":null,"otherBankLoan":null,"stockInvest":null,"customerLoan":null,"badLoan":null,"provision":null,"netCustomerLoan":null,"otherAsset":null,"otherBankCredit":null,"oweOtherBank":null,"oweCentralBank":null,"valuablePaper":null,"payableInterest":null,"receivableInterest":null,"deposit":null,"otherDebt":1282,"fund":null,"unDistributedIncome":0,"minorShareHolderProfit":1079,"payable":5066}]