[{"ticker":"GMD","quarter":2,"year":2024,"investCost":-706,"fromInvest":-230,"fromFinancial":-7,"fromSale":90,"freeCashFlow":988},{"ticker":"GMD","quarter":1,"year":2024,"investCost":-96,"fromInvest":120,"fromFinancial":-74,"fromSale":460,"freeCashFlow":2413},{"ticker":"GMD","quarter":4,"year":2023,"investCost":-48,"fromInvest":1219,"fromFinancial":36,"fromSale":-794,"freeCashFlow":2149},{"ticker":"GMD","quarter":3,"year":2023,"investCost":-5,"fromInvest":193,"fromFinancial":-772,"fromSale":-167,"freeCashFlow":2510},{"ticker":"GMD","quarter":2,"year":2023,"investCost":-467,"fromInvest":110,"fromFinancial":44,"fromSale":530,"freeCashFlow":1704},{"ticker":"GMD","quarter":1,"year":2023,"investCost":-548,"fromInvest":-509,"fromFinancial":-124,"fromSale":344,"freeCashFlow":462}]