{"OriginStock":{"Cumulative_Return_3_Month":-0.0783,"Cumulative_Return_6_Month":-0.0667,"Cumulative_Return_12_Month":0.1361,"Volatility_12_Month":0.2561,"SharpeRatio_3_Month":-1.3664,"SharpeRatio_6_Month":-0.7362,"SharpeRatio_12_Month":0.4266,"Maximum_Drawdown_12_Month":0.1515},"SimilarStock":[{"correlation":0.356,"beta":0.509,"pe":24.036,"price_volatility_1_month_compareWith_VNINDEX":0.068,"price_volatility_3_month_compareWith_VNINDEX":0.013,"price_volatility_6_month_compareWith_VNINDEX":0.283,"companyName":"Tổng Công ty Cảng Hàng không Việt Nam - CTCP","industryName":"Hàng & Dịch vụ Công nghiệp","exchangeName":"UpCom","ticker":"ACV"},{"correlation":0.35,"beta":0.276,"pe":9.295,"price_volatility_1_month_compareWith_VNINDEX":-0.003,"price_volatility_3_month_compareWith_VNINDEX":-0.032,"price_volatility_6_month_compareWith_VNINDEX":0.145,"companyName":"Tổng Công ty Máy động lực và Máy nông nghiệp Việt Nam - CTCP","industryName":"Hàng & Dịch vụ Công nghiệp","exchangeName":"UpCom","ticker":"VEA"},{"correlation":0.128,"beta":0.126,"pe":24.209,"price_volatility_1_month_compareWith_VNINDEX":-0.05,"price_volatility_3_month_compareWith_VNINDEX":-0.179,"price_volatility_6_month_compareWith_VNINDEX":0.998,"companyName":"Tổng Công ty Hàng hải Việt Nam - CTCP","industryName":"Hàng & Dịch vụ Công nghiệp","exchangeName":"UpCom","ticker":"MVN"},{"correlation":0.401,"beta":1.555,"pe":16.619,"price_volatility_1_month_compareWith_VNINDEX":-0.035,"price_volatility_3_month_compareWith_VNINDEX":-0.086,"price_volatility_6_month_compareWith_VNINDEX":-0.052,"companyName":"Công ty Cổ phần Tập đoàn Gelex","industryName":"Hàng & Dịch vụ Công nghiệp","exchangeName":"HOSE","ticker":"GEX"},{"correlation":0.458,"beta":1.585,"pe":29.934,"price_volatility_1_month_compareWith_VNINDEX":0.167,"price_volatility_3_month_compareWith_VNINDEX":0.09,"price_volatility_6_month_compareWith_VNINDEX":0.217,"companyName":"Tổng Công ty Cổ phần Bưu chính Viettel","industryName":"Hàng & Dịch vụ Công nghiệp","exchangeName":"HOSE","ticker":"VTP"},{"correlation":-0.028,"beta":0.228,"pe":8.454,"price_volatility_1_month_compareWith_VNINDEX":0.017,"price_volatility_3_month_compareWith_VNINDEX":-0.194,"price_volatility_6_month_compareWith_VNINDEX":0.109,"companyName":"Công ty Cổ phần Điện lực Gelex","industryName":"Hàng & Dịch vụ Công nghiệp","exchangeName":"HOSE","ticker":"GEE"},{"correlation":0.408,"beta":1.162,"pe":9.965,"price_volatility_1_month_compareWith_VNINDEX":0.003,"price_volatility_3_month_compareWith_VNINDEX":-0.036,"price_volatility_6_month_compareWith_VNINDEX":0.066,"companyName":"Tổng Công ty Cổ phần Vận tải Dầu khí","industryName":"Hàng & Dịch vụ Công nghiệp","exchangeName":"HOSE","ticker":"PVT"},{"correlation":0.158,"beta":0.337,"pe":15.939,"price_volatility_1_month_compareWith_VNINDEX":-0.002,"price_volatility_3_month_compareWith_VNINDEX":-0.025,"price_volatility_6_month_compareWith_VNINDEX":0.239,"companyName":"Công ty Cổ phần Cảng Hải Phòng","industryName":"Hàng & Dịch vụ Công nghiệp","exchangeName":"UpCom","ticker":"PHP"},{"correlation":-0.064,"beta":0.217,"pe":32.364,"price_volatility_1_month_compareWith_VNINDEX":-0.035,"price_volatility_3_month_compareWith_VNINDEX":-0.035,"price_volatility_6_month_compareWith_VNINDEX":-0.209,"companyName":"Công ty Cổ phần Transimex","industryName":"Hàng & Dịch vụ Công nghiệp","exchangeName":"HOSE","ticker":"TMS"},{"correlation":0.189,"beta":0.444,"pe":18.617,"price_volatility_1_month_compareWith_VNINDEX":-0.087,"price_volatility_3_month_compareWith_VNINDEX":-0.107,"price_volatility_6_month_compareWith_VNINDEX":0.217,"companyName":"Công ty Cổ phần Cảng Sài Gòn","industryName":"Hàng & Dịch vụ Công nghiệp","exchangeName":"UpCom","ticker":"SGP"}]}