[{"ticker":"GMD","quarter":2,"year":2024,"priceToEarning":17.7,"priceToBook":2.3,"valueBeforeEbitda":15.8,"dividend":null,"roe":0.138,"roa":0.088,"daysReceivable":164,"daysInventory":10,"daysPayable":95,"ebitOnInterest":8.1,"earningPerShare":4054,"bookValuePerShare":30558,"interestMargin":null,"nonInterestOnToi":null,"badDebtPercentage":null,"provisionOnBadDebt":null,"costOfFinancing":null,"equityOnTotalAsset":0.644,"equityOnLoan":null,"costToIncome":null,"equityOnLiability":2.8,"currentPayment":2,"quickPayment":2,"epsChange":-0.512,"ebitdaOnStock":4928,"grossProfitMargin":0.444,"operatingProfitMargin":0.257,"postTaxMargin":0.287,"debtOnEquity":0.2,"debtOnAsset":0.1,"debtOnEbitda":1.3,"shortOnLongDebt":0.2,"assetOnEquity":1.6,"capitalBalance":1970,"cashOnEquity":0.169,"cashOnCapitalize":0.082,"cashCirculation":80,"revenueOnWorkCapital":2.2,"capexOnFixedAsset":-0.214,"revenueOnAsset":0.3,"postTaxOnPreTax":0.6,"ebitOnRevenue":0.257,"preTaxOnEbit":1.8,"preProvisionOnToi":null,"postTaxOnToi":null,"loanOnEarnAsset":null,"loanOnAsset":null,"loanOnDeposit":null,"depositOnEarnAsset":null,"badDebtOnAsset":null,"liquidityOnLiability":null,"payableOnEquity":0.4,"cancelDebt":null,"ebitdaOnStockChange":-0.001,"bookValuePerShareChange":0.038,"creditGrowth":null},{"ticker":"GMD","quarter":1,"year":2024,"priceToEarning":9.3,"priceToBook":2.6,"valueBeforeEbitda":17.3,"dividend":null,"roe":0.317,"roa":0.187,"daysReceivable":66,"daysInventory":12,"daysPayable":129,"ebitOnInterest":8.1,"earningPerShare":8305,"bookValuePerShare":29428,"interestMargin":null,"nonInterestOnToi":null,"badDebtPercentage":null,"provisionOnBadDebt":null,"costOfFinancing":null,"equityOnTotalAsset":0.637,"equityOnLoan":null,"costToIncome":null,"equityOnLiability":2.6,"currentPayment":2.1,"quickPayment":2.1,"epsChange":0.161,"ebitdaOnStock":4935,"grossProfitMargin":0.438,"operatingProfitMargin":0.29,"postTaxMargin":0.556,"debtOnEquity":0.2,"debtOnAsset":0.1,"debtOnEbitda":1.3,"shortOnLongDebt":0.3,"assetOnEquity":1.6,"capitalBalance":2218,"cashOnEquity":0.19,"cashOnCapitalize":0.081,"cashCirculation":-51,"revenueOnWorkCapital":5.5,"capexOnFixedAsset":-0.146,"revenueOnAsset":0.3,"postTaxOnPreTax":0.8,"ebitOnRevenue":0.29,"preTaxOnEbit":2.4,"preProvisionOnToi":null,"postTaxOnToi":null,"loanOnEarnAsset":null,"loanOnAsset":null,"loanOnDeposit":null,"depositOnEarnAsset":null,"badDebtOnAsset":null,"liquidityOnLiability":null,"payableOnEquity":0.4,"cancelDebt":null,"ebitdaOnStockChange":-0.008,"bookValuePerShareChange":0.068,"creditGrowth":null},{"ticker":"GMD","quarter":4,"year":2023,"priceToEarning":9.6,"priceToBook":2.5,"valueBeforeEbitda":18.6,"dividend":null,"roe":0.287,"roa":0.166,"daysReceivable":39,"daysInventory":13,"daysPayable":120,"ebitOnInterest":4,"earningPerShare":7155,"bookValuePerShare":27562,"interestMargin":null,"nonInterestOnToi":null,"badDebtPercentage":null,"provisionOnBadDebt":null,"costOfFinancing":null,"equityOnTotalAsset":0.632,"equityOnLoan":null,"costToIncome":null,"equityOnLiability":2.5,"currentPayment":1.8,"quickPayment":1.7,"epsChange":-0.032,"ebitdaOnStock":4976,"grossProfitMargin":0.412,"operatingProfitMargin":0.145,"postTaxMargin":0.111,"debtOnEquity":0.2,"debtOnAsset":0.1,"debtOnEbitda":1.3,"shortOnLongDebt":0.3,"assetOnEquity":1.6,"capitalBalance":1464,"cashOnEquity":0.152,"cashOnCapitalize":0.056,"cashCirculation":-68,"revenueOnWorkCapital":9.4,"capexOnFixedAsset":-0.287,"revenueOnAsset":0.3,"postTaxOnPreTax":0.5,"ebitOnRevenue":0.145,"preTaxOnEbit":1.7,"preProvisionOnToi":null,"postTaxOnToi":null,"loanOnEarnAsset":null,"loanOnAsset":null,"loanOnDeposit":null,"depositOnEarnAsset":null,"badDebtOnAsset":null,"liquidityOnLiability":null,"payableOnEquity":0.4,"cancelDebt":null,"ebitdaOnStockChange":-0.066,"bookValuePerShareChange":0.015,"creditGrowth":null},{"ticker":"GMD","quarter":3,"year":2023,"priceToEarning":8.7,"priceToBook":2.4,"valueBeforeEbitda":14.4,"dividend":null,"roe":0.295,"roa":0.184,"daysReceivable":68,"daysInventory":13,"daysPayable":83,"ebitOnInterest":8.7,"earningPerShare":7393,"bookValuePerShare":27152,"interestMargin":null,"nonInterestOnToi":null,"badDebtPercentage":null,"provisionOnBadDebt":null,"costOfFinancing":null,"equityOnTotalAsset":0.637,"equityOnLoan":null,"costToIncome":null,"equityOnLiability":2.6,"currentPayment":1.7,"quickPayment":1.7,"epsChange":0.004,"ebitdaOnStock":5329,"grossProfitMargin":0.466,"operatingProfitMargin":0.364,"postTaxMargin":0.255,"debtOnEquity":0.2,"debtOnAsset":0.1,"debtOnEbitda":1.2,"shortOnLongDebt":0.3,"assetOnEquity":1.6,"capitalBalance":1347,"cashOnEquity":0.106,"cashOnCapitalize":0.048,"cashCirculation":-2,"revenueOnWorkCapital":5.4,"capexOnFixedAsset":-0.424,"revenueOnAsset":0.3,"postTaxOnPreTax":0.6,"ebitOnRevenue":0.364,"preTaxOnEbit":1.1,"preProvisionOnToi":null,"postTaxOnToi":null,"loanOnEarnAsset":null,"loanOnAsset":null,"loanOnDeposit":null,"depositOnEarnAsset":null,"badDebtOnAsset":null,"liquidityOnLiability":null,"payableOnEquity":0.4,"cancelDebt":null,"ebitdaOnStockChange":0.049,"bookValuePerShareChange":-0.031,"creditGrowth":null},{"ticker":"GMD","quarter":2,"year":2023,"priceToEarning":6.7,"priceToBook":1.7,"valueBeforeEbitda":12.9,"dividend":null,"roe":0.294,"roa":0.18,"daysReceivable":84,"daysInventory":13,"daysPayable":76,"ebitOnInterest":16,"earningPerShare":7360,"bookValuePerShare":28012,"interestMargin":null,"nonInterestOnToi":null,"badDebtPercentage":null,"provisionOnBadDebt":null,"costOfFinancing":null,"equityOnTotalAsset":0.621,"equityOnLoan":null,"costToIncome":null,"equityOnLiability":2.3,"currentPayment":1.8,"quickPayment":1.8,"epsChange":1.475,"ebitdaOnStock":5081,"grossProfitMargin":0.504,"operatingProfitMargin":0.333,"postTaxMargin":1.809,"debtOnEquity":0.2,"debtOnAsset":0.1,"debtOnEbitda":1.3,"shortOnLongDebt":0.2,"assetOnEquity":1.6,"capitalBalance":1798,"cashOnEquity":0.18,"cashOnCapitalize":0.095,"cashCirculation":21,"revenueOnWorkCapital":4.3,"capexOnFixedAsset":-0.524,"revenueOnAsset":0.3,"postTaxOnPreTax":0.8,"ebitOnRevenue":0.333,"preTaxOnEbit":7.2,"preProvisionOnToi":null,"postTaxOnToi":null,"loanOnEarnAsset":null,"loanOnAsset":null,"loanOnDeposit":null,"depositOnEarnAsset":null,"badDebtOnAsset":null,"liquidityOnLiability":null,"payableOnEquity":0.4,"cancelDebt":null,"ebitdaOnStockChange":-0.013,"bookValuePerShareChange":0.221,"creditGrowth":null},{"ticker":"GMD","quarter":1,"year":2023,"priceToEarning":16.4,"priceToBook":2.1,"valueBeforeEbitda":12.5,"dividend":null,"roe":0.135,"roa":0.076,"daysReceivable":-58,"daysInventory":13,"daysPayable":110,"ebitOnInterest":8.2,"earningPerShare":2974,"bookValuePerShare":22933,"interestMargin":null,"nonInterestOnToi":null,"badDebtPercentage":null,"provisionOnBadDebt":null,"costOfFinancing":null,"equityOnTotalAsset":0.537,"equityOnLoan":null,"costToIncome":null,"equityOnLiability":1.6,"currentPayment":0.8,"quickPayment":0.7,"epsChange":-0.072,"ebitdaOnStock":5147,"grossProfitMargin":0.473,"operatingProfitMargin":0.333,"postTaxMargin":0.224,"debtOnEquity":0.2,"debtOnAsset":0.1,"debtOnEbitda":1.2,"shortOnLongDebt":0.3,"assetOnEquity":1.9,"capitalBalance":-792,"cashOnEquity":0.131,"cashOnCapitalize":0.062,"cashCirculation":-155,"revenueOnWorkCapital":null,"capexOnFixedAsset":-0.473,"revenueOnAsset":0.3,"postTaxOnPreTax":0.7,"ebitOnRevenue":0.333,"preTaxOnEbit":1,"preProvisionOnToi":null,"postTaxOnToi":null,"loanOnEarnAsset":null,"loanOnAsset":null,"loanOnDeposit":null,"depositOnEarnAsset":null,"badDebtOnAsset":null,"liquidityOnLiability":null,"payableOnEquity":0.6,"cancelDebt":null,"ebitdaOnStockChange":0.049,"bookValuePerShareChange":0.028,"creditGrowth":null}]