[{"ticker":"GMD","quarter":2,"year":2024,"revenue":1151,"yearRevenueGrowth":0.262,"quarterRevenueGrowth":0.145,"costOfGoodSold":-640,"grossProfit":511,"operationExpense":-214,"operationProfit":296,"yearOperationProfitGrowth":-0.024,"quarterOperationProfitGrowth":0.016,"interestExpense":-36,"preTaxProfit":520,"postTaxProfit":445,"shareHolderIncome":330,"yearShareHolderIncomeGrowth":-0.8,"quarterShareHolderIncomeGrowth":-0.409,"investProfit":null,"serviceProfit":null,"otherProfit":null,"provisionExpense":null,"operationIncome":null,"ebitda":400},{"ticker":"GMD","quarter":1,"year":2024,"revenue":1006,"yearRevenueGrowth":0.115,"quarterRevenueGrowth":-0.027,"costOfGoodSold":-565,"grossProfit":441,"operationExpense":-149,"operationProfit":291,"yearOperationProfitGrowth":-0.029,"quarterOperationProfitGrowth":0.947,"interestExpense":-36,"preTaxProfit":708,"postTaxProfit":656,"shareHolderIncome":559,"yearShareHolderIncomeGrowth":1.767,"quarterShareHolderIncomeGrowth":3.871,"investProfit":null,"serviceProfit":null,"otherProfit":null,"provisionExpense":null,"operationIncome":null,"ebitda":395},{"ticker":"GMD","quarter":4,"year":2023,"revenue":1034,"yearRevenueGrowth":-0.03,"quarterRevenueGrowth":0.036,"costOfGoodSold":-608,"grossProfit":426,"operationExpense":-276,"operationProfit":150,"yearOperationProfitGrowth":-0.434,"quarterOperationProfitGrowth":-0.588,"interestExpense":-38,"preTaxProfit":253,"postTaxProfit":192,"shareHolderIncome":115,"yearShareHolderIncomeGrowth":-0.392,"quarterShareHolderIncomeGrowth":-0.548,"investProfit":null,"serviceProfit":null,"otherProfit":null,"provisionExpense":null,"operationIncome":null,"ebitda":250},{"ticker":"GMD","quarter":3,"year":2023,"revenue":998,"yearRevenueGrowth":0.006,"quarterRevenueGrowth":0.094,"costOfGoodSold":-533,"grossProfit":465,"operationExpense":-102,"operationProfit":363,"yearOperationProfitGrowth":0.289,"quarterOperationProfitGrowth":0.196,"interestExpense":-42,"preTaxProfit":398,"postTaxProfit":338,"shareHolderIncome":254,"yearShareHolderIncomeGrowth":0.042,"quarterShareHolderIncomeGrowth":-0.846,"investProfit":null,"serviceProfit":null,"otherProfit":null,"provisionExpense":null,"operationIncome":null,"ebitda":463},{"ticker":"GMD","quarter":2,"year":2023,"revenue":912,"yearRevenueGrowth":-0.067,"quarterRevenueGrowth":0.011,"costOfGoodSold":-453,"grossProfit":459,"operationExpense":-156,"operationProfit":303,"yearOperationProfitGrowth":-0.04,"quarterOperationProfitGrowth":0.011,"interestExpense":-19,"preTaxProfit":2184,"postTaxProfit":1717,"shareHolderIncome":1650,"yearShareHolderIncomeGrowth":4.717,"quarterShareHolderIncomeGrowth":7.163,"investProfit":null,"serviceProfit":null,"otherProfit":null,"provisionExpense":null,"operationIncome":null,"ebitda":390},{"ticker":"GMD","quarter":1,"year":2023,"revenue":902,"yearRevenueGrowth":0.025,"quarterRevenueGrowth":-0.154,"costOfGoodSold":-475,"grossProfit":427,"operationExpense":-127,"operationProfit":300,"yearOperationProfitGrowth":0.241,"quarterOperationProfitGrowth":0.136,"interestExpense":-36,"preTaxProfit":308,"postTaxProfit":255,"shareHolderIncome":202,"yearShareHolderIncomeGrowth":-0.261,"quarterShareHolderIncomeGrowth":0.071,"investProfit":null,"serviceProfit":null,"otherProfit":null,"provisionExpense":null,"operationIncome":null,"ebitda":408}]