{"exchange":"HOSE","shortName":"Gemadept","industryID":193,"industryIDv2":"2777","industryIdLevel2":"2700","industryIdLevel4":"2777","industry":"Hàng & Dịch vụ Công nghiệp","industryEn":"Industrial Goods & Services","establishedYear":"1993","noEmployees":1440,"noShareholders":9675,"foreignPercent":0.484,"website":"http://www.gemadept.com.vn","stockRating":2.8,"deltaInWeek":-0.063,"deltaInMonth":-0.086,"deltaInYear":0.004,"outstandingShare":310.5,"issueShare":310.5,"companyType":"CT","ticker":"GMD"}