{"capitalize":22293,"tradeVolume":1265107,"priceToEarning":17.7,"priceToBook":2.3,"valueBeforeEbitda":15.8,"dividend":0.032,"roe":0.138,"profitGrowthAvarage":0.04,"ageOfReceivable":164.2,"ageOfInventory":9.9,"payableOnEquity":0.4,"payableOnEbitda":1.3,"ebitOnInterest":8.1,"shortOnLongTermPayable":0.2,"revenue":4188,"operationProfit":1100,"netProfit":1259,"earningPerShare":4054,"asset":14744,"liability":3925,"equity":10818,"bookValuePerShare":30558,"profitMargin":null,"nonInterestOnToi":null,"loanOnDeposit":null,"creditGrowth":null,"badDebtPercentage":null,"provisionOnBadDebt":null,"customerCredit":null,"betaIndex":null,"ticker":"GMD"}