[{"ticker":"CTG","quarter":2,"year":2024,"shortAsset":null,"cash":9458,"shortInvest":null,"shortReceivable":null,"inventory":null,"longAsset":null,"fixedAsset":9764,"asset":2161436,"debt":2025463,"shortDebt":null,"longDebt":null,"equity":135973,"capital":53700,"centralBankDeposit":28980,"otherBankDeposit":334405,"otherBankLoan":16829,"stockInvest":165858,"customerLoan":1571529,"badLoan":24646,"provision":-28040,"netCustomerLoan":1543489,"otherAsset":52653,"otherBankCredit":249374,"oweOtherBank":48035,"oweCentralBank":111855,"valuablePaper":100257,"payableInterest":22421,"receivableInterest":12967,"deposit":1466830,"otherDebt":45502,"fund":19071,"unDistributedIncome":52285,"minorShareHolderProfit":924,"payable":2025463},{"ticker":"CTG","quarter":1,"year":2024,"shortAsset":null,"cash":9408,"shortInvest":null,"shortReceivable":null,"inventory":null,"longAsset":null,"fixedAsset":9921,"asset":2077615,"debt":1947033,"shortDebt":null,"longDebt":null,"equity":130582,"capital":53700,"centralBankDeposit":17341,"otherBankDeposit":314264,"otherBankLoan":18443,"stockInvest":169622,"customerLoan":1514398,"badLoan":20401,"provision":-30775,"netCustomerLoan":1483622,"otherAsset":54728,"otherBankCredit":284967,"oweOtherBank":40549,"oweCentralBank":46137,"valuablePaper":101544,"payableInterest":23927,"receivableInterest":14510,"deposit":1427665,"otherDebt":43969,"fund":19048,"unDistributedIncome":46998,"minorShareHolderProfit":900,"payable":1947033},{"ticker":"CTG","quarter":4,"year":2023,"shortAsset":null,"cash":9760,"shortInvest":null,"shortReceivable":null,"inventory":null,"longAsset":null,"fixedAsset":10126,"asset":2032690,"debt":1905119,"shortDebt":null,"longDebt":null,"equity":127571,"capital":53700,"centralBankDeposit":40597,"otherBankDeposit":259230,"otherBankLoan":20612,"stockInvest":187225,"customerLoan":1473345,"badLoan":16608,"provision":-27773,"netCustomerLoan":1445572,"otherAsset":59570,"otherBankCredit":259893,"oweOtherBank":44531,"oweCentralBank":21814,"valuablePaper":115376,"payableInterest":27875,"receivableInterest":14710,"deposit":1410899,"otherDebt":49813,"fund":19057,"unDistributedIncome":44055,"minorShareHolderProfit":861,"payable":1905119},{"ticker":"CTG","quarter":3,"year":2023,"shortAsset":null,"cash":9469,"shortInvest":null,"shortReceivable":null,"inventory":null,"longAsset":null,"fixedAsset":9767,"asset":1888338,"debt":1766333,"shortDebt":null,"longDebt":null,"equity":122005,"capital":48058,"centralBankDeposit":34735,"otherBankDeposit":232233,"otherBankLoan":22722,"stockInvest":168282,"customerLoan":1386280,"badLoan":18941,"provision":-32661,"netCustomerLoan":1353619,"otherAsset":57512,"otherBankCredit":247169,"oweOtherBank":41444,"oweCentralBank":21577,"valuablePaper":87879,"payableInterest":31092,"receivableInterest":12781,"deposit":1310324,"otherDebt":55393,"fund":16090,"unDistributedIncome":47148,"minorShareHolderProfit":838,"payable":1766333},{"ticker":"CTG","quarter":2,"year":2023,"shortAsset":null,"cash":10174,"shortInvest":null,"shortReceivable":null,"inventory":null,"longAsset":null,"fixedAsset":9868,"asset":1860105,"debt":1742044,"shortDebt":null,"longDebt":null,"equity":118060,"capital":48058,"centralBankDeposit":23584,"otherBankDeposit":210462,"otherBankLoan":20321,"stockInvest":197943,"customerLoan":1359357,"badLoan":17309,"provision":-29228,"netCustomerLoan":1330129,"otherAsset":56253,"otherBankCredit":218049,"oweOtherBank":45889,"oweCentralBank":5438,"valuablePaper":112618,"payableInterest":29356,"receivableInterest":13307,"deposit":1310048,"otherDebt":47595,"fund":16086,"unDistributedIncome":43294,"minorShareHolderProfit":806,"payable":1742044},{"ticker":"CTG","quarter":1,"year":2023,"shortAsset":null,"cash":10510,"shortInvest":null,"shortReceivable":null,"inventory":null,"longAsset":null,"fixedAsset":10057,"asset":1823962,"debt":1711017,"shortDebt":null,"longDebt":null,"equity":112945,"capital":48058,"centralBankDeposit":22480,"otherBankDeposit":189864,"otherBankLoan":17927,"stockInvest":205158,"customerLoan":1333109,"badLoan":17035,"provision":-29470,"netCustomerLoan":1303639,"otherAsset":62170,"otherBankCredit":122251,"oweOtherBank":55028,"oweCentralBank":100059,"valuablePaper":111592,"payableInterest":25910,"receivableInterest":13544,"deposit":1272350,"otherDebt":47418,"fund":16075,"unDistributedIncome":38167,"minorShareHolderProfit":759,"payable":1711017}]