[{"ticker":"CTG","quarter":2,"year":2024,"investCost":-236,"fromInvest":-227,"fromFinancial":2,"fromSale":48015,"freeCashFlow":0},{"ticker":"CTG","quarter":1,"year":2024,"investCost":-202,"fromInvest":-201,"fromFinancial":0,"fromSale":36370,"freeCashFlow":0},{"ticker":"CTG","quarter":4,"year":2023,"investCost":-364,"fromInvest":-344,"fromFinancial":0,"fromSale":7142,"freeCashFlow":0},{"ticker":"CTG","quarter":3,"year":2023,"investCost":-168,"fromInvest":-125,"fromFinancial":0,"fromSale":19184,"freeCashFlow":0},{"ticker":"CTG","quarter":2,"year":2023,"investCost":-242,"fromInvest":-240,"fromFinancial":0,"fromSale":14832,"freeCashFlow":0},{"ticker":"CTG","quarter":1,"year":2023,"investCost":-65,"fromInvest":-30,"fromFinancial":0,"fromSale":-12354,"freeCashFlow":0}]