[{"ticker":"CTG","quarter":2,"year":2024,"priceToEarning":9.6,"priceToBook":1.4,"valueBeforeEbitda":null,"dividend":null,"roe":0.161,"roa":0.01,"daysReceivable":null,"daysInventory":null,"daysPayable":null,"ebitOnInterest":null,"earningPerShare":3781,"bookValuePerShare":25320,"interestMargin":0.03,"nonInterestOnToi":0.219,"badDebtPercentage":0.016,"provisionOnBadDebt":1.138,"costOfFinancing":0.037,"equityOnTotalAsset":0.063,"equityOnLoan":0.087,"costToIncome":0.258,"equityOnLiability":0.1,"currentPayment":null,"quickPayment":null,"epsChange":0.008,"ebitdaOnStock":null,"grossProfitMargin":null,"operatingProfitMargin":null,"postTaxMargin":null,"debtOnEquity":null,"debtOnAsset":null,"debtOnEbitda":null,"shortOnLongDebt":null,"assetOnEquity":15.9,"capitalBalance":null,"cashOnEquity":null,"cashOnCapitalize":null,"cashCirculation":null,"revenueOnWorkCapital":null,"capexOnFixedAsset":null,"revenueOnAsset":null,"postTaxOnPreTax":null,"ebitOnRevenue":null,"preTaxOnEbit":null,"preProvisionOnToi":0.594,"postTaxOnToi":0.275,"loanOnEarnAsset":0.753,"loanOnAsset":0.727,"loanOnDeposit":1.071,"depositOnEarnAsset":0.703,"badDebtOnAsset":0.011,"liquidityOnLiability":0.274,"payableOnEquity":14.9,"cancelDebt":0.02,"ebitdaOnStockChange":null,"bookValuePerShareChange":0.041,"creditGrowth":0.156},{"ticker":"CTG","quarter":1,"year":2024,"priceToEarning":9.5,"priceToBook":1.5,"valueBeforeEbitda":null,"dividend":null,"roe":0.167,"roa":0.01,"daysReceivable":null,"daysInventory":null,"daysPayable":null,"ebitOnInterest":null,"earningPerShare":3751,"bookValuePerShare":24317,"interestMargin":0.029,"nonInterestOnToi":0.204,"badDebtPercentage":0.013,"provisionOnBadDebt":1.508,"costOfFinancing":0.042,"equityOnTotalAsset":0.063,"equityOnLoan":0.086,"costToIncome":0.252,"equityOnLiability":0.1,"currentPayment":null,"quickPayment":null,"epsChange":0.008,"ebitdaOnStock":null,"grossProfitMargin":null,"operatingProfitMargin":null,"postTaxMargin":null,"debtOnEquity":null,"debtOnAsset":null,"debtOnEbitda":null,"shortOnLongDebt":null,"assetOnEquity":15.9,"capitalBalance":null,"cashOnEquity":null,"cashOnCapitalize":null,"cashCirculation":null,"revenueOnWorkCapital":null,"capexOnFixedAsset":null,"revenueOnAsset":null,"postTaxOnPreTax":null,"ebitOnRevenue":null,"preTaxOnEbit":null,"preProvisionOnToi":0.602,"postTaxOnToi":0.262,"loanOnEarnAsset":0.757,"loanOnAsset":0.729,"loanOnDeposit":1.061,"depositOnEarnAsset":0.714,"badDebtOnAsset":0.01,"liquidityOnLiability":0.272,"payableOnEquity":14.9,"cancelDebt":0.018,"ebitdaOnStockChange":null,"bookValuePerShareChange":0.024,"creditGrowth":0.136},{"ticker":"CTG","quarter":4,"year":2023,"priceToEarning":7.3,"priceToBook":1.1,"valueBeforeEbitda":null,"dividend":null,"roe":0.171,"roa":0.01,"daysReceivable":null,"daysInventory":null,"daysPayable":null,"ebitOnInterest":null,"earningPerShare":3722,"bookValuePerShare":23756,"interestMargin":0.029,"nonInterestOnToi":0.211,"badDebtPercentage":0.011,"provisionOnBadDebt":1.672,"costOfFinancing":0.045,"equityOnTotalAsset":0.063,"equityOnLoan":0.087,"costToIncome":0.341,"equityOnLiability":0.1,"currentPayment":null,"quickPayment":null,"epsChange":0.103,"ebitdaOnStock":null,"grossProfitMargin":null,"operatingProfitMargin":null,"postTaxMargin":null,"debtOnEquity":null,"debtOnAsset":null,"debtOnEbitda":null,"shortOnLongDebt":null,"assetOnEquity":15.9,"capitalBalance":null,"cashOnEquity":null,"cashOnCapitalize":null,"cashCirculation":null,"revenueOnWorkCapital":null,"capexOnFixedAsset":null,"revenueOnAsset":null,"postTaxOnPreTax":null,"ebitOnRevenue":null,"preTaxOnEbit":null,"preProvisionOnToi":0.526,"postTaxOnToi":0.333,"loanOnEarnAsset":0.755,"loanOnAsset":0.725,"loanOnDeposit":1.044,"depositOnEarnAsset":0.723,"badDebtOnAsset":0.008,"liquidityOnLiability":0.272,"payableOnEquity":14.9,"cancelDebt":0.02,"ebitdaOnStockChange":null,"bookValuePerShareChange":0.046,"creditGrowth":0.156},{"ticker":"CTG","quarter":3,"year":2023,"priceToEarning":8,"priceToBook":1.2,"valueBeforeEbitda":null,"dividend":null,"roe":0.16,"roa":0.01,"daysReceivable":null,"daysInventory":null,"daysPayable":null,"ebitOnInterest":null,"earningPerShare":3376,"bookValuePerShare":22719,"interestMargin":0.029,"nonInterestOnToi":0.248,"badDebtPercentage":0.014,"provisionOnBadDebt":1.724,"costOfFinancing":0.048,"equityOnTotalAsset":0.065,"equityOnLoan":0.088,"costToIncome":0.292,"equityOnLiability":0.1,"currentPayment":null,"quickPayment":null,"epsChange":0.03,"ebitdaOnStock":null,"grossProfitMargin":null,"operatingProfitMargin":null,"postTaxMargin":null,"debtOnEquity":null,"debtOnAsset":null,"debtOnEbitda":null,"shortOnLongDebt":null,"assetOnEquity":15.5,"capitalBalance":null,"cashOnEquity":null,"cashOnCapitalize":null,"cashCirculation":null,"revenueOnWorkCapital":null,"capexOnFixedAsset":null,"revenueOnAsset":null,"postTaxOnPreTax":null,"ebitOnRevenue":null,"preTaxOnEbit":null,"preProvisionOnToi":0.566,"postTaxOnToi":0.224,"loanOnEarnAsset":0.766,"loanOnAsset":0.734,"loanOnDeposit":1.058,"depositOnEarnAsset":0.724,"badDebtOnAsset":0.01,"liquidityOnLiability":0.265,"payableOnEquity":14.5,"cancelDebt":0.025,"ebitdaOnStockChange":null,"bookValuePerShareChange":0.033,"creditGrowth":0.113},{"ticker":"CTG","quarter":2,"year":2023,"priceToEarning":8.1,"priceToBook":1.2,"valueBeforeEbitda":null,"dividend":null,"roe":0.161,"roa":0.01,"daysReceivable":null,"daysInventory":null,"daysPayable":null,"ebitOnInterest":null,"earningPerShare":3279,"bookValuePerShare":21985,"interestMargin":0.03,"nonInterestOnToi":0.282,"badDebtPercentage":0.013,"provisionOnBadDebt":1.689,"costOfFinancing":0.045,"equityOnTotalAsset":0.063,"equityOnLoan":0.087,"costToIncome":0.267,"equityOnLiability":0.1,"currentPayment":null,"quickPayment":null,"epsChange":0.033,"ebitdaOnStock":null,"grossProfitMargin":null,"operatingProfitMargin":null,"postTaxMargin":null,"debtOnEquity":null,"debtOnAsset":null,"debtOnEbitda":null,"shortOnLongDebt":null,"assetOnEquity":15.8,"capitalBalance":null,"cashOnEquity":null,"cashOnCapitalize":null,"cashCirculation":null,"revenueOnWorkCapital":null,"capexOnFixedAsset":null,"revenueOnAsset":null,"postTaxOnPreTax":null,"ebitOnRevenue":null,"preTaxOnEbit":null,"preProvisionOnToi":0.589,"postTaxOnToi":0.296,"loanOnEarnAsset":0.764,"loanOnAsset":0.731,"loanOnDeposit":1.038,"depositOnEarnAsset":0.736,"badDebtOnAsset":0.009,"liquidityOnLiability":0.265,"payableOnEquity":14.8,"cancelDebt":0.023,"ebitdaOnStockChange":null,"bookValuePerShareChange":0.045,"creditGrowth":0.098},{"ticker":"CTG","quarter":1,"year":2023,"priceToEarning":8.2,"priceToBook":1.2,"valueBeforeEbitda":null,"dividend":null,"roe":0.163,"roa":0.01,"daysReceivable":null,"daysInventory":null,"daysPayable":null,"ebitOnInterest":null,"earningPerShare":3175,"bookValuePerShare":21032,"interestMargin":0.03,"nonInterestOnToi":0.256,"badDebtPercentage":0.013,"provisionOnBadDebt":1.73,"costOfFinancing":0.041,"equityOnTotalAsset":0.062,"equityOnLoan":0.085,"costToIncome":0.253,"equityOnLiability":0.1,"currentPayment":null,"quickPayment":null,"epsChange":0.008,"ebitdaOnStock":null,"grossProfitMargin":null,"operatingProfitMargin":null,"postTaxMargin":null,"debtOnEquity":null,"debtOnAsset":null,"debtOnEbitda":null,"shortOnLongDebt":null,"assetOnEquity":16.1,"capitalBalance":null,"cashOnEquity":null,"cashOnCapitalize":null,"cashCirculation":null,"revenueOnWorkCapital":null,"capexOnFixedAsset":null,"revenueOnAsset":null,"postTaxOnPreTax":null,"ebitOnRevenue":null,"preTaxOnEbit":null,"preProvisionOnToi":0.603,"postTaxOnToi":0.284,"loanOnEarnAsset":0.768,"loanOnAsset":0.731,"loanOnDeposit":1.048,"depositOnEarnAsset":0.733,"badDebtOnAsset":0.009,"liquidityOnLiability":0.261,"payableOnEquity":15.1,"cancelDebt":0.021,"ebitdaOnStockChange":null,"bookValuePerShareChange":0.043,"creditGrowth":0.084}]