[{"ticker":"CTG","quarter":2,"year":2024,"revenue":15339,"yearRevenueGrowth":0.202,"quarterRevenueGrowth":0.011,"costOfGoodSold":null,"grossProfit":null,"operationExpense":-5074,"operationProfit":19640,"yearOperationProfitGrowth":0.105,"quarterOperationProfitGrowth":0.03,"interestExpense":null,"preTaxProfit":6750,"postTaxProfit":5409,"shareHolderIncome":5365,"yearShareHolderIncomeGrowth":0.031,"quarterShareHolderIncomeGrowth":0.082,"investProfit":1328,"serviceProfit":1886,"otherProfit":1087,"provisionExpense":-7817,"operationIncome":14567,"ebitda":null},{"ticker":"CTG","quarter":1,"year":2024,"revenue":15174,"yearRevenueGrowth":0.198,"quarterRevenueGrowth":0.041,"costOfGoodSold":null,"grossProfit":null,"operationExpense":-4807,"operationProfit":19067,"yearOperationProfitGrowth":0.12,"quarterOperationProfitGrowth":0.032,"interestExpense":null,"preTaxProfit":6210,"postTaxProfit":5003,"shareHolderIncome":4959,"yearShareHolderIncomeGrowth":0.032,"quarterShareHolderIncomeGrowth":-0.19,"investProfit":1336,"serviceProfit":1779,"otherProfit":778,"provisionExpense":-8049,"operationIncome":14259,"ebitda":null},{"ticker":"CTG","quarter":4,"year":2023,"revenue":14572,"yearRevenueGrowth":0.134,"quarterRevenueGrowth":0.113,"costOfGoodSold":null,"grossProfit":null,"operationExpense":-6304,"operationProfit":18475,"yearOperationProfitGrowth":0.071,"quarterOperationProfitGrowth":0.062,"interestExpense":null,"preTaxProfit":7699,"postTaxProfit":6143,"shareHolderIncome":6119,"yearShareHolderIncomeGrowth":0.436,"quarterShareHolderIncomeGrowth":0.584,"investProfit":810,"serviceProfit":1554,"otherProfit":1540,"provisionExpense":-4473,"operationIncome":12171,"ebitda":null},{"ticker":"CTG","quarter":3,"year":2023,"revenue":13087,"yearRevenueGrowth":0.013,"quarterRevenueGrowth":0.026,"costOfGoodSold":null,"grossProfit":null,"operationExpense":-5082,"operationProfit":17393,"yearOperationProfitGrowth":0.004,"quarterOperationProfitGrowth":-0.021,"interestExpense":null,"preTaxProfit":4871,"postTaxProfit":3895,"shareHolderIncome":3863,"yearShareHolderIncomeGrowth":0.157,"quarterShareHolderIncomeGrowth":-0.258,"investProfit":1081,"serviceProfit":1815,"otherProfit":1410,"provisionExpense":-7440,"operationIncome":12311,"ebitda":null},{"ticker":"CTG","quarter":2,"year":2023,"revenue":12757,"yearRevenueGrowth":0.062,"quarterRevenueGrowth":0.007,"costOfGoodSold":null,"grossProfit":null,"operationExpense":-4743,"operationProfit":17772,"yearOperationProfitGrowth":0.115,"quarterOperationProfitGrowth":0.044,"interestExpense":null,"preTaxProfit":6550,"postTaxProfit":5264,"shareHolderIncome":5203,"yearShareHolderIncomeGrowth":0.12,"quarterShareHolderIncomeGrowth":0.083,"investProfit":1452,"serviceProfit":1784,"otherProfit":1778,"provisionExpense":-6478,"operationIncome":13029,"ebitda":null},{"ticker":"CTG","quarter":1,"year":2023,"revenue":12666,"yearRevenueGrowth":0.248,"quarterRevenueGrowth":-0.014,"costOfGoodSold":null,"grossProfit":null,"operationExpense":-4314,"operationProfit":17018,"yearOperationProfitGrowth":0.21,"quarterOperationProfitGrowth":-0.013,"interestExpense":null,"preTaxProfit":5980,"postTaxProfit":4831,"shareHolderIncome":4806,"yearShareHolderIncomeGrowth":0.031,"quarterShareHolderIncomeGrowth":0.128,"investProfit":1331,"serviceProfit":2001,"otherProfit":1020,"provisionExpense":-6724,"operationIncome":12704,"ebitda":null}]