{"capitalize":194662,"tradeVolume":7057153,"priceToEarning":9.6,"priceToBook":1.4,"valueBeforeEbitda":null,"dividend":0,"roe":0.161,"profitGrowthAvarage":0.304,"ageOfReceivable":null,"ageOfInventory":null,"payableOnEquity":null,"payableOnEbitda":null,"ebitOnInterest":null,"shortOnLongTermPayable":null,"revenue":58173,"operationProfit":74576,"netProfit":20307,"earningPerShare":3782,"asset":2161436,"liability":2025463,"equity":135973,"bookValuePerShare":25321,"profitMargin":0.03,"nonInterestOnToi":0.219,"loanOnDeposit":1.071,"creditGrowth":0.156,"badDebtPercentage":0.016,"provisionOnBadDebt":1.138,"customerCredit":1543489,"betaIndex":null,"ticker":"CTG"}