[{"ticker":"BVH","quarter":2,"year":2024,"shortAsset":116661,"cash":5992,"shortInvest":94686,"shortReceivable":12289,"inventory":94,"longAsset":118183,"fixedAsset":1936,"asset":234844,"debt":211615,"shortDebt":3613,"longDebt":0,"equity":23229,"capital":7423,"centralBankDeposit":null,"otherBankDeposit":null,"otherBankLoan":null,"stockInvest":null,"customerLoan":null,"badLoan":null,"provision":null,"netCustomerLoan":null,"otherAsset":null,"otherBankCredit":null,"oweOtherBank":null,"oweCentralBank":null,"valuablePaper":null,"payableInterest":null,"receivableInterest":null,"deposit":null,"otherDebt":546,"fund":null,"unDistributedIncome":0,"minorShareHolderProfit":959,"payable":211615},{"ticker":"BVH","quarter":1,"year":2024,"shortAsset":122492,"cash":7528,"shortInvest":99078,"shortReceivable":12103,"inventory":116,"longAsset":111779,"fixedAsset":2039,"asset":234272,"debt":211396,"shortDebt":4092,"longDebt":1,"equity":22876,"capital":7423,"centralBankDeposit":null,"otherBankDeposit":null,"otherBankLoan":null,"stockInvest":null,"customerLoan":null,"badLoan":null,"provision":null,"netCustomerLoan":null,"otherAsset":null,"otherBankCredit":null,"oweOtherBank":null,"oweCentralBank":null,"valuablePaper":null,"payableInterest":null,"receivableInterest":null,"deposit":null,"otherDebt":438,"fund":null,"unDistributedIncome":0,"minorShareHolderProfit":949,"payable":211396},{"ticker":"BVH","quarter":4,"year":2023,"shortAsset":122497,"cash":4789,"shortInvest":101566,"shortReceivable":12376,"inventory":114,"longAsset":98709,"fixedAsset":1811,"asset":221206,"debt":199009,"shortDebt":3373,"longDebt":1,"equity":22197,"capital":7423,"centralBankDeposit":null,"otherBankDeposit":null,"otherBankLoan":null,"stockInvest":null,"customerLoan":null,"badLoan":null,"provision":null,"netCustomerLoan":null,"otherAsset":null,"otherBankCredit":null,"oweOtherBank":null,"oweCentralBank":null,"valuablePaper":null,"payableInterest":null,"receivableInterest":null,"deposit":null,"otherDebt":506,"fund":null,"unDistributedIncome":0,"minorShareHolderProfit":918,"payable":199009},{"ticker":"BVH","quarter":3,"year":2023,"shortAsset":120033,"cash":12344,"shortInvest":91297,"shortReceivable":12689,"inventory":136,"longAsset":95260,"fixedAsset":1838,"asset":215293,"debt":192724,"shortDebt":1721,"longDebt":3,"equity":22569,"capital":7423,"centralBankDeposit":null,"otherBankDeposit":null,"otherBankLoan":null,"stockInvest":null,"customerLoan":null,"badLoan":null,"provision":null,"netCustomerLoan":null,"otherAsset":null,"otherBankCredit":null,"oweOtherBank":null,"oweCentralBank":null,"valuablePaper":null,"payableInterest":null,"receivableInterest":null,"deposit":null,"otherDebt":983,"fund":null,"unDistributedIncome":0,"minorShareHolderProfit":939,"payable":192724},{"ticker":"BVH","quarter":2,"year":2023,"shortAsset":131042,"cash":7054,"shortInvest":109191,"shortReceivable":11146,"inventory":138,"longAsset":89726,"fixedAsset":1820,"asset":220768,"debt":198621,"shortDebt":2349,"longDebt":8,"equity":22146,"capital":7423,"centralBankDeposit":null,"otherBankDeposit":null,"otherBankLoan":null,"stockInvest":null,"customerLoan":null,"badLoan":null,"provision":null,"netCustomerLoan":null,"otherAsset":null,"otherBankCredit":null,"oweOtherBank":null,"oweCentralBank":null,"valuablePaper":null,"payableInterest":null,"receivableInterest":null,"deposit":null,"otherDebt":804,"fund":null,"unDistributedIncome":0,"minorShareHolderProfit":912,"payable":198621},{"ticker":"BVH","quarter":1,"year":2023,"shortAsset":133622,"cash":2648,"shortInvest":117146,"shortReceivable":9903,"inventory":146,"longAsset":86839,"fixedAsset":1844,"asset":220461,"debt":198654,"shortDebt":1718,"longDebt":54,"equity":21807,"capital":7423,"centralBankDeposit":null,"otherBankDeposit":null,"otherBankLoan":null,"stockInvest":null,"customerLoan":null,"badLoan":null,"provision":null,"netCustomerLoan":null,"otherAsset":null,"otherBankCredit":null,"oweOtherBank":null,"oweCentralBank":null,"valuablePaper":null,"payableInterest":null,"receivableInterest":null,"deposit":null,"otherDebt":593,"fund":null,"unDistributedIncome":0,"minorShareHolderProfit":898,"payable":198654}]