[{"ticker":"BVH","quarter":2,"year":2024,"investCost":-35,"fromInvest":3238,"fromFinancial":-4417,"fromSale":-357,"freeCashFlow":3969},{"ticker":"BVH","quarter":1,"year":2024,"investCost":-22,"fromInvest":-9389,"fromFinancial":8099,"fromSale":4034,"freeCashFlow":30},{"ticker":"BVH","quarter":4,"year":2023,"investCost":-12,"fromInvest":-11185,"fromFinancial":895,"fromSale":2736,"freeCashFlow":1453},{"ticker":"BVH","quarter":3,"year":2023,"investCost":-134,"fromInvest":12991,"fromFinancial":-10478,"fromSale":2776,"freeCashFlow":782},{"ticker":"BVH","quarter":2,"year":2023,"investCost":16,"fromInvest":8397,"fromFinancial":-5018,"fromSale":1027,"freeCashFlow":2060},{"ticker":"BVH","quarter":1,"year":2023,"investCost":-28,"fromInvest":-14415,"fromFinancial":13264,"fromSale":1592,"freeCashFlow":2501}]