{"OriginStock":{"Cumulative_Return_3_Month":0.0365,"Cumulative_Return_6_Month":0.121,"Cumulative_Return_12_Month":0.1211,"Volatility_12_Month":0.2209,"SharpeRatio_3_Month":0.715,"SharpeRatio_6_Month":0.9591,"SharpeRatio_12_Month":0.4278,"Maximum_Drawdown_12_Month":0.1425},"SimilarStock":[{"correlation":0.216,"beta":0.66,"pe":10.591,"price_volatility_1_month_compareWith_VNINDEX":0.037,"price_volatility_3_month_compareWith_VNINDEX":-0.095,"price_volatility_6_month_compareWith_VNINDEX":-0.01,"companyName":"Công ty Cổ phần PVI","industryName":"Bảo hiểm","exchangeName":"HNX","ticker":"PVI"},{"correlation":0.31,"beta":0.484,"pe":9.62,"price_volatility_1_month_compareWith_VNINDEX":-0.042,"price_volatility_3_month_compareWith_VNINDEX":-0.058,"price_volatility_6_month_compareWith_VNINDEX":-0.019,"companyName":"Tổng Công ty Cổ phần Tái bảo hiểm Quốc gia Việt Nam","industryName":"Bảo hiểm","exchangeName":"HNX","ticker":"VNR"},{"correlation":0.335,"beta":0.841,"pe":7.287,"price_volatility_1_month_compareWith_VNINDEX":-0.01,"price_volatility_3_month_compareWith_VNINDEX":-0.116,"price_volatility_6_month_compareWith_VNINDEX":0.076,"companyName":"Tổng Công ty Cổ phần Bảo hiểm Ngân hàng Đầu tư và Phát triển Việt Nam","industryName":"Bảo hiểm","exchangeName":"HOSE","ticker":"BIC"},{"correlation":0.487,"beta":1.121,"pe":10.151,"price_volatility_1_month_compareWith_VNINDEX":-0.003,"price_volatility_3_month_compareWith_VNINDEX":-0.211,"price_volatility_6_month_compareWith_VNINDEX":-0.018,"companyName":"Tổng Công ty Cổ phần Bảo hiểm Quân đội","industryName":"Bảo hiểm","exchangeName":"HOSE","ticker":"MIG"},{"correlation":0.394,"beta":0.932,"pe":8.58,"price_volatility_1_month_compareWith_VNINDEX":0.001,"price_volatility_3_month_compareWith_VNINDEX":-0.098,"price_volatility_6_month_compareWith_VNINDEX":-0.036,"companyName":"Tổng Công ty Cổ phần Bảo Minh","industryName":"Bảo hiểm","exchangeName":"HOSE","ticker":"BMI"},{"correlation":-0.175,"beta":0.07,"pe":6.876,"price_volatility_1_month_compareWith_VNINDEX":0.068,"price_volatility_3_month_compareWith_VNINDEX":0.006,"price_volatility_6_month_compareWith_VNINDEX":-0.065,"companyName":"Tổng Công ty Cổ phần Bảo hiểm Bưu điện","industryName":"Bảo hiểm","exchangeName":"HNX","ticker":"PTI"},{"correlation":0.291,"beta":0.319,"pe":10.559,"price_volatility_1_month_compareWith_VNINDEX":-0.076,"price_volatility_3_month_compareWith_VNINDEX":-0.072,"price_volatility_6_month_compareWith_VNINDEX":-0.183,"companyName":"Tổng Công ty Cổ phần Bảo hiểm Petrolimex","industryName":"Bảo hiểm","exchangeName":"HOSE","ticker":"PGI"},{"correlation":0.12,"beta":0.112,"pe":8.754,"price_volatility_1_month_compareWith_VNINDEX":0.006,"price_volatility_3_month_compareWith_VNINDEX":0.006,"price_volatility_6_month_compareWith_VNINDEX":0.017,"companyName":"Tổng Công ty Cổ phần Tái bảo hiểm Hà Nội","industryName":"Bảo hiểm","exchangeName":"HNX","ticker":"PRE"},{"correlation":0.336,"beta":0.151,"pe":7.526,"price_volatility_1_month_compareWith_VNINDEX":0.032,"price_volatility_3_month_compareWith_VNINDEX":-0.064,"price_volatility_6_month_compareWith_VNINDEX":0.041,"companyName":"Công ty Cổ phần Bảo hiểm Ngân hàng Nông Nghiệp","industryName":"Bảo hiểm","exchangeName":"UpCom","ticker":"ABI"},{"correlation":0.135,"beta":0.187,"pe":28.585,"price_volatility_1_month_compareWith_VNINDEX":0.017,"price_volatility_3_month_compareWith_VNINDEX":-0.03,"price_volatility_6_month_compareWith_VNINDEX":-0.082,"companyName":"Tổng Công ty Cổ phần Bảo hiểm Hàng không","industryName":"Bảo hiểm","exchangeName":"UpCom","ticker":"AIC"}]}