[{"ticker":"BVH","quarter":2,"year":2024,"priceToEarning":18.1,"priceToBook":1.5,"valueBeforeEbitda":-5.2,"dividend":null,"roe":0.083,"roa":0.008,"daysReceivable":null,"daysInventory":null,"daysPayable":-21270,"ebitOnInterest":null,"earningPerShare":2432,"bookValuePerShare":30000,"interestMargin":null,"nonInterestOnToi":null,"badDebtPercentage":null,"provisionOnBadDebt":null,"costOfFinancing":null,"equityOnTotalAsset":0.095,"equityOnLoan":null,"costToIncome":null,"equityOnLiability":0.1,"currentPayment":3.4,"quickPayment":3.4,"epsChange":0.014,"ebitdaOnStock":-8030,"grossProfitMargin":null,"operatingProfitMargin":null,"postTaxMargin":null,"debtOnEquity":0.2,"debtOnAsset":0,"debtOnEbitda":-0.5,"shortOnLongDebt":12054.7,"assetOnEquity":10.5,"capitalBalance":82407,"cashOnEquity":0.258,"cashOnCapitalize":0.183,"cashCirculation":null,"revenueOnWorkCapital":0,"capexOnFixedAsset":-0.108,"revenueOnAsset":0,"postTaxOnPreTax":0.8,"ebitOnRevenue":null,"preTaxOnEbit":-0.3,"preProvisionOnToi":null,"postTaxOnToi":null,"loanOnEarnAsset":null,"loanOnAsset":null,"loanOnDeposit":null,"depositOnEarnAsset":null,"badDebtOnAsset":null,"liquidityOnLiability":null,"payableOnEquity":9.1,"cancelDebt":null,"ebitdaOnStockChange":0.016,"bookValuePerShareChange":0.016,"creditGrowth":null},{"ticker":"BVH","quarter":1,"year":2024,"priceToEarning":17.8,"priceToBook":1.4,"valueBeforeEbitda":-5,"dividend":null,"roe":0.083,"roa":0.008,"daysReceivable":null,"daysInventory":null,"daysPayable":-34337,"ebitOnInterest":null,"earningPerShare":2398,"bookValuePerShare":29537,"interestMargin":null,"nonInterestOnToi":null,"badDebtPercentage":null,"provisionOnBadDebt":null,"costOfFinancing":null,"equityOnTotalAsset":0.094,"equityOnLoan":null,"costToIncome":null,"equityOnLiability":0.1,"currentPayment":3.2,"quickPayment":3.2,"epsChange":0.033,"ebitdaOnStock":-7902,"grossProfitMargin":null,"operatingProfitMargin":null,"postTaxMargin":null,"debtOnEquity":0.2,"debtOnAsset":0,"debtOnEbitda":-0.5,"shortOnLongDebt":2952.3,"assetOnEquity":10.7,"capitalBalance":83985,"cashOnEquity":0.329,"cashOnCapitalize":0.236,"cashCirculation":null,"revenueOnWorkCapital":0,"capexOnFixedAsset":-0.078,"revenueOnAsset":0,"postTaxOnPreTax":0.8,"ebitOnRevenue":null,"preTaxOnEbit":-0.4,"preProvisionOnToi":null,"postTaxOnToi":null,"loanOnEarnAsset":null,"loanOnAsset":null,"loanOnDeposit":null,"depositOnEarnAsset":null,"badDebtOnAsset":null,"liquidityOnLiability":null,"payableOnEquity":9.2,"cancelDebt":null,"ebitdaOnStockChange":-0.017,"bookValuePerShareChange":0.03,"creditGrowth":null},{"ticker":"BVH","quarter":4,"year":2023,"priceToEarning":17,"priceToBook":1.4,"valueBeforeEbitda":-3.3,"dividend":null,"roe":0.083,"roa":0.008,"daysReceivable":null,"daysInventory":null,"daysPayable":-50914,"ebitOnInterest":null,"earningPerShare":2320,"bookValuePerShare":28665,"interestMargin":null,"nonInterestOnToi":null,"badDebtPercentage":null,"provisionOnBadDebt":null,"costOfFinancing":null,"equityOnTotalAsset":0.096,"equityOnLoan":null,"costToIncome":null,"equityOnLiability":0.1,"currentPayment":4,"quickPayment":4,"epsChange":0.01,"ebitdaOnStock":-8036,"grossProfitMargin":null,"operatingProfitMargin":null,"postTaxMargin":null,"debtOnEquity":0.2,"debtOnAsset":0,"debtOnEbitda":-0.4,"shortOnLongDebt":2433.2,"assetOnEquity":10.4,"capitalBalance":91607,"cashOnEquity":0.216,"cashOnCapitalize":0.164,"cashCirculation":null,"revenueOnWorkCapital":0,"capexOnFixedAsset":-0.085,"revenueOnAsset":0,"postTaxOnPreTax":0.8,"ebitOnRevenue":null,"preTaxOnEbit":-0.3,"preProvisionOnToi":null,"postTaxOnToi":null,"loanOnEarnAsset":null,"loanOnAsset":null,"loanOnDeposit":null,"depositOnEarnAsset":null,"badDebtOnAsset":null,"liquidityOnLiability":null,"payableOnEquity":9,"cancelDebt":null,"ebitdaOnStockChange":0.012,"bookValuePerShareChange":-0.016,"creditGrowth":null},{"ticker":"BVH","quarter":3,"year":2023,"priceToEarning":17.9,"priceToBook":1.4,"valueBeforeEbitda":-3.5,"dividend":null,"roe":0.078,"roa":0.008,"daysReceivable":null,"daysInventory":null,"daysPayable":-242848,"ebitOnInterest":null,"earningPerShare":2297,"bookValuePerShare":29138,"interestMargin":null,"nonInterestOnToi":null,"badDebtPercentage":null,"provisionOnBadDebt":null,"costOfFinancing":null,"equityOnTotalAsset":0.1,"equityOnLoan":null,"costToIncome":null,"equityOnLiability":0.1,"currentPayment":4,"quickPayment":4,"epsChange":0.03,"ebitdaOnStock":-7939,"grossProfitMargin":null,"operatingProfitMargin":null,"postTaxMargin":null,"debtOnEquity":0.1,"debtOnAsset":0,"debtOnEbitda":-0.3,"shortOnLongDebt":622.4,"assetOnEquity":10,"capitalBalance":89689,"cashOnEquity":0.547,"cashOnCapitalize":0.406,"cashCirculation":null,"revenueOnWorkCapital":0,"capexOnFixedAsset":-0.081,"revenueOnAsset":0,"postTaxOnPreTax":0.8,"ebitOnRevenue":null,"preTaxOnEbit":-0.4,"preProvisionOnToi":null,"postTaxOnToi":null,"loanOnEarnAsset":null,"loanOnAsset":null,"loanOnDeposit":null,"depositOnEarnAsset":null,"badDebtOnAsset":null,"liquidityOnLiability":null,"payableOnEquity":8.5,"cancelDebt":null,"ebitdaOnStockChange":-0.003,"bookValuePerShareChange":0.019,"creditGrowth":null},{"ticker":"BVH","quarter":2,"year":2023,"priceToEarning":19.3,"priceToBook":1.5,"valueBeforeEbitda":-4.3,"dividend":null,"roe":0.077,"roa":0.008,"daysReceivable":null,"daysInventory":null,"daysPayable":278201,"ebitOnInterest":null,"earningPerShare":2231,"bookValuePerShare":28605,"interestMargin":null,"nonInterestOnToi":null,"badDebtPercentage":null,"provisionOnBadDebt":null,"costOfFinancing":null,"equityOnTotalAsset":0.096,"equityOnLoan":null,"costToIncome":null,"equityOnLiability":0.1,"currentPayment":3.2,"quickPayment":3.2,"epsChange":0.044,"ebitdaOnStock":-7961,"grossProfitMargin":null,"operatingProfitMargin":null,"postTaxMargin":null,"debtOnEquity":0.1,"debtOnAsset":0,"debtOnEbitda":-0.3,"shortOnLongDebt":290.4,"assetOnEquity":10.4,"capitalBalance":89654,"cashOnEquity":0.319,"cashOnCapitalize":0.243,"cashCirculation":null,"revenueOnWorkCapital":0,"capexOnFixedAsset":-0.023,"revenueOnAsset":0,"postTaxOnPreTax":0.8,"ebitOnRevenue":null,"preTaxOnEbit":-0.3,"preProvisionOnToi":null,"postTaxOnToi":null,"loanOnEarnAsset":null,"loanOnAsset":null,"loanOnDeposit":null,"depositOnEarnAsset":null,"badDebtOnAsset":null,"liquidityOnLiability":null,"payableOnEquity":9,"cancelDebt":null,"ebitdaOnStockChange":-0.019,"bookValuePerShareChange":0.016,"creditGrowth":null},{"ticker":"BVH","quarter":1,"year":2023,"priceToEarning":22.1,"priceToBook":1.7,"valueBeforeEbitda":-5.8,"dividend":null,"roe":0.075,"roa":0.008,"daysReceivable":null,"daysInventory":null,"daysPayable":-76826,"ebitOnInterest":null,"earningPerShare":2136,"bookValuePerShare":28167,"interestMargin":null,"nonInterestOnToi":null,"badDebtPercentage":null,"provisionOnBadDebt":null,"costOfFinancing":null,"equityOnTotalAsset":0.095,"equityOnLoan":null,"costToIncome":null,"equityOnLiability":0.1,"currentPayment":2.9,"quickPayment":2.9,"epsChange":0.038,"ebitdaOnStock":-8112,"grossProfitMargin":null,"operatingProfitMargin":null,"postTaxMargin":null,"debtOnEquity":0.1,"debtOnAsset":0,"debtOnEbitda":-0.4,"shortOnLongDebt":31.5,"assetOnEquity":10.5,"capitalBalance":87756,"cashOnEquity":0.121,"cashOnCapitalize":0.076,"cashCirculation":null,"revenueOnWorkCapital":0,"capexOnFixedAsset":-0.059,"revenueOnAsset":0,"postTaxOnPreTax":0.8,"ebitOnRevenue":null,"preTaxOnEbit":-0.4,"preProvisionOnToi":null,"postTaxOnToi":null,"loanOnEarnAsset":null,"loanOnAsset":null,"loanOnDeposit":null,"depositOnEarnAsset":null,"badDebtOnAsset":null,"liquidityOnLiability":null,"payableOnEquity":9.1,"cancelDebt":null,"ebitdaOnStockChange":-0.008,"bookValuePerShareChange":0.025,"creditGrowth":null}]