[{"ticker":"BVH","quarter":2,"year":2024,"revenue":9991,"yearRevenueGrowth":0.01,"quarterRevenueGrowth":0.039,"costOfGoodSold":-10393,"grossProfit":-402,"operationExpense":-1641,"operationProfit":-2043,"yearOperationProfitGrowth":null,"quarterOperationProfitGrowth":null,"interestExpense":null,"preTaxProfit":534,"postTaxProfit":442,"shareHolderIncome":428,"yearShareHolderIncomeGrowth":0.064,"quarterShareHolderIncomeGrowth":-0.27,"investProfit":null,"serviceProfit":null,"otherProfit":null,"provisionExpense":null,"operationIncome":null,"ebitda":-1912},{"ticker":"BVH","quarter":1,"year":2024,"revenue":9619,"yearRevenueGrowth":-0.023,"quarterRevenueGrowth":-0.09,"costOfGoodSold":-10107,"grossProfit":-489,"operationExpense":-1664,"operationProfit":-2153,"yearOperationProfitGrowth":null,"quarterOperationProfitGrowth":null,"interestExpense":null,"preTaxProfit":742,"postTaxProfit":617,"shareHolderIncome":586,"yearShareHolderIncomeGrowth":0.109,"quarterShareHolderIncomeGrowth":0.633,"investProfit":null,"serviceProfit":null,"otherProfit":null,"provisionExpense":null,"operationIncome":null,"ebitda":-2098},{"ticker":"BVH","quarter":4,"year":2023,"revenue":10570,"yearRevenueGrowth":-0.002,"quarterRevenueGrowth":0.087,"costOfGoodSold":-11360,"grossProfit":-790,"operationExpense":-1396,"operationProfit":-2186,"yearOperationProfitGrowth":null,"quarterOperationProfitGrowth":null,"interestExpense":null,"preTaxProfit":448,"postTaxProfit":370,"shareHolderIncome":359,"yearShareHolderIncomeGrowth":0.05,"quarterShareHolderIncomeGrowth":-0.173,"investProfit":null,"serviceProfit":null,"otherProfit":null,"provisionExpense":null,"operationIncome":null,"ebitda":-2139},{"ticker":"BVH","quarter":3,"year":2023,"revenue":9726,"yearRevenueGrowth":-0.032,"quarterRevenueGrowth":-0.017,"costOfGoodSold":-10521,"grossProfit":-795,"operationExpense":-1547,"operationProfit":-2342,"yearOperationProfitGrowth":null,"quarterOperationProfitGrowth":null,"interestExpense":null,"preTaxProfit":548,"postTaxProfit":460,"shareHolderIncome":434,"yearShareHolderIncomeGrowth":0.129,"quarterShareHolderIncomeGrowth":0.078,"investProfit":null,"serviceProfit":null,"otherProfit":null,"provisionExpense":null,"operationIncome":null,"ebitda":-2287},{"ticker":"BVH","quarter":2,"year":2023,"revenue":9891,"yearRevenueGrowth":-0.043,"quarterRevenueGrowth":0.005,"costOfGoodSold":-10686,"grossProfit":-795,"operationExpense":-1467,"operationProfit":-2262,"yearOperationProfitGrowth":null,"quarterOperationProfitGrowth":null,"interestExpense":null,"preTaxProfit":507,"postTaxProfit":422,"shareHolderIncome":402,"yearShareHolderIncomeGrowth":0.211,"quarterShareHolderIncomeGrowth":-0.238,"investProfit":null,"serviceProfit":null,"otherProfit":null,"provisionExpense":null,"operationIncome":null,"ebitda":-2209},{"ticker":"BVH","quarter":1,"year":2023,"revenue":9846,"yearRevenueGrowth":0.012,"quarterRevenueGrowth":-0.07,"costOfGoodSold":-9958,"grossProfit":-111,"operationExpense":-1759,"operationProfit":-1870,"yearOperationProfitGrowth":null,"quarterOperationProfitGrowth":null,"interestExpense":null,"preTaxProfit":657,"postTaxProfit":546,"shareHolderIncome":528,"yearShareHolderIncomeGrowth":0.122,"quarterShareHolderIncomeGrowth":0.547,"investProfit":null,"serviceProfit":null,"otherProfit":null,"provisionExpense":null,"operationIncome":null,"ebitda":-1820}]