{"priceToEarning":{"top200AvgValue":"17.2","industryName":"Bảo hiểm","industryAvgValue":"12.2"},"valueBeforeEbitda":{"top200AvgValue":"14.1","industryName":"Bảo hiểm","industryAvgValue":"-6.4"},"priceToBook":{"top200AvgValue":"1.8","industryName":"Bảo hiểm","industryAvgValue":"1.3"},"dividend":{"top200AvgValue":"0","industryName":"Bảo hiểm","industryAvgValue":"0.013"},"roe":{"top200AvgValue":"0.105","industryName":"Bảo hiểm","industryAvgValue":"0.129"},"roa":{"top200AvgValue":"0.038","industryName":"Bảo hiểm","industryAvgValue":"0.04"},"grossProfitMargin":{"top200AvgValue":"0.28","industryName":"Bảo hiểm","industryAvgValue":null},"operatingProfitMargin":{"top200AvgValue":"0.166","industryName":"Bảo hiểm","industryAvgValue":null},"postTaxMargin":{"top200AvgValue":"0.143","industryName":"Bảo hiểm","industryAvgValue":null},"debtOnEquity":{"top200AvgValue":"1.3","industryName":"Bảo hiểm","industryAvgValue":"2.6"},"debtOnAsset":{"top200AvgValue":"0.6","industryName":"Bảo hiểm","industryAvgValue":"0.7"},"debtOnEbitda":{"top200AvgValue":"2.2","industryName":"Bảo hiểm","industryAvgValue":"-0.1"},"shortOnLongDebt":{"top200AvgValue":"1.1","industryName":"Bảo hiểm","industryAvgValue":"12054.7"},"ebitOnInterest":{"top200AvgValue":"5.6","industryName":"Bảo hiểm","industryAvgValue":null},"assetOnEquity":{"top200AvgValue":"2.4","industryName":"Bảo hiểm","industryAvgValue":"3.6"},"cashOnEquity":{"top200AvgValue":"0.107","industryName":"Bảo hiểm","industryAvgValue":"0.09"},"cashOnCapitalize":{"top200AvgValue":"0.059","industryName":"Bảo hiểm","industryAvgValue":"0.067"},"currentPayment":{"top200AvgValue":"1.7","industryName":"Bảo hiểm","industryAvgValue":"1.3"},"quickPayment":{"top200AvgValue":"1.3","industryName":"Bảo hiểm","industryAvgValue":"1.3"},"daysReceivable":{"top200AvgValue":"145","industryName":"Bảo hiểm","industryAvgValue":null},"daysInventory":{"top200AvgValue":"73","industryName":"Bảo hiểm","industryAvgValue":null},"daysPayable":{"top200AvgValue":"34","industryName":"Bảo hiểm","industryAvgValue":"5068"},"cashCirculation":{"top200AvgValue":"0.2","industryName":"Bảo hiểm","industryAvgValue":"0"},"revenueOnWorkCapital":{"top200AvgValue":"2.2","industryName":"Bảo hiểm","industryAvgValue":"0"},"revenueOnAsset":{"top200AvgValue":"0.5","industryName":"Bảo hiểm","industryAvgValue":"0"},"ebitOnRevenue":{"top200AvgValue":"0.166","industryName":"Bảo hiểm","industryAvgValue":null},"netDebtOnEbitda":{"top200AvgValue":"2.2","industryName":"Bảo hiểm","industryAvgValue":"-0.1"},"netDebtOnEquity":{"top200AvgValue":"0.5","industryName":"Bảo hiểm","industryAvgValue":"0"},"priceToSales":{"top200AvgValue":"2.3","industryName":"Bảo hiểm","industryAvgValue":null}}