{"capitalize":32662,"tradeVolume":410828,"priceToEarning":18.1,"priceToBook":1.5,"valueBeforeEbitda":-5.2,"dividend":0,"roe":0.083,"profitGrowthAvarage":0.097,"ageOfReceivable":null,"ageOfInventory":null,"payableOnEquity":9.1,"payableOnEbitda":-0.5,"ebitOnInterest":null,"shortOnLongTermPayable":12054.7,"revenue":39906,"operationProfit":-6249,"netProfit":1806,"earningPerShare":2433,"asset":234844,"liability":211615,"equity":23229,"bookValuePerShare":30000,"profitMargin":null,"nonInterestOnToi":null,"loanOnDeposit":null,"creditGrowth":null,"badDebtPercentage":null,"provisionOnBadDebt":null,"customerCredit":null,"betaIndex":null,"ticker":"BVH"}