[{"ticker":"HAG","quarter":2,"year":2024,"shortAsset":8708,"cash":136,"shortInvest":0,"shortReceivable":7772,"inventory":768,"longAsset":12463,"fixedAsset":5602,"asset":21170,"debt":12750,"shortDebt":3952,"longDebt":2981,"equity":8420,"capital":10575,"centralBankDeposit":null,"otherBankDeposit":null,"otherBankLoan":null,"stockInvest":null,"customerLoan":null,"badLoan":null,"provision":null,"netCustomerLoan":null,"otherAsset":null,"otherBankCredit":null,"oweOtherBank":null,"oweCentralBank":null,"valuablePaper":null,"payableInterest":null,"receivableInterest":null,"deposit":null,"otherDebt":191,"fund":null,"unDistributedIncome":0,"minorShareHolderProfit":557,"payable":12750},{"ticker":"HAG","quarter":1,"year":2024,"shortAsset":8531,"cash":40,"shortInvest":0,"shortReceivable":7657,"inventory":804,"longAsset":12639,"fixedAsset":5903,"asset":21170,"debt":14137,"shortDebt":4450,"longDebt":3366,"equity":7032,"capital":9275,"centralBankDeposit":null,"otherBankDeposit":null,"otherBankLoan":null,"stockInvest":null,"customerLoan":null,"badLoan":null,"provision":null,"netCustomerLoan":null,"otherAsset":null,"otherBankCredit":null,"oweOtherBank":null,"oweCentralBank":null,"valuablePaper":null,"payableInterest":null,"receivableInterest":null,"deposit":null,"otherDebt":193,"fund":null,"unDistributedIncome":0,"minorShareHolderProfit":501,"payable":14137},{"ticker":"HAG","quarter":4,"year":2023,"shortAsset":9351,"cash":42,"shortInvest":0,"shortReceivable":8370,"inventory":921,"longAsset":12176,"fixedAsset":5399,"asset":21528,"debt":14802,"shortDebt":4829,"longDebt":3082,"equity":6726,"capital":9275,"centralBankDeposit":null,"otherBankDeposit":null,"otherBankLoan":null,"stockInvest":null,"customerLoan":null,"badLoan":null,"provision":null,"netCustomerLoan":null,"otherAsset":null,"otherBankCredit":null,"oweOtherBank":null,"oweCentralBank":null,"valuablePaper":null,"payableInterest":null,"receivableInterest":null,"deposit":null,"otherDebt":210,"fund":null,"unDistributedIncome":0,"minorShareHolderProfit":318,"payable":14802},{"ticker":"HAG","quarter":3,"year":2023,"shortAsset":6394,"cash":62,"shortInvest":0,"shortReceivable":5085,"inventory":1222,"longAsset":15103,"fixedAsset":5599,"asset":21496,"debt":15953,"shortDebt":3930,"longDebt":3848,"equity":5544,"capital":9275,"centralBankDeposit":null,"otherBankDeposit":null,"otherBankLoan":null,"stockInvest":null,"customerLoan":null,"badLoan":null,"provision":null,"netCustomerLoan":null,"otherAsset":null,"otherBankCredit":null,"oweOtherBank":null,"oweCentralBank":null,"valuablePaper":null,"payableInterest":null,"receivableInterest":null,"deposit":null,"otherDebt":164,"fund":null,"unDistributedIncome":0,"minorShareHolderProfit":215,"payable":15953},{"ticker":"HAG","quarter":2,"year":2023,"shortAsset":7816,"cash":50,"shortInvest":0,"shortReceivable":6478,"inventory":1258,"longAsset":13097,"fixedAsset":5711,"asset":20913,"debt":15690,"shortDebt":4115,"longDebt":3970,"equity":5223,"capital":9275,"centralBankDeposit":null,"otherBankDeposit":null,"otherBankLoan":null,"stockInvest":null,"customerLoan":null,"badLoan":null,"provision":null,"netCustomerLoan":null,"otherAsset":null,"otherBankCredit":null,"oweOtherBank":null,"oweCentralBank":null,"valuablePaper":null,"payableInterest":null,"receivableInterest":null,"deposit":null,"otherDebt":152,"fund":null,"unDistributedIncome":0,"minorShareHolderProfit":209,"payable":15690},{"ticker":"HAG","quarter":1,"year":2023,"shortAsset":8683,"cash":43,"shortInvest":0,"shortReceivable":7609,"inventory":981,"longAsset":11897,"fixedAsset":3991,"asset":20580,"debt":15254,"shortDebt":4145,"longDebt":4000,"equity":5326,"capital":9275,"centralBankDeposit":null,"otherBankDeposit":null,"otherBankLoan":null,"stockInvest":null,"customerLoan":null,"badLoan":null,"provision":null,"netCustomerLoan":null,"otherAsset":null,"otherBankCredit":null,"oweOtherBank":null,"oweCentralBank":null,"valuablePaper":null,"payableInterest":null,"receivableInterest":null,"deposit":null,"otherDebt":130,"fund":null,"unDistributedIncome":0,"minorShareHolderProfit":197,"payable":15254}]