[{"ticker":"HAG","quarter":2,"year":2024,"investCost":-209,"fromInvest":-78,"fromFinancial":515,"fromSale":-340,"freeCashFlow":2787},{"ticker":"HAG","quarter":1,"year":2024,"investCost":-125,"fromInvest":154,"fromFinancial":-30,"fromSale":-126,"freeCashFlow":2003},{"ticker":"HAG","quarter":4,"year":2023,"investCost":-150,"fromInvest":360,"fromFinancial":15,"fromSale":-396,"freeCashFlow":2432},{"ticker":"HAG","quarter":3,"year":2023,"investCost":-181,"fromInvest":-69,"fromFinancial":-299,"fromSale":380,"freeCashFlow":1320},{"ticker":"HAG","quarter":2,"year":2023,"investCost":-15,"fromInvest":249,"fromFinancial":-28,"fromSale":-214,"freeCashFlow":1617},{"ticker":"HAG","quarter":1,"year":2023,"investCost":-52,"fromInvest":-82,"fromFinancial":17,"fromSale":35,"freeCashFlow":1556}]