[{"ticker":"HAG","quarter":2,"year":2024,"priceToEarning":6.2,"priceToBook":1.4,"valueBeforeEbitda":10.5,"dividend":null,"roe":0.28,"roa":0.086,"daysReceivable":-66,"daysInventory":76,"daysPayable":79,"ebitOnInterest":2.2,"earningPerShare":1706,"bookValuePerShare":7436,"interestMargin":null,"nonInterestOnToi":null,"badDebtPercentage":null,"provisionOnBadDebt":null,"costOfFinancing":null,"equityOnTotalAsset":0.371,"equityOnLoan":null,"costToIncome":null,"equityOnLiability":0.7,"currentPayment":1,"quickPayment":0.9,"epsChange":0.105,"ebitdaOnStock":1787,"grossProfitMargin":0.317,"operatingProfitMargin":0.229,"postTaxMargin":0.173,"debtOnEquity":0.8,"debtOnAsset":0.3,"debtOnEbitda":4.2,"shortOnLongDebt":1.3,"assetOnEquity":2.7,"capitalBalance":-350,"cashOnEquity":0.016,"cashOnCapitalize":0.012,"cashCirculation":-68,"revenueOnWorkCapital":null,"capexOnFixedAsset":-0.118,"revenueOnAsset":0.3,"postTaxOnPreTax":1,"ebitOnRevenue":0.229,"preTaxOnEbit":0.7,"preProvisionOnToi":null,"postTaxOnToi":null,"loanOnEarnAsset":null,"loanOnAsset":null,"loanOnDeposit":null,"depositOnEarnAsset":null,"badDebtOnAsset":null,"liquidityOnLiability":null,"payableOnEquity":1.5,"cancelDebt":null,"ebitdaOnStockChange":0.163,"bookValuePerShareChange":0.204,"creditGrowth":null},{"ticker":"HAG","quarter":1,"year":2024,"priceToEarning":8.5,"priceToBook":2.1,"valueBeforeEbitda":14.8,"dividend":null,"roe":0.28,"roa":0.078,"daysReceivable":-74,"daysInventory":65,"daysPayable":64,"ebitOnInterest":2.1,"earningPerShare":1544,"bookValuePerShare":6176,"interestMargin":null,"nonInterestOnToi":null,"badDebtPercentage":null,"provisionOnBadDebt":null,"costOfFinancing":null,"equityOnTotalAsset":0.309,"equityOnLoan":null,"costToIncome":null,"equityOnLiability":0.5,"currentPayment":0.9,"quickPayment":0.8,"epsChange":-0.045,"ebitdaOnStock":1537,"grossProfitMargin":0.402,"operatingProfitMargin":0.278,"postTaxMargin":0.173,"debtOnEquity":1.1,"debtOnAsset":0.4,"debtOnEbitda":5.6,"shortOnLongDebt":1.3,"assetOnEquity":3.2,"capitalBalance":-1125,"cashOnEquity":0.006,"cashOnCapitalize":0.003,"cashCirculation":-73,"revenueOnWorkCapital":null,"capexOnFixedAsset":-0.095,"revenueOnAsset":0.3,"postTaxOnPreTax":0.9,"ebitOnRevenue":0.278,"preTaxOnEbit":0.7,"preProvisionOnToi":null,"postTaxOnToi":null,"loanOnEarnAsset":null,"loanOnAsset":null,"loanOnDeposit":null,"depositOnEarnAsset":null,"badDebtOnAsset":null,"liquidityOnLiability":null,"payableOnEquity":2,"cancelDebt":null,"ebitdaOnStockChange":0.027,"bookValuePerShareChange":0.019,"creditGrowth":null},{"ticker":"HAG","quarter":4,"year":2023,"priceToEarning":8.2,"priceToBook":2.2,"valueBeforeEbitda":15.2,"dividend":null,"roe":0.299,"roa":0.082,"daysReceivable":-54,"daysInventory":67,"daysPayable":57,"ebitOnInterest":-0.1,"earningPerShare":1616,"bookValuePerShare":6059,"interestMargin":null,"nonInterestOnToi":null,"badDebtPercentage":null,"provisionOnBadDebt":null,"costOfFinancing":null,"equityOnTotalAsset":0.298,"equityOnLoan":null,"costToIncome":null,"equityOnLiability":0.5,"currentPayment":0.9,"quickPayment":0.8,"epsChange":0.723,"ebitdaOnStock":1496,"grossProfitMargin":0.114,"operatingProfitMargin":0.029,"postTaxMargin":0.531,"debtOnEquity":1.2,"debtOnAsset":0.4,"debtOnEbitda":5.8,"shortOnLongDebt":1.6,"assetOnEquity":3.4,"capitalBalance":-1256,"cashOnEquity":0.006,"cashOnCapitalize":0.003,"cashCirculation":-44,"revenueOnWorkCapital":null,"capexOnFixedAsset":-0.086,"revenueOnAsset":0.3,"postTaxOnPreTax":0.9,"ebitOnRevenue":0.029,"preTaxOnEbit":19.5,"preProvisionOnToi":null,"postTaxOnToi":null,"loanOnEarnAsset":null,"loanOnAsset":null,"loanOnDeposit":null,"depositOnEarnAsset":null,"badDebtOnAsset":null,"liquidityOnLiability":null,"payableOnEquity":2.2,"cancelDebt":null,"ebitdaOnStockChange":-0.261,"bookValuePerShareChange":0.202,"creditGrowth":null},{"ticker":"HAG","quarter":3,"year":2023,"priceToEarning":8.2,"priceToBook":1.5,"valueBeforeEbitda":11.6,"dividend":null,"roe":0.197,"roa":0.049,"daysReceivable":-90,"daysInventory":81,"daysPayable":58,"ebitOnInterest":2.1,"earningPerShare":938,"bookValuePerShare":5039,"interestMargin":null,"nonInterestOnToi":null,"badDebtPercentage":null,"provisionOnBadDebt":null,"costOfFinancing":null,"equityOnTotalAsset":0.248,"equityOnLoan":null,"costToIncome":null,"equityOnLiability":0.3,"currentPayment":0.6,"quickPayment":0.5,"epsChange":-0.039,"ebitdaOnStock":2025,"grossProfitMargin":0.275,"operatingProfitMargin":0.218,"postTaxMargin":0.169,"debtOnEquity":1.4,"debtOnAsset":0.4,"debtOnEbitda":4.4,"shortOnLongDebt":1,"assetOnEquity":4,"capitalBalance":-4016,"cashOnEquity":0.011,"cashOnCapitalize":0.004,"cashCirculation":-66,"revenueOnWorkCapital":null,"capexOnFixedAsset":-0.084,"revenueOnAsset":0.3,"postTaxOnPreTax":0.9,"ebitOnRevenue":0.218,"preTaxOnEbit":0.8,"preProvisionOnToi":null,"postTaxOnToi":null,"loanOnEarnAsset":null,"loanOnAsset":null,"loanOnDeposit":null,"depositOnEarnAsset":null,"badDebtOnAsset":null,"liquidityOnLiability":null,"payableOnEquity":2.9,"cancelDebt":null,"ebitdaOnStockChange":0.016,"bookValuePerShareChange":0.063,"creditGrowth":null},{"ticker":"HAG","quarter":2,"year":2023,"priceToEarning":8.3,"priceToBook":1.7,"valueBeforeEbitda":8.6,"dividend":null,"roe":0.219,"roa":0.051,"daysReceivable":-53,"daysInventory":79,"daysPayable":47,"ebitOnInterest":0.4,"earningPerShare":976,"bookValuePerShare":4741,"interestMargin":null,"nonInterestOnToi":null,"badDebtPercentage":null,"provisionOnBadDebt":null,"costOfFinancing":null,"equityOnTotalAsset":0.24,"equityOnLoan":null,"costToIncome":null,"equityOnLiability":0.3,"currentPayment":0.8,"quickPayment":0.7,"epsChange":-0.154,"ebitdaOnStock":1993,"grossProfitMargin":0.149,"operatingProfitMargin":0.086,"postTaxMargin":0.063,"debtOnEquity":1.5,"debtOnAsset":0.4,"debtOnEbitda":4.6,"shortOnLongDebt":1,"assetOnEquity":4.2,"capitalBalance":-2004,"cashOnEquity":0.01,"cashOnCapitalize":0.006,"cashCirculation":-22,"revenueOnWorkCapital":null,"capexOnFixedAsset":-0.101,"revenueOnAsset":0.3,"postTaxOnPreTax":1.3,"ebitOnRevenue":0.086,"preTaxOnEbit":0.5,"preProvisionOnToi":null,"postTaxOnToi":null,"loanOnEarnAsset":null,"loanOnAsset":null,"loanOnDeposit":null,"depositOnEarnAsset":null,"badDebtOnAsset":null,"liquidityOnLiability":null,"payableOnEquity":3,"cancelDebt":null,"ebitdaOnStockChange":-0.315,"bookValuePerShareChange":-0.022,"creditGrowth":null},{"ticker":"HAG","quarter":1,"year":2023,"priceToEarning":6.3,"priceToBook":1.5,"valueBeforeEbitda":6.1,"dividend":null,"roe":0.251,"roa":0.062,"daysReceivable":-112,"daysInventory":65,"daysPayable":35,"ebitOnInterest":1.9,"earningPerShare":1154,"bookValuePerShare":4850,"interestMargin":null,"nonInterestOnToi":null,"badDebtPercentage":null,"provisionOnBadDebt":null,"costOfFinancing":null,"equityOnTotalAsset":0.249,"equityOnLoan":null,"costToIncome":null,"equityOnLiability":0.3,"currentPayment":0.9,"quickPayment":0.8,"epsChange":0.035,"ebitdaOnStock":2908,"grossProfitMargin":0.243,"operatingProfitMargin":0.187,"postTaxMargin":0.172,"debtOnEquity":1.5,"debtOnAsset":0.4,"debtOnEbitda":3.1,"shortOnLongDebt":1,"assetOnEquity":4,"capitalBalance":-1504,"cashOnEquity":0.008,"cashOnCapitalize":0.005,"cashCirculation":-82,"revenueOnWorkCapital":null,"capexOnFixedAsset":-0.098,"revenueOnAsset":0.3,"postTaxOnPreTax":1,"ebitOnRevenue":0.187,"preTaxOnEbit":1,"preProvisionOnToi":null,"postTaxOnToi":null,"loanOnEarnAsset":null,"loanOnAsset":null,"loanOnDeposit":null,"depositOnEarnAsset":null,"badDebtOnAsset":null,"liquidityOnLiability":null,"payableOnEquity":2.9,"cancelDebt":null,"ebitdaOnStockChange":0.022,"bookValuePerShareChange":0.018,"creditGrowth":null}]