[{"ticker":"HAG","quarter":2,"year":2024,"revenue":1521,"yearRevenueGrowth":0.051,"quarterRevenueGrowth":0.226,"costOfGoodSold":-1039,"grossProfit":482,"operationExpense":-135,"operationProfit":348,"yearOperationProfitGrowth":1.802,"quarterOperationProfitGrowth":0.009,"interestExpense":-159,"preTaxProfit":259,"postTaxProfit":274,"shareHolderIncome":263,"yearShareHolderIncomeGrowth":1.88,"quarterShareHolderIncomeGrowth":0.222,"investProfit":null,"serviceProfit":null,"otherProfit":null,"provisionExpense":null,"operationIncome":null,"ebitda":628},{"ticker":"HAG","quarter":1,"year":2024,"revenue":1241,"yearRevenueGrowth":-0.269,"quarterRevenueGrowth":-0.346,"costOfGoodSold":-743,"grossProfit":498,"operationExpense":-154,"operationProfit":345,"yearOperationProfitGrowth":0.088,"quarterOperationProfitGrowth":5.161,"interestExpense":-168,"preTaxProfit":226,"postTaxProfit":226,"shareHolderIncome":215,"yearShareHolderIncomeGrowth":-0.262,"quarterShareHolderIncomeGrowth":-0.787,"investProfit":null,"serviceProfit":null,"otherProfit":null,"provisionExpense":null,"operationIncome":null,"ebitda":428},{"ticker":"HAG","quarter":4,"year":2023,"revenue":1898,"yearRevenueGrowth":0.179,"quarterRevenueGrowth":0.005,"costOfGoodSold":-1681,"grossProfit":217,"operationExpense":-161,"operationProfit":56,"yearOperationProfitGrowth":-0.912,"quarterOperationProfitGrowth":-0.864,"interestExpense":952,"preTaxProfit":1092,"postTaxProfit":1108,"shareHolderIncome":1007,"yearShareHolderIncomeGrowth":2.475,"quarterShareHolderIncomeGrowth":2.147,"investProfit":null,"serviceProfit":null,"otherProfit":null,"provisionExpense":null,"operationIncome":null,"ebitda":186},{"ticker":"HAG","quarter":3,"year":2023,"revenue":1889,"yearRevenueGrowth":0.311,"quarterRevenueGrowth":0.305,"costOfGoodSold":-1371,"grossProfit":519,"operationExpense":-106,"operationProfit":412,"yearOperationProfitGrowth":0.022,"quarterOperationProfitGrowth":2.323,"interestExpense":-196,"preTaxProfit":342,"postTaxProfit":325,"shareHolderIncome":320,"yearShareHolderIncomeGrowth":-0.113,"quarterShareHolderIncomeGrowth":2.508,"investProfit":null,"serviceProfit":null,"otherProfit":null,"provisionExpense":null,"operationIncome":null,"ebitda":531},{"ticker":"HAG","quarter":2,"year":2023,"revenue":1448,"yearRevenueGrowth":0.18,"quarterRevenueGrowth":-0.147,"costOfGoodSold":-1232,"grossProfit":216,"operationExpense":-92,"operationProfit":124,"yearOperationProfitGrowth":-0.88,"quarterOperationProfitGrowth":-0.608,"interestExpense":-315,"preTaxProfit":68,"postTaxProfit":82,"shareHolderIncome":91,"yearShareHolderIncomeGrowth":-0.674,"quarterShareHolderIncomeGrowth":-0.687,"investProfit":null,"serviceProfit":null,"otherProfit":null,"provisionExpense":null,"operationIncome":null,"ebitda":280},{"ticker":"HAG","quarter":1,"year":2023,"revenue":1697,"yearRevenueGrowth":1.114,"quarterRevenueGrowth":0.054,"costOfGoodSold":-1285,"grossProfit":412,"operationExpense":-96,"operationProfit":317,"yearOperationProfitGrowth":0.304,"quarterOperationProfitGrowth":-0.501,"interestExpense":-168,"preTaxProfit":304,"postTaxProfit":303,"shareHolderIncome":291,"yearShareHolderIncomeGrowth":0.164,"quarterShareHolderIncomeGrowth":0.005,"investProfit":null,"serviceProfit":null,"otherProfit":null,"provisionExpense":null,"operationIncome":null,"ebitda":390}]