{"exchange":"HOSE","shortName":"Hoàng Anh Gia Lai","industryID":217,"industryIDv2":"3573","industryIdLevel2":"3500","industryIdLevel4":"3573","industry":"Thực phẩm và đồ uống","industryEn":"Food & Beverage","establishedYear":"2006","noEmployees":1748,"noShareholders":37842,"foreignPercent":0.023,"website":"http://www.hagl.com.vn","stockRating":2.3,"deltaInWeek":-0.034,"deltaInMonth":-0.007,"deltaInYear":0.174,"outstandingShare":1057.4,"issueShare":1057.5,"companyType":"CT","ticker":"HAG"}