{"capitalize":11208,"tradeVolume":3508163,"priceToEarning":6.2,"priceToBook":1.4,"valueBeforeEbitda":10.5,"dividend":0,"roe":0.28,"profitGrowthAvarage":0.699,"ageOfReceivable":-65.6,"ageOfInventory":76.5,"payableOnEquity":1.5,"payableOnEbitda":4.2,"ebitOnInterest":2.2,"shortOnLongTermPayable":1.3,"revenue":6549,"operationProfit":1160,"netProfit":1804,"earningPerShare":1706,"asset":21170,"liability":12750,"equity":8420,"bookValuePerShare":7436,"profitMargin":null,"nonInterestOnToi":null,"loanOnDeposit":null,"creditGrowth":null,"badDebtPercentage":null,"provisionOnBadDebt":null,"customerCredit":null,"betaIndex":null,"ticker":"HAG"}