[{"ticker":"HSG","quarter":2,"year":2024,"shortAsset":14222,"cash":473,"shortInvest":31,"shortReceivable":2422,"inventory":10158,"longAsset":5501,"fixedAsset":4283,"asset":19723,"debt":8615,"shortDebt":5944,"longDebt":0,"equity":11108,"capital":6160,"centralBankDeposit":null,"otherBankDeposit":null,"otherBankLoan":null,"stockInvest":null,"customerLoan":null,"badLoan":null,"provision":null,"netCustomerLoan":null,"otherAsset":null,"otherBankCredit":null,"oweOtherBank":null,"oweCentralBank":null,"valuablePaper":null,"payableInterest":null,"receivableInterest":null,"deposit":null,"otherDebt":32,"fund":null,"unDistributedIncome":0,"minorShareHolderProfit":16,"payable":8615},{"ticker":"HSG","quarter":1,"year":2024,"shortAsset":16304,"cash":370,"shortInvest":24,"shortReceivable":2602,"inventory":11920,"longAsset":5672,"fixedAsset":4516,"asset":21977,"debt":10817,"shortDebt":6164,"longDebt":0,"equity":11160,"capital":6160,"centralBankDeposit":null,"otherBankDeposit":null,"otherBankLoan":null,"stockInvest":null,"customerLoan":null,"badLoan":null,"provision":null,"netCustomerLoan":null,"otherAsset":null,"otherBankCredit":null,"oweOtherBank":null,"oweCentralBank":null,"valuablePaper":null,"payableInterest":null,"receivableInterest":null,"deposit":null,"otherDebt":38,"fund":null,"unDistributedIncome":0,"minorShareHolderProfit":16,"payable":10817},{"ticker":"HSG","quarter":4,"year":2023,"shortAsset":12957,"cash":1686,"shortInvest":24,"shortReceivable":2415,"inventory":8025,"longAsset":5841,"fixedAsset":4764,"asset":18798,"debt":7928,"shortDebt":4684,"longDebt":0,"equity":10871,"capital":6160,"centralBankDeposit":null,"otherBankDeposit":null,"otherBankLoan":null,"stockInvest":null,"customerLoan":null,"badLoan":null,"provision":null,"netCustomerLoan":null,"otherAsset":null,"otherBankCredit":null,"oweOtherBank":null,"oweCentralBank":null,"valuablePaper":null,"payableInterest":null,"receivableInterest":null,"deposit":null,"otherDebt":128,"fund":null,"unDistributedIncome":0,"minorShareHolderProfit":16,"payable":7928},{"ticker":"HSG","quarter":3,"year":2023,"shortAsset":11275,"cash":597,"shortInvest":26,"shortReceivable":2322,"inventory":7629,"longAsset":6090,"fixedAsset":5020,"asset":17365,"debt":6585,"shortDebt":2936,"longDebt":0,"equity":10780,"capital":6160,"centralBankDeposit":null,"otherBankDeposit":null,"otherBankLoan":null,"stockInvest":null,"customerLoan":null,"badLoan":null,"provision":null,"netCustomerLoan":null,"otherAsset":null,"otherBankCredit":null,"oweOtherBank":null,"oweCentralBank":null,"valuablePaper":null,"payableInterest":null,"receivableInterest":null,"deposit":null,"otherDebt":51,"fund":null,"unDistributedIncome":0,"minorShareHolderProfit":16,"payable":6585},{"ticker":"HSG","quarter":2,"year":2023,"shortAsset":10125,"cash":713,"shortInvest":26,"shortReceivable":2416,"inventory":6249,"longAsset":6401,"fixedAsset":5225,"asset":16527,"debt":6160,"shortDebt":4370,"longDebt":0,"equity":10367,"capital":5981,"centralBankDeposit":null,"otherBankDeposit":null,"otherBankLoan":null,"stockInvest":null,"customerLoan":null,"badLoan":null,"provision":null,"netCustomerLoan":null,"otherAsset":null,"otherBankCredit":null,"oweOtherBank":null,"oweCentralBank":null,"valuablePaper":null,"payableInterest":null,"receivableInterest":null,"deposit":null,"otherDebt":25,"fund":null,"unDistributedIncome":0,"minorShareHolderProfit":16,"payable":6160},{"ticker":"HSG","quarter":1,"year":2023,"shortAsset":10134,"cash":325,"shortInvest":26,"shortReceivable":1925,"inventory":7013,"longAsset":6630,"fixedAsset":5474,"asset":16764,"debt":6366,"shortDebt":3578,"longDebt":0,"equity":10398,"capital":5981,"centralBankDeposit":null,"otherBankDeposit":null,"otherBankLoan":null,"stockInvest":null,"customerLoan":null,"badLoan":null,"provision":null,"netCustomerLoan":null,"otherAsset":null,"otherBankCredit":null,"oweOtherBank":null,"oweCentralBank":null,"valuablePaper":null,"payableInterest":null,"receivableInterest":null,"deposit":null,"otherDebt":69,"fund":null,"unDistributedIncome":0,"minorShareHolderProfit":16,"payable":6366}]