[{"ticker":"HSG","quarter":2,"year":2024,"investCost":-48,"fromInvest":-35,"fromFinancial":-528,"fromSale":666,"freeCashFlow":1158},{"ticker":"HSG","quarter":1,"year":2024,"investCost":-73,"fromInvest":-57,"fromFinancial":1480,"fromSale":-2739,"freeCashFlow":4432},{"ticker":"HSG","quarter":4,"year":2023,"investCost":0,"fromInvest":13,"fromFinancial":1748,"fromSale":-673,"freeCashFlow":2236},{"ticker":"HSG","quarter":3,"year":2023,"investCost":-178,"fromInvest":-174,"fromFinancial":-1434,"fromSale":1490,"freeCashFlow":-715},{"ticker":"HSG","quarter":2,"year":2023,"investCost":13,"fromInvest":16,"fromFinancial":792,"fromSale":-409,"freeCashFlow":-293},{"ticker":"HSG","quarter":1,"year":2023,"investCost":-158,"fromInvest":-148,"fromFinancial":884,"fromSale":-1069,"freeCashFlow":395}]