[{"ticker":"HSG","quarter":2,"year":2024,"priceToEarning":11.3,"priceToBook":1.2,"valueBeforeEbitda":8.7,"dividend":null,"roe":0.106,"roa":0.063,"daysReceivable":47,"daysInventory":91,"daysPayable":14,"ebitOnInterest":7.8,"earningPerShare":1829,"bookValuePerShare":17862,"interestMargin":null,"nonInterestOnToi":null,"badDebtPercentage":null,"provisionOnBadDebt":null,"costOfFinancing":null,"equityOnTotalAsset":0.562,"equityOnLoan":null,"costToIncome":null,"equityOnLiability":1.3,"currentPayment":1.7,"quickPayment":0.5,"epsChange":0.296,"ebitdaOnStock":3450,"grossProfitMargin":0.123,"operatingProfitMargin":0.028,"postTaxMargin":0.025,"debtOnEquity":0.5,"debtOnAsset":0.3,"debtOnEbitda":2.5,"shortOnLongDebt":null,"assetOnEquity":1.8,"capitalBalance":5623,"cashOnEquity":0.043,"cashOnCapitalize":0.037,"cashCirculation":125,"revenueOnWorkCapital":7.8,"capexOnFixedAsset":-0.063,"revenueOnAsset":2.1,"postTaxOnPreTax":1,"ebitOnRevenue":0.028,"preTaxOnEbit":0.9,"preProvisionOnToi":null,"postTaxOnToi":null,"loanOnEarnAsset":null,"loanOnAsset":null,"loanOnDeposit":null,"depositOnEarnAsset":null,"badDebtOnAsset":null,"liquidityOnLiability":null,"payableOnEquity":0.8,"cancelDebt":null,"ebitdaOnStockChange":0.115,"bookValuePerShareChange":-0.005,"creditGrowth":null},{"ticker":"HSG","quarter":1,"year":2024,"priceToEarning":16.3,"priceToBook":1.3,"valueBeforeEbitda":10.7,"dividend":null,"roe":0.081,"roa":0.045,"daysReceivable":48,"daysInventory":111,"daysPayable":29,"ebitOnInterest":7.1,"earningPerShare":1411,"bookValuePerShare":17945,"interestMargin":null,"nonInterestOnToi":null,"badDebtPercentage":null,"provisionOnBadDebt":null,"costOfFinancing":null,"equityOnTotalAsset":0.507,"equityOnLoan":null,"costToIncome":null,"equityOnLiability":1,"currentPayment":1.5,"quickPayment":0.4,"epsChange":0.078,"ebitdaOnStock":3095,"grossProfitMargin":0.121,"operatingProfitMargin":0.022,"postTaxMargin":0.035,"debtOnEquity":0.6,"debtOnAsset":0.3,"debtOnEbitda":2.6,"shortOnLongDebt":null,"assetOnEquity":2,"capitalBalance":5504,"cashOnEquity":0.033,"cashOnCapitalize":0.026,"cashCirculation":131,"revenueOnWorkCapital":7.6,"capexOnFixedAsset":-0.048,"revenueOnAsset":1.8,"postTaxOnPreTax":1,"ebitOnRevenue":0.022,"preTaxOnEbit":1.5,"preProvisionOnToi":null,"postTaxOnToi":null,"loanOnEarnAsset":null,"loanOnAsset":null,"loanOnDeposit":null,"depositOnEarnAsset":null,"badDebtOnAsset":null,"liquidityOnLiability":null,"payableOnEquity":1,"cancelDebt":null,"ebitdaOnStockChange":-0.059,"bookValuePerShareChange":0.027,"creditGrowth":null},{"ticker":"HSG","quarter":4,"year":2023,"priceToEarning":17,"priceToBook":1.3,"valueBeforeEbitda":7.2,"dividend":null,"roe":0.077,"roa":0.047,"daysReceivable":46,"daysInventory":88,"daysPayable":23,"ebitOnInterest":4.4,"earningPerShare":1310,"bookValuePerShare":17479,"interestMargin":null,"nonInterestOnToi":null,"badDebtPercentage":null,"provisionOnBadDebt":null,"costOfFinancing":null,"equityOnTotalAsset":0.577,"equityOnLoan":null,"costToIncome":null,"equityOnLiability":1.4,"currentPayment":1.6,"quickPayment":0.6,"epsChange":26.113,"ebitdaOnStock":3289,"grossProfitMargin":0.105,"operatingProfitMargin":0.012,"postTaxMargin":0.011,"debtOnEquity":0.4,"debtOnAsset":0.2,"debtOnEbitda":1.8,"shortOnLongDebt":null,"assetOnEquity":1.7,"capitalBalance":5045,"cashOnEquity":0.155,"cashOnCapitalize":0.141,"cashCirculation":111,"revenueOnWorkCapital":7.9,"capexOnFixedAsset":-0.062,"revenueOnAsset":1.9,"postTaxOnPreTax":0.9,"ebitOnRevenue":0.012,"preTaxOnEbit":1,"preProvisionOnToi":null,"postTaxOnToi":null,"loanOnEarnAsset":null,"loanOnAsset":null,"loanOnDeposit":null,"depositOnEarnAsset":null,"badDebtOnAsset":null,"liquidityOnLiability":null,"payableOnEquity":0.7,"cancelDebt":null,"ebitdaOnStockChange":0.527,"bookValuePerShareChange":0.008,"creditGrowth":null},{"ticker":"HSG","quarter":3,"year":2023,"priceToEarning":403.3,"priceToBook":1.1,"valueBeforeEbitda":12.9,"dividend":null,"roe":0.003,"roa":0.002,"daysReceivable":49,"daysInventory":96,"daysPayable":25,"ebitOnInterest":12.2,"earningPerShare":48,"bookValuePerShare":17333,"interestMargin":null,"nonInterestOnToi":null,"badDebtPercentage":null,"provisionOnBadDebt":null,"costOfFinancing":null,"equityOnTotalAsset":0.62,"equityOnLoan":null,"costToIncome":null,"equityOnLiability":1.6,"currentPayment":1.7,"quickPayment":0.6,"epsChange":-1.023,"ebitdaOnStock":2154,"grossProfitMargin":0.133,"operatingProfitMargin":0.054,"postTaxMargin":0.054,"debtOnEquity":0.3,"debtOnAsset":0.2,"debtOnEbitda":2.7,"shortOnLongDebt":null,"assetOnEquity":1.6,"capitalBalance":4706,"cashOnEquity":0.055,"cashOnCapitalize":0.041,"cashCirculation":120,"revenueOnWorkCapital":7.4,"capexOnFixedAsset":-0.068,"revenueOnAsset":1.8,"postTaxOnPreTax":0.9,"ebitOnRevenue":0.054,"preTaxOnEbit":1.1,"preProvisionOnToi":null,"postTaxOnToi":null,"loanOnEarnAsset":null,"loanOnAsset":null,"loanOnDeposit":null,"depositOnEarnAsset":null,"badDebtOnAsset":null,"liquidityOnLiability":null,"payableOnEquity":0.6,"cancelDebt":null,"ebitdaOnStockChange":-13.335,"bookValuePerShareChange":0.04,"creditGrowth":null},{"ticker":"HSG","quarter":2,"year":2023,"priceToEarning":-7.7,"priceToBook":1,"valueBeforeEbitda":-145.8,"dividend":null,"roe":-0.117,"roa":-0.065,"daysReceivable":50,"daysInventory":114,"daysPayable":19,"ebitOnInterest":1,"earningPerShare":-2088,"bookValuePerShare":16668,"interestMargin":null,"nonInterestOnToi":null,"badDebtPercentage":null,"provisionOnBadDebt":null,"costOfFinancing":null,"equityOnTotalAsset":0.626,"equityOnLoan":null,"costToIncome":null,"equityOnLiability":1.7,"currentPayment":1.6,"quickPayment":0.6,"epsChange":0.24,"ebitdaOnStock":-175,"grossProfitMargin":0.103,"operatingProfitMargin":0.006,"postTaxMargin":0.002,"debtOnEquity":0.4,"debtOnAsset":0.3,"debtOnEbitda":-63.2,"shortOnLongDebt":null,"assetOnEquity":1.6,"capitalBalance":3983,"cashOnEquity":0.069,"cashOnCapitalize":0.07,"cashCirculation":145,"revenueOnWorkCapital":7.3,"capexOnFixedAsset":-0.061,"revenueOnAsset":1.6,"postTaxOnPreTax":1.2,"ebitOnRevenue":0.006,"preTaxOnEbit":0.2,"preProvisionOnToi":null,"postTaxOnToi":null,"loanOnEarnAsset":null,"loanOnAsset":null,"loanOnDeposit":null,"depositOnEarnAsset":null,"badDebtOnAsset":null,"liquidityOnLiability":null,"payableOnEquity":0.6,"cancelDebt":null,"ebitdaOnStockChange":-1.291,"bookValuePerShareChange":-0.003,"creditGrowth":null},{"ticker":"HSG","quarter":1,"year":2023,"priceToEarning":-9,"priceToBook":0.9,"valueBeforeEbitda":46.3,"dividend":null,"roe":-0.096,"roa":-0.054,"daysReceivable":42,"daysInventory":105,"daysPayable":28,"ebitOnInterest":5.1,"earningPerShare":-1684,"bookValuePerShare":16719,"interestMargin":null,"nonInterestOnToi":null,"badDebtPercentage":null,"provisionOnBadDebt":null,"costOfFinancing":null,"equityOnTotalAsset":0.619,"equityOnLoan":null,"costToIncome":null,"equityOnLiability":1.6,"currentPayment":1.6,"quickPayment":0.5,"epsChange":-0.02,"ebitdaOnStock":600,"grossProfitMargin":0.134,"operatingProfitMargin":0.042,"postTaxMargin":0.037,"debtOnEquity":0.3,"debtOnAsset":0.2,"debtOnEbitda":16.3,"shortOnLongDebt":null,"assetOnEquity":1.6,"capitalBalance":3786,"cashOnEquity":0.031,"cashOnCapitalize":0.027,"cashCirculation":119,"revenueOnWorkCapital":8.7,"capexOnFixedAsset":-0.078,"revenueOnAsset":1.8,"postTaxOnPreTax":0.8,"ebitOnRevenue":0.042,"preTaxOnEbit":1,"preProvisionOnToi":null,"postTaxOnToi":null,"loanOnEarnAsset":null,"loanOnAsset":null,"loanOnDeposit":null,"depositOnEarnAsset":null,"badDebtOnAsset":null,"liquidityOnLiability":null,"payableOnEquity":0.6,"cancelDebt":null,"ebitdaOnStockChange":-0.121,"bookValuePerShareChange":0.022,"creditGrowth":null}]