[{"ticker":"HSG","quarter":2,"year":2024,"revenue":10840,"yearRevenueGrowth":0.254,"quarterRevenueGrowth":0.172,"costOfGoodSold":-9503,"grossProfit":1337,"operationExpense":-1030,"operationProfit":307,"yearOperationProfitGrowth":4.469,"quarterOperationProfitGrowth":0.496,"interestExpense":-39,"preTaxProfit":287,"postTaxProfit":273,"shareHolderIncome":273,"yearShareHolderIncomeGrowth":18.325,"quarterShareHolderIncomeGrowth":-0.144,"investProfit":null,"serviceProfit":null,"otherProfit":null,"provisionExpense":null,"operationIncome":null,"ebitda":548},{"ticker":"HSG","quarter":1,"year":2024,"revenue":9250,"yearRevenueGrowth":0.325,"quarterRevenueGrowth":0.019,"costOfGoodSold":-8131,"grossProfit":1118,"operationExpense":-913,"operationProfit":205,"yearOperationProfitGrowth":-0.293,"quarterOperationProfitGrowth":0.857,"interestExpense":-29,"preTaxProfit":314,"postTaxProfit":319,"shareHolderIncome":319,"yearShareHolderIncomeGrowth":0.247,"quarterShareHolderIncomeGrowth":2.089,"investProfit":null,"serviceProfit":null,"otherProfit":null,"provisionExpense":null,"operationIncome":null,"ebitda":456},{"ticker":"HSG","quarter":4,"year":2023,"revenue":9073,"yearRevenueGrowth":0.146,"quarterRevenueGrowth":0.119,"costOfGoodSold":-8124,"grossProfit":950,"operationExpense":-839,"operationProfit":110,"yearOperationProfitGrowth":null,"quarterOperationProfitGrowth":-0.748,"interestExpense":-25,"preTaxProfit":115,"postTaxProfit":103,"shareHolderIncome":103,"yearShareHolderIncomeGrowth":null,"quarterShareHolderIncomeGrowth":-0.765,"investProfit":null,"serviceProfit":null,"otherProfit":null,"provisionExpense":null,"operationIncome":null,"ebitda":376},{"ticker":"HSG","quarter":3,"year":2023,"revenue":8107,"yearRevenueGrowth":0.021,"quarterRevenueGrowth":-0.062,"costOfGoodSold":-7032,"grossProfit":1075,"operationExpense":-636,"operationProfit":439,"yearOperationProfitGrowth":null,"quarterOperationProfitGrowth":6.818,"interestExpense":-36,"preTaxProfit":498,"postTaxProfit":440,"shareHolderIncome":440,"yearShareHolderIncomeGrowth":null,"quarterShareHolderIncomeGrowth":30.105,"investProfit":null,"serviceProfit":null,"otherProfit":null,"provisionExpense":null,"operationIncome":null,"ebitda":714},{"ticker":"HSG","quarter":2,"year":2023,"revenue":8646,"yearRevenueGrowth":-0.29,"quarterRevenueGrowth":0.238,"costOfGoodSold":-7754,"grossProfit":892,"operationExpense":-836,"operationProfit":56,"yearOperationProfitGrowth":-0.879,"quarterOperationProfitGrowth":-0.806,"interestExpense":-55,"preTaxProfit":12,"postTaxProfit":14,"shareHolderIncome":14,"yearShareHolderIncomeGrowth":-0.947,"quarterShareHolderIncomeGrowth":-0.945,"investProfit":null,"serviceProfit":null,"otherProfit":null,"provisionExpense":null,"operationIncome":null,"ebitda":332},{"ticker":"HSG","quarter":1,"year":2023,"revenue":6981,"yearRevenueGrowth":-0.449,"quarterRevenueGrowth":-0.118,"costOfGoodSold":-6047,"grossProfit":934,"operationExpense":-644,"operationProfit":290,"yearOperationProfitGrowth":-0.13,"quarterOperationProfitGrowth":null,"interestExpense":-57,"preTaxProfit":303,"postTaxProfit":256,"shareHolderIncome":256,"yearShareHolderIncomeGrowth":0.091,"quarterShareHolderIncomeGrowth":null,"investProfit":null,"serviceProfit":null,"otherProfit":null,"provisionExpense":null,"operationIncome":null,"ebitda":574}]