{"capitalize":12792,"tradeVolume":5189589,"priceToEarning":11.3,"priceToBook":1.2,"valueBeforeEbitda":8.7,"dividend":0.023,"roe":0.106,"profitGrowthAvarage":0.429,"ageOfReceivable":47,"ageOfInventory":91.3,"payableOnEquity":0.8,"payableOnEbitda":2.5,"ebitOnInterest":7.8,"shortOnLongTermPayable":null,"revenue":37270,"operationProfit":1061,"netProfit":1136,"earningPerShare":1829,"asset":19723,"liability":8615,"equity":11108,"bookValuePerShare":17862,"profitMargin":null,"nonInterestOnToi":null,"loanOnDeposit":null,"creditGrowth":null,"badDebtPercentage":null,"provisionOnBadDebt":null,"customerCredit":null,"betaIndex":null,"ticker":"HSG"}