[{"ticker":"MBB","quarter":2,"year":2024,"shortAsset":null,"cash":4329,"shortInvest":null,"shortReceivable":null,"inventory":null,"longAsset":null,"fixedAsset":4916,"asset":988605,"debt":884391,"shortDebt":null,"longDebt":null,"equity":104214,"capital":52871,"centralBankDeposit":18087,"otherBankDeposit":75784,"otherBankLoan":14287,"stockInvest":180067,"customerLoan":673799,"badLoan":11023,"provision":-11215,"netCustomerLoan":662585,"otherAsset":26904,"otherBankCredit":72611,"oweOtherBank":31563,"oweCentralBank":7404,"valuablePaper":99400,"payableInterest":9024,"receivableInterest":8376,"deposit":618618,"otherDebt":50420,"fund":15216,"unDistributedIncome":28691,"minorShareHolderProfit":4066,"payable":884391},{"ticker":"MBB","quarter":1,"year":2024,"shortAsset":null,"cash":3741,"shortInvest":null,"shortReceivable":null,"inventory":null,"longAsset":null,"fixedAsset":5044,"asset":900647,"debt":799306,"shortDebt":null,"longDebt":null,"equity":101341,"capital":52141,"centralBankDeposit":11916,"otherBankDeposit":68088,"otherBankLoan":9728,"stockInvest":170604,"customerLoan":615317,"badLoan":15294,"provision":-12244,"netCustomerLoan":603072,"otherAsset":26640,"otherBankCredit":51477,"oweOtherBank":31429,"oweCentralBank":3901,"valuablePaper":102483,"payableInterest":11905,"receivableInterest":7797,"deposit":558826,"otherDebt":47353,"fund":12156,"unDistributedIncome":30093,"minorShareHolderProfit":4067,"payable":799306},{"ticker":"MBB","quarter":4,"year":2023,"shortAsset":null,"cash":3675,"shortInvest":null,"shortReceivable":null,"inventory":null,"longAsset":null,"fixedAsset":4854,"asset":944954,"debt":848242,"shortDebt":null,"longDebt":null,"equity":96711,"capital":52141,"centralBankDeposit":66322,"otherBankDeposit":39120,"otherBankLoan":7230,"stockInvest":192790,"customerLoan":611049,"badLoan":9805,"provision":-11470,"netCustomerLoan":599579,"otherAsset":29218,"otherBankCredit":68813,"oweOtherBank":30998,"oweCentralBank":9,"valuablePaper":126463,"payableInterest":13390,"receivableInterest":8669,"deposit":567533,"otherDebt":51628,"fund":12194,"unDistributedIncome":25560,"minorShareHolderProfit":3973,"payable":848242},{"ticker":"MBB","quarter":3,"year":2023,"shortAsset":null,"cash":3412,"shortInvest":null,"shortReceivable":null,"inventory":null,"longAsset":null,"fixedAsset":4827,"asset":815881,"debt":724118,"shortDebt":null,"longDebt":null,"equity":91763,"capital":52141,"centralBankDeposit":21634,"otherBankDeposit":31036,"otherBankLoan":5949,"stockInvest":191492,"customerLoan":536302,"badLoan":10111,"provision":-12333,"netCustomerLoan":523969,"otherAsset":31439,"otherBankCredit":41707,"oweOtherBank":34263,"oweCentralBank":74,"valuablePaper":116032,"payableInterest":12928,"receivableInterest":9981,"deposit":479733,"otherDebt":49520,"fund":12255,"unDistributedIncome":20610,"minorShareHolderProfit":3914,"payable":724118},{"ticker":"MBB","quarter":2,"year":2023,"shortAsset":null,"cash":3169,"shortInvest":null,"shortReceivable":null,"inventory":null,"longAsset":null,"fixedAsset":4928,"asset":806238,"debt":720168,"shortDebt":null,"longDebt":null,"equity":86069,"capital":45340,"centralBankDeposit":27504,"otherBankDeposit":13012,"otherBankLoan":8607,"stockInvest":207517,"customerLoan":518071,"badLoan":7480,"provision":-11676,"netCustomerLoan":506395,"otherAsset":32612,"otherBankCredit":59249,"oweOtherBank":27896,"oweCentralBank":48,"valuablePaper":112432,"payableInterest":11093,"receivableInterest":9385,"deposit":475406,"otherDebt":43533,"fund":12046,"unDistributedIncome":22511,"minorShareHolderProfit":3896,"payable":720168},{"ticker":"MBB","quarter":1,"year":2023,"shortAsset":null,"cash":2965,"shortInvest":null,"shortReceivable":null,"inventory":null,"longAsset":null,"fixedAsset":5005,"asset":760761,"debt":675994,"shortDebt":null,"longDebt":null,"equity":84767,"capital":45340,"centralBankDeposit":19077,"otherBankDeposit":24035,"otherBankLoan":8229,"stockInvest":197345,"customerLoan":481386,"badLoan":8453,"provision":-11687,"netCustomerLoan":469699,"otherAsset":31993,"otherBankCredit":42646,"oweOtherBank":34099,"oweCentralBank":2548,"valuablePaper":105025,"payableInterest":9922,"receivableInterest":8270,"deposit":452415,"otherDebt":38192,"fund":9261,"unDistributedIncome":24078,"minorShareHolderProfit":3846,"payable":675994}]