[{"ticker":"MBB","quarter":2,"year":2024,"investCost":-291,"fromInvest":-258,"fromFinancial":2322,"fromSale":12386,"freeCashFlow":0},{"ticker":"MBB","quarter":1,"year":2024,"investCost":-567,"fromInvest":-542,"fromFinancial":1050,"fromSale":-25887,"freeCashFlow":0},{"ticker":"MBB","quarter":4,"year":2023,"investCost":-495,"fromInvest":-462,"fromFinancial":3149,"fromSale":50355,"freeCashFlow":0},{"ticker":"MBB","quarter":3,"year":2023,"investCost":-266,"fromInvest":-243,"fromFinancial":-1967,"fromSale":14595,"freeCashFlow":0},{"ticker":"MBB","quarter":2,"year":2023,"investCost":-538,"fromInvest":-505,"fromFinancial":0,"fromSale":-1889,"freeCashFlow":0},{"ticker":"MBB","quarter":1,"year":2023,"investCost":-357,"fromInvest":-396,"fromFinancial":0,"fromSale":-21765,"freeCashFlow":0}]