[{"ticker":"MBB","quarter":2,"year":2024,"priceToEarning":6.4,"priceToBook":1.3,"valueBeforeEbitda":null,"dividend":null,"roe":0.234,"roa":0.024,"daysReceivable":null,"daysInventory":null,"daysPayable":null,"ebitOnInterest":null,"earningPerShare":4017,"bookValuePerShare":19639,"interestMargin":0.044,"nonInterestOnToi":0.255,"badDebtPercentage":0.016,"provisionOnBadDebt":1.017,"costOfFinancing":0.038,"equityOnTotalAsset":0.105,"equityOnLoan":0.155,"costToIncome":0.318,"equityOnLiability":0.1,"currentPayment":null,"quickPayment":null,"epsChange":0.056,"ebitdaOnStock":null,"grossProfitMargin":null,"operatingProfitMargin":null,"postTaxMargin":null,"debtOnEquity":null,"debtOnAsset":null,"debtOnEbitda":null,"shortOnLongDebt":null,"assetOnEquity":9.5,"capitalBalance":null,"cashOnEquity":null,"cashOnCapitalize":null,"cashCirculation":null,"revenueOnWorkCapital":null,"capexOnFixedAsset":null,"revenueOnAsset":null,"postTaxOnPreTax":null,"ebitOnRevenue":null,"preTaxOnEbit":null,"preProvisionOnToi":0.545,"postTaxOnToi":0.432,"loanOnEarnAsset":0.709,"loanOnAsset":0.682,"loanOnDeposit":1.089,"depositOnEarnAsset":0.651,"badDebtOnAsset":0.011,"liquidityOnLiability":0.331,"payableOnEquity":8.5,"cancelDebt":0.014,"ebitdaOnStockChange":null,"bookValuePerShareChange":0.028,"creditGrowth":0.301},{"ticker":"MBB","quarter":1,"year":2024,"priceToEarning":6.5,"priceToBook":1.3,"valueBeforeEbitda":null,"dividend":null,"roe":0.227,"roa":0.024,"daysReceivable":null,"daysInventory":null,"daysPayable":null,"ebitOnInterest":null,"earningPerShare":3804,"bookValuePerShare":19098,"interestMargin":0.047,"nonInterestOnToi":0.246,"badDebtPercentage":0.025,"provisionOnBadDebt":0.801,"costOfFinancing":0.044,"equityOnTotalAsset":0.113,"equityOnLoan":0.165,"costToIncome":0.292,"equityOnLiability":0.1,"currentPayment":null,"quickPayment":null,"epsChange":-0.024,"ebitdaOnStock":null,"grossProfitMargin":null,"operatingProfitMargin":null,"postTaxMargin":null,"debtOnEquity":null,"debtOnAsset":null,"debtOnEbitda":null,"shortOnLongDebt":null,"assetOnEquity":8.9,"capitalBalance":null,"cashOnEquity":null,"cashOnCapitalize":null,"cashCirculation":null,"revenueOnWorkCapital":null,"capexOnFixedAsset":null,"revenueOnAsset":null,"postTaxOnPreTax":null,"ebitOnRevenue":null,"preTaxOnEbit":null,"preProvisionOnToi":0.565,"postTaxOnToi":0.385,"loanOnEarnAsset":0.713,"loanOnAsset":0.683,"loanOnDeposit":1.101,"depositOnEarnAsset":0.647,"badDebtOnAsset":0.017,"liquidityOnLiability":0.33,"payableOnEquity":7.9,"cancelDebt":0.012,"ebitdaOnStockChange":null,"bookValuePerShareChange":0.048,"creditGrowth":0.278},{"ticker":"MBB","quarter":4,"year":2023,"priceToEarning":4.7,"priceToBook":1,"valueBeforeEbitda":null,"dividend":null,"roe":0.245,"roa":0.025,"daysReceivable":null,"daysInventory":null,"daysPayable":null,"ebitOnInterest":null,"earningPerShare":3896,"bookValuePerShare":18225,"interestMargin":0.048,"nonInterestOnToi":0.22,"badDebtPercentage":0.016,"provisionOnBadDebt":1.17,"costOfFinancing":0.044,"equityOnTotalAsset":0.102,"equityOnLoan":0.158,"costToIncome":0.33,"equityOnLiability":0.1,"currentPayment":null,"quickPayment":null,"epsChange":0.081,"ebitdaOnStock":null,"grossProfitMargin":null,"operatingProfitMargin":null,"postTaxMargin":null,"debtOnEquity":null,"debtOnAsset":null,"debtOnEbitda":null,"shortOnLongDebt":null,"assetOnEquity":9.8,"capitalBalance":null,"cashOnEquity":null,"cashOnCapitalize":null,"cashCirculation":null,"revenueOnWorkCapital":null,"capexOnFixedAsset":null,"revenueOnAsset":null,"postTaxOnPreTax":null,"ebitOnRevenue":null,"preTaxOnEbit":null,"preProvisionOnToi":0.538,"postTaxOnToi":0.429,"loanOnEarnAsset":0.675,"loanOnAsset":0.647,"loanOnDeposit":1.077,"depositOnEarnAsset":0.627,"badDebtOnAsset":0.01,"liquidityOnLiability":0.364,"payableOnEquity":8.8,"cancelDebt":0.012,"ebitdaOnStockChange":null,"bookValuePerShareChange":0.054,"creditGrowth":0.327},{"ticker":"MBB","quarter":3,"year":2023,"priceToEarning":5,"priceToBook":1,"valueBeforeEbitda":null,"dividend":null,"roe":0.239,"roa":0.026,"daysReceivable":null,"daysInventory":null,"daysPayable":null,"ebitOnInterest":null,"earningPerShare":3604,"bookValuePerShare":17293,"interestMargin":0.055,"nonInterestOnToi":0.187,"badDebtPercentage":0.019,"provisionOnBadDebt":1.22,"costOfFinancing":0.047,"equityOnTotalAsset":0.112,"equityOnLoan":0.171,"costToIncome":0.276,"equityOnLiability":0.1,"currentPayment":null,"quickPayment":null,"epsChange":0.049,"ebitdaOnStock":null,"grossProfitMargin":null,"operatingProfitMargin":null,"postTaxMargin":null,"debtOnEquity":null,"debtOnAsset":null,"debtOnEbitda":null,"shortOnLongDebt":null,"assetOnEquity":8.9,"capitalBalance":null,"cashOnEquity":null,"cashOnCapitalize":null,"cashCirculation":null,"revenueOnWorkCapital":null,"capexOnFixedAsset":null,"revenueOnAsset":null,"postTaxOnPreTax":null,"ebitOnRevenue":null,"preTaxOnEbit":null,"preProvisionOnToi":0.578,"postTaxOnToi":0.482,"loanOnEarnAsset":0.693,"loanOnAsset":0.657,"loanOnDeposit":1.118,"depositOnEarnAsset":0.62,"badDebtOnAsset":0.012,"liquidityOnLiability":0.35,"payableOnEquity":7.9,"cancelDebt":0.01,"ebitdaOnStockChange":null,"bookValuePerShareChange":0.066,"creditGrowth":0.258},{"ticker":"MBB","quarter":2,"year":2023,"priceToEarning":5,"priceToBook":1.1,"valueBeforeEbitda":null,"dividend":null,"roe":0.243,"roa":0.025,"daysReceivable":null,"daysInventory":null,"daysPayable":null,"ebitOnInterest":null,"earningPerShare":3435,"bookValuePerShare":16220,"interestMargin":0.055,"nonInterestOnToi":0.18,"badDebtPercentage":0.014,"provisionOnBadDebt":1.561,"costOfFinancing":0.04,"equityOnTotalAsset":0.107,"equityOnLoan":0.166,"costToIncome":0.358,"equityOnLiability":0.1,"currentPayment":null,"quickPayment":null,"epsChange":0.015,"ebitdaOnStock":null,"grossProfitMargin":null,"operatingProfitMargin":null,"postTaxMargin":null,"debtOnEquity":null,"debtOnAsset":null,"debtOnEbitda":null,"shortOnLongDebt":null,"assetOnEquity":9.4,"capitalBalance":null,"cashOnEquity":null,"cashOnCapitalize":null,"cashCirculation":null,"revenueOnWorkCapital":null,"capexOnFixedAsset":null,"revenueOnAsset":null,"postTaxOnPreTax":null,"ebitOnRevenue":null,"preTaxOnEbit":null,"preProvisionOnToi":0.514,"postTaxOnToi":0.431,"loanOnEarnAsset":0.679,"loanOnAsset":0.643,"loanOnDeposit":1.09,"depositOnEarnAsset":0.623,"badDebtOnAsset":0.009,"liquidityOnLiability":0.361,"payableOnEquity":8.4,"cancelDebt":0.015,"ebitdaOnStockChange":null,"bookValuePerShareChange":0.015,"creditGrowth":0.247},{"ticker":"MBB","quarter":1,"year":2023,"priceToEarning":4.5,"priceToBook":0.9,"valueBeforeEbitda":null,"dividend":null,"roe":0.248,"roa":0.025,"daysReceivable":null,"daysInventory":null,"daysPayable":null,"ebitOnInterest":null,"earningPerShare":3384,"bookValuePerShare":15974,"interestMargin":0.056,"nonInterestOnToi":0.143,"badDebtPercentage":0.018,"provisionOnBadDebt":1.383,"costOfFinancing":0.034,"equityOnTotalAsset":0.111,"equityOnLoan":0.176,"costToIncome":0.299,"equityOnLiability":0.1,"currentPayment":null,"quickPayment":null,"epsChange":0.027,"ebitdaOnStock":null,"grossProfitMargin":null,"operatingProfitMargin":null,"postTaxMargin":null,"debtOnEquity":null,"debtOnAsset":null,"debtOnEbitda":null,"shortOnLongDebt":null,"assetOnEquity":9,"capitalBalance":null,"cashOnEquity":null,"cashOnCapitalize":null,"cashCirculation":null,"revenueOnWorkCapital":null,"capexOnFixedAsset":null,"revenueOnAsset":null,"postTaxOnPreTax":null,"ebitOnRevenue":null,"preTaxOnEbit":null,"preProvisionOnToi":0.56,"postTaxOnToi":0.436,"loanOnEarnAsset":0.67,"loanOnAsset":0.633,"loanOnDeposit":1.064,"depositOnEarnAsset":0.63,"badDebtOnAsset":0.011,"liquidityOnLiability":0.372,"payableOnEquity":8,"cancelDebt":0.014,"ebitdaOnStockChange":null,"bookValuePerShareChange":0.065,"creditGrowth":0.158}]