[{"ticker":"MBB","quarter":2,"year":2024,"revenue":10531,"yearRevenueGrowth":0.111,"quarterRevenueGrowth":0.162,"costOfGoodSold":null,"grossProfit":null,"operationExpense":-4491,"operationProfit":14129,"yearOperationProfitGrowth":0.222,"quarterOperationProfitGrowth":0.176,"interestExpense":null,"preTaxProfit":7633,"postTaxProfit":6102,"shareHolderIncome":6027,"yearShareHolderIncomeGrowth":0.232,"quarterShareHolderIncomeGrowth":0.33,"investProfit":1208,"serviceProfit":1354,"otherProfit":1035,"provisionExpense":-2006,"operationIncome":9639,"ebitda":null},{"ticker":"MBB","quarter":1,"year":2024,"revenue":9062,"yearRevenueGrowth":-0.114,"quarterRevenueGrowth":-0.011,"costOfGoodSold":null,"grossProfit":null,"operationExpense":-3514,"operationProfit":12017,"yearOperationProfitGrowth":0.007,"quarterOperationProfitGrowth":0.023,"interestExpense":null,"preTaxProfit":5795,"postTaxProfit":4624,"shareHolderIncome":4533,"yearShareHolderIncomeGrowth":-0.098,"quarterShareHolderIncomeGrowth":-0.091,"investProfit":1645,"serviceProfit":945,"otherProfit":364,"provisionExpense":-2707,"operationIncome":8502,"ebitda":null},{"ticker":"MBB","quarter":4,"year":2023,"revenue":9163,"yearRevenueGrowth":-0.048,"quarterRevenueGrowth":-0.066,"costOfGoodSold":null,"grossProfit":null,"operationExpense":-3876,"operationProfit":11750,"yearOperationProfitGrowth":0,"quarterOperationProfitGrowth":-0.026,"interestExpense":null,"preTaxProfit":6287,"postTaxProfit":5045,"shareHolderIncome":4986,"yearShareHolderIncomeGrowth":0.452,"quarterShareHolderIncomeGrowth":-0.136,"investProfit":370,"serviceProfit":1456,"otherProfit":761,"provisionExpense":-1587,"operationIncome":7874,"ebitda":null},{"ticker":"MBB","quarter":3,"year":2023,"revenue":9812,"yearRevenueGrowth":0.086,"quarterRevenueGrowth":0.035,"costOfGoodSold":null,"grossProfit":null,"operationExpense":-3334,"operationProfit":12065,"yearOperationProfitGrowth":0.098,"quarterOperationProfitGrowth":0.044,"interestExpense":null,"preTaxProfit":7284,"postTaxProfit":5821,"shareHolderIncome":5773,"yearShareHolderIncomeGrowth":0.183,"quarterShareHolderIncomeGrowth":0.18,"investProfit":604,"serviceProfit":1079,"otherProfit":571,"provisionExpense":-1447,"operationIncome":8731,"ebitda":null},{"ticker":"MBB","quarter":2,"year":2023,"revenue":9481,"yearRevenueGrowth":0.057,"quarterRevenueGrowth":-0.073,"costOfGoodSold":null,"grossProfit":null,"operationExpense":-4135,"operationProfit":11561,"yearOperationProfitGrowth":0.03,"quarterOperationProfitGrowth":-0.031,"interestExpense":null,"preTaxProfit":6223,"postTaxProfit":4982,"shareHolderIncome":4893,"yearShareHolderIncomeGrowth":0.058,"quarterShareHolderIncomeGrowth":-0.026,"investProfit":590,"serviceProfit":861,"otherProfit":629,"provisionExpense":-1203,"operationIncome":7426,"ebitda":null},{"ticker":"MBB","quarter":1,"year":2023,"revenue":10227,"yearRevenueGrowth":0.22,"quarterRevenueGrowth":0.062,"costOfGoodSold":null,"grossProfit":null,"operationExpense":-3568,"operationProfit":11930,"yearOperationProfitGrowth":0.026,"quarterOperationProfitGrowth":0.015,"interestExpense":null,"preTaxProfit":6512,"postTaxProfit":5206,"shareHolderIncome":5024,"yearShareHolderIncomeGrowth":0.105,"quarterShareHolderIncomeGrowth":0.463,"investProfit":546,"serviceProfit":690,"otherProfit":467,"provisionExpense":-1850,"operationIncome":8362,"ebitda":null}]