{"capitalize":136638,"tradeVolume":18488018,"priceToEarning":6.4,"priceToBook":1.3,"valueBeforeEbitda":null,"dividend":0.027,"roe":0.234,"profitGrowthAvarage":0.276,"ageOfReceivable":null,"ageOfInventory":null,"payableOnEquity":null,"payableOnEbitda":null,"ebitOnInterest":null,"shortOnLongTermPayable":null,"revenue":38569,"operationProfit":49961,"netProfit":21319,"earningPerShare":4018,"asset":988605,"liability":884391,"equity":104214,"bookValuePerShare":19640,"profitMargin":0.044,"nonInterestOnToi":0.255,"loanOnDeposit":1.089,"creditGrowth":0.301,"badDebtPercentage":0.016,"provisionOnBadDebt":1.017,"customerCredit":662585,"betaIndex":null,"ticker":"MBB"}