[{"ticker":"GAS","quarter":2,"year":2024,"shortAsset":70470,"cash":7555,"shortInvest":36364,"shortReceivable":23226,"inventory":2784,"longAsset":24697,"fixedAsset":18798,"asset":95167,"debt":24246,"shortDebt":1146,"longDebt":3259,"equity":70921,"capital":22967,"centralBankDeposit":null,"otherBankDeposit":null,"otherBankLoan":null,"stockInvest":null,"customerLoan":null,"badLoan":null,"provision":null,"netCustomerLoan":null,"otherAsset":null,"otherBankCredit":null,"oweOtherBank":null,"oweCentralBank":null,"valuablePaper":null,"payableInterest":null,"receivableInterest":null,"deposit":null,"otherDebt":681,"fund":null,"unDistributedIncome":0,"minorShareHolderProfit":1360,"payable":24246},{"ticker":"GAS","quarter":1,"year":2024,"shortAsset":66459,"cash":6075,"shortInvest":36538,"shortReceivable":20907,"inventory":2539,"longAsset":25317,"fixedAsset":19160,"asset":91776,"debt":23876,"shortDebt":1498,"longDebt":4233,"equity":67900,"capital":22967,"centralBankDeposit":null,"otherBankDeposit":null,"otherBankLoan":null,"stockInvest":null,"customerLoan":null,"badLoan":null,"provision":null,"netCustomerLoan":null,"otherAsset":null,"otherBankCredit":null,"oweOtherBank":null,"oweCentralBank":null,"valuablePaper":null,"payableInterest":null,"receivableInterest":null,"deposit":null,"otherDebt":630,"fund":null,"unDistributedIncome":0,"minorShareHolderProfit":1282,"payable":23876},{"ticker":"GAS","quarter":4,"year":2023,"shortAsset":62218,"cash":5669,"shortInvest":35085,"shortReceivable":16865,"inventory":3945,"longAsset":25537,"fixedAsset":19532,"asset":87754,"debt":22456,"shortDebt":1605,"longDebt":4271,"equity":65299,"capital":22967,"centralBankDeposit":null,"otherBankDeposit":null,"otherBankLoan":null,"stockInvest":null,"customerLoan":null,"badLoan":null,"provision":null,"netCustomerLoan":null,"otherAsset":null,"otherBankCredit":null,"oweOtherBank":null,"oweCentralBank":null,"valuablePaper":null,"payableInterest":null,"receivableInterest":null,"deposit":null,"otherDebt":625,"fund":null,"unDistributedIncome":0,"minorShareHolderProfit":1250,"payable":22456},{"ticker":"GAS","quarter":3,"year":2023,"shortAsset":59129,"cash":10852,"shortInvest":28909,"shortReceivable":16197,"inventory":2398,"longAsset":25510,"fixedAsset":19555,"asset":84639,"debt":21967,"shortDebt":897,"longDebt":5294,"equity":62671,"capital":19140,"centralBankDeposit":null,"otherBankDeposit":null,"otherBankLoan":null,"stockInvest":null,"customerLoan":null,"badLoan":null,"provision":null,"netCustomerLoan":null,"otherAsset":null,"otherBankCredit":null,"oweOtherBank":null,"oweCentralBank":null,"valuablePaper":null,"payableInterest":null,"receivableInterest":null,"deposit":null,"otherDebt":2743,"fund":null,"unDistributedIncome":0,"minorShareHolderProfit":1193,"payable":21967},{"ticker":"GAS","quarter":2,"year":2023,"shortAsset":62985,"cash":12499,"shortInvest":28268,"shortReceivable":19125,"inventory":2339,"longAsset":25263,"fixedAsset":15130,"asset":88247,"debt":20796,"shortDebt":859,"longDebt":5178,"equity":67451,"capital":19140,"centralBankDeposit":null,"otherBankDeposit":null,"otherBankLoan":null,"stockInvest":null,"customerLoan":null,"badLoan":null,"provision":null,"netCustomerLoan":null,"otherAsset":null,"otherBankCredit":null,"oweOtherBank":null,"oweCentralBank":null,"valuablePaper":null,"payableInterest":null,"receivableInterest":null,"deposit":null,"otherDebt":743,"fund":null,"unDistributedIncome":0,"minorShareHolderProfit":1398,"payable":20796},{"ticker":"GAS","quarter":1,"year":2023,"shortAsset":57952,"cash":12714,"shortInvest":24165,"shortReceivable":18097,"inventory":2128,"longAsset":26176,"fixedAsset":15816,"asset":84128,"debt":19559,"shortDebt":45,"longDebt":6027,"equity":64570,"capital":19140,"centralBankDeposit":null,"otherBankDeposit":null,"otherBankLoan":null,"stockInvest":null,"customerLoan":null,"badLoan":null,"provision":null,"netCustomerLoan":null,"otherAsset":null,"otherBankCredit":null,"oweOtherBank":null,"oweCentralBank":null,"valuablePaper":null,"payableInterest":null,"receivableInterest":null,"deposit":null,"otherDebt":910,"fund":null,"unDistributedIncome":0,"minorShareHolderProfit":1371,"payable":19559}]