[{"ticker":"GAS","quarter":2,"year":2024,"investCost":-838,"fromInvest":-380,"fromFinancial":-1371,"fromSale":3228,"freeCashFlow":11902},{"ticker":"GAS","quarter":1,"year":2024,"investCost":-46,"fromInvest":-1034,"fromFinancial":-202,"fromSale":1637,"freeCashFlow":12993},{"ticker":"GAS","quarter":4,"year":2023,"investCost":-775,"fromInvest":-6128,"fromFinancial":-2231,"fromSale":3173,"freeCashFlow":11721},{"ticker":"GAS","quarter":3,"year":2023,"investCost":-218,"fromInvest":18,"fromFinancial":-5188,"fromSale":3522,"freeCashFlow":11660},{"ticker":"GAS","quarter":2,"year":2023,"investCost":-245,"fromInvest":-3869,"fromFinancial":-57,"fromSale":3706,"freeCashFlow":12975},{"ticker":"GAS","quarter":1,"year":2023,"investCost":-532,"fromInvest":-668,"fromFinancial":10,"fromSale":2824,"freeCashFlow":15982}]