[{"ticker":"GAS","quarter":2,"year":2024,"priceToEarning":15.4,"priceToBook":2.4,"valueBeforeEbitda":10.8,"dividend":null,"roe":0.161,"roa":0.119,"daysReceivable":192,"daysInventory":12,"daysPayable":30,"ebitOnInterest":47.5,"earningPerShare":4666,"bookValuePerShare":29693,"interestMargin":null,"nonInterestOnToi":null,"badDebtPercentage":null,"provisionOnBadDebt":null,"costOfFinancing":null,"equityOnTotalAsset":0.731,"equityOnLoan":null,"costToIncome":null,"equityOnLiability":2.9,"currentPayment":4,"quickPayment":3.8,"epsChange":0.015,"ebitdaOnStock":7301,"grossProfitMargin":0.191,"operatingProfitMargin":0.133,"postTaxMargin":0.111,"debtOnEquity":0.1,"debtOnAsset":0,"debtOnEbitda":0.3,"shortOnLongDebt":0.4,"assetOnEquity":1.4,"capitalBalance":52825,"cashOnEquity":0.107,"cashOnCapitalize":0.045,"cashCirculation":174,"revenueOnWorkCapital":1.9,"capexOnFixedAsset":-0.111,"revenueOnAsset":1.1,"postTaxOnPreTax":0.8,"ebitOnRevenue":0.133,"preTaxOnEbit":1.1,"preProvisionOnToi":null,"postTaxOnToi":null,"loanOnEarnAsset":null,"loanOnAsset":null,"loanOnDeposit":null,"depositOnEarnAsset":null,"badDebtOnAsset":null,"liquidityOnLiability":null,"payableOnEquity":0.3,"cancelDebt":null,"ebitdaOnStockChange":0.026,"bookValuePerShareChange":0.044,"creditGrowth":null},{"ticker":"GAS","quarter":1,"year":2024,"priceToEarning":15.9,"priceToBook":2.6,"valueBeforeEbitda":11.9,"dividend":null,"roe":0.166,"roa":0.122,"daysReceivable":193,"daysInventory":11,"daysPayable":25,"ebitOnInterest":26.6,"earningPerShare":4596,"bookValuePerShare":28436,"interestMargin":null,"nonInterestOnToi":null,"badDebtPercentage":null,"provisionOnBadDebt":null,"costOfFinancing":null,"equityOnTotalAsset":0.726,"equityOnLoan":null,"costToIncome":null,"equityOnLiability":2.8,"currentPayment":4,"quickPayment":3.9,"epsChange":-0.072,"ebitdaOnStock":7114,"grossProfitMargin":0.158,"operatingProfitMargin":0.124,"postTaxMargin":0.108,"debtOnEquity":0.1,"debtOnAsset":0.1,"debtOnEbitda":0.4,"shortOnLongDebt":0.4,"assetOnEquity":1.4,"capitalBalance":50025,"cashOnEquity":0.089,"cashOnCapitalize":0.034,"cashCirculation":179,"revenueOnWorkCapital":1.9,"capexOnFixedAsset":-0.073,"revenueOnAsset":1,"postTaxOnPreTax":0.8,"ebitOnRevenue":0.124,"preTaxOnEbit":1.1,"preProvisionOnToi":null,"postTaxOnToi":null,"loanOnEarnAsset":null,"loanOnAsset":null,"loanOnDeposit":null,"depositOnEarnAsset":null,"badDebtOnAsset":null,"liquidityOnLiability":null,"payableOnEquity":0.4,"cancelDebt":null,"ebitdaOnStockChange":-0.061,"bookValuePerShareChange":0.04,"creditGrowth":null},{"ticker":"GAS","quarter":4,"year":2023,"priceToEarning":13.9,"priceToBook":2.5,"valueBeforeEbitda":10.4,"dividend":null,"roe":0.187,"roa":0.136,"daysReceivable":183,"daysInventory":20,"daysPayable":35,"ebitOnInterest":26.9,"earningPerShare":4954,"bookValuePerShare":27340,"interestMargin":null,"nonInterestOnToi":null,"badDebtPercentage":null,"provisionOnBadDebt":null,"costOfFinancing":null,"equityOnTotalAsset":0.73,"equityOnLoan":null,"costToIncome":null,"equityOnLiability":2.9,"currentPayment":4.2,"quickPayment":3.9,"epsChange":-0.043,"ebitdaOnStock":7579,"grossProfitMargin":0.18,"operatingProfitMargin":0.131,"postTaxMargin":0.121,"debtOnEquity":0.1,"debtOnAsset":0.1,"debtOnEbitda":0.4,"shortOnLongDebt":0.4,"assetOnEquity":1.4,"capitalBalance":47246,"cashOnEquity":0.087,"cashOnCapitalize":0.034,"cashCirculation":169,"revenueOnWorkCapital":2,"capexOnFixedAsset":-0.099,"revenueOnAsset":1.1,"postTaxOnPreTax":0.8,"ebitOnRevenue":0.131,"preTaxOnEbit":1.1,"preProvisionOnToi":null,"postTaxOnToi":null,"loanOnEarnAsset":null,"loanOnAsset":null,"loanOnDeposit":null,"depositOnEarnAsset":null,"badDebtOnAsset":null,"liquidityOnLiability":null,"payableOnEquity":0.3,"cancelDebt":null,"ebitdaOnStockChange":-0.14,"bookValuePerShareChange":0.042,"creditGrowth":null},{"ticker":"GAS","quarter":3,"year":2023,"priceToEarning":15.9,"priceToBook":3.1,"valueBeforeEbitda":10.2,"dividend":null,"roe":0.205,"roa":0.143,"daysReceivable":178,"daysInventory":13,"daysPayable":30,"ebitOnInterest":25.4,"earningPerShare":5179,"bookValuePerShare":26242,"interestMargin":null,"nonInterestOnToi":null,"badDebtPercentage":null,"provisionOnBadDebt":null,"costOfFinancing":null,"equityOnTotalAsset":0.726,"equityOnLoan":null,"costToIncome":null,"equityOnLiability":2.9,"currentPayment":4.4,"quickPayment":4.2,"epsChange":-0.051,"ebitdaOnStock":8816,"grossProfitMargin":0.166,"operatingProfitMargin":0.121,"postTaxMargin":0.107,"debtOnEquity":0.1,"debtOnAsset":0.1,"debtOnEbitda":0.4,"shortOnLongDebt":0.2,"assetOnEquity":1.4,"capitalBalance":45544,"cashOnEquity":0.173,"cashOnCapitalize":0.062,"cashCirculation":161,"revenueOnWorkCapital":2,"capexOnFixedAsset":-0.085,"revenueOnAsset":1.1,"postTaxOnPreTax":0.8,"ebitOnRevenue":0.121,"preTaxOnEbit":1.1,"preProvisionOnToi":null,"postTaxOnToi":null,"loanOnEarnAsset":null,"loanOnAsset":null,"loanOnDeposit":null,"depositOnEarnAsset":null,"badDebtOnAsset":null,"liquidityOnLiability":null,"payableOnEquity":0.4,"cancelDebt":null,"ebitdaOnStockChange":-0.052,"bookValuePerShareChange":-0.069,"creditGrowth":null},{"ticker":"GAS","quarter":2,"year":2023,"priceToEarning":12.5,"priceToBook":2.4,"valueBeforeEbitda":9.6,"dividend":null,"roe":0.204,"roa":0.145,"daysReceivable":187,"daysInventory":11,"daysPayable":26,"ebitOnInterest":56,"earningPerShare":5457,"bookValuePerShare":28195,"interestMargin":null,"nonInterestOnToi":null,"badDebtPercentage":null,"provisionOnBadDebt":null,"costOfFinancing":null,"equityOnTotalAsset":0.748,"equityOnLoan":null,"costToIncome":null,"equityOnLiability":3.2,"currentPayment":5,"quickPayment":4.8,"epsChange":-0.131,"ebitdaOnStock":9297,"grossProfitMargin":0.181,"operatingProfitMargin":0.145,"postTaxMargin":0.131,"debtOnEquity":0.1,"debtOnAsset":0.1,"debtOnEbitda":0.4,"shortOnLongDebt":0.2,"assetOnEquity":1.3,"capitalBalance":50438,"cashOnEquity":0.185,"cashOnCapitalize":0.071,"cashCirculation":172,"revenueOnWorkCapital":2,"capexOnFixedAsset":-0.101,"revenueOnAsset":1,"postTaxOnPreTax":0.8,"ebitOnRevenue":0.145,"preTaxOnEbit":1.1,"preProvisionOnToi":null,"postTaxOnToi":null,"loanOnEarnAsset":null,"loanOnAsset":null,"loanOnDeposit":null,"depositOnEarnAsset":null,"badDebtOnAsset":null,"liquidityOnLiability":null,"payableOnEquity":0.3,"cancelDebt":null,"ebitdaOnStockChange":-0.133,"bookValuePerShareChange":0.045,"creditGrowth":null},{"ticker":"GAS","quarter":1,"year":2023,"priceToEarning":11.9,"priceToBook":2.8,"valueBeforeEbitda":9,"dividend":null,"roe":0.25,"roa":0.174,"daysReceivable":165,"daysInventory":10,"daysPayable":25,"ebitOnInterest":60.9,"earningPerShare":6281,"bookValuePerShare":26976,"interestMargin":null,"nonInterestOnToi":null,"badDebtPercentage":null,"provisionOnBadDebt":null,"costOfFinancing":null,"equityOnTotalAsset":0.751,"equityOnLoan":null,"costToIncome":null,"equityOnLiability":3.3,"currentPayment":5.5,"quickPayment":5.3,"epsChange":-0.005,"ebitdaOnStock":10725,"grossProfitMargin":0.228,"operatingProfitMargin":0.178,"postTaxMargin":0.158,"debtOnEquity":0.1,"debtOnAsset":0.1,"debtOnEbitda":0.4,"shortOnLongDebt":0,"assetOnEquity":1.3,"capitalBalance":47396,"cashOnEquity":0.197,"cashOnCapitalize":0.067,"cashCirculation":150,"revenueOnWorkCapital":2.2,"capexOnFixedAsset":-0.124,"revenueOnAsset":1.1,"postTaxOnPreTax":0.8,"ebitOnRevenue":0.178,"preTaxOnEbit":1.1,"preProvisionOnToi":null,"postTaxOnToi":null,"loanOnEarnAsset":null,"loanOnAsset":null,"loanOnDeposit":null,"depositOnEarnAsset":null,"badDebtOnAsset":null,"liquidityOnLiability":null,"payableOnEquity":0.3,"cancelDebt":null,"ebitdaOnStockChange":-0.018,"bookValuePerShareChange":0.056,"creditGrowth":null}]