[{"ticker":"GAS","quarter":2,"year":2024,"revenue":30052,"yearRevenueGrowth":0.25,"quarterRevenueGrowth":0.289,"costOfGoodSold":-24316,"grossProfit":5736,"operationExpense":-1726,"operationProfit":4010,"yearOperationProfitGrowth":0.149,"quarterOperationProfitGrowth":0.389,"interestExpense":-84,"preTaxProfit":4239,"postTaxProfit":3416,"shareHolderIncome":3321,"yearShareHolderIncomeGrowth":0.052,"quarterShareHolderIncomeGrowth":0.322,"investProfit":null,"serviceProfit":null,"otherProfit":null,"provisionExpense":null,"operationIncome":null,"ebitda":4618},{"ticker":"GAS","quarter":1,"year":2024,"revenue":23315,"yearRevenueGrowth":0.099,"quarterRevenueGrowth":0.033,"costOfGoodSold":-19624,"grossProfit":3691,"operationExpense":-803,"operationProfit":2888,"yearOperationProfitGrowth":-0.236,"quarterOperationProfitGrowth":-0.022,"interestExpense":-108,"preTaxProfit":3171,"postTaxProfit":2544,"shareHolderIncome":2512,"yearShareHolderIncomeGrowth":-0.25,"quarterShareHolderIncomeGrowth":-0.078,"investProfit":null,"serviceProfit":null,"otherProfit":null,"provisionExpense":null,"operationIncome":null,"ebitda":3591},{"ticker":"GAS","quarter":4,"year":2023,"revenue":22571,"yearRevenueGrowth":0.024,"quarterRevenueGrowth":0.02,"costOfGoodSold":-18512,"grossProfit":4058,"operationExpense":-1106,"operationProfit":2953,"yearOperationProfitGrowth":-0.23,"quarterOperationProfitGrowth":0.1,"interestExpense":-110,"preTaxProfit":3365,"postTaxProfit":2776,"shareHolderIncome":2723,"yearShareHolderIncomeGrowth":-0.162,"quarterShareHolderIncomeGrowth":0.145,"investProfit":null,"serviceProfit":null,"otherProfit":null,"provisionExpense":null,"operationIncome":null,"ebitda":3723},{"ticker":"GAS","quarter":3,"year":2023,"revenue":22126,"yearRevenueGrowth":-0.091,"quarterRevenueGrowth":-0.08,"costOfGoodSold":-18445,"grossProfit":3682,"operationExpense":-998,"operationProfit":2684,"yearOperationProfitGrowth":-0.251,"quarterOperationProfitGrowth":-0.231,"interestExpense":-106,"preTaxProfit":3009,"postTaxProfit":2404,"shareHolderIncome":2377,"yearShareHolderIncomeGrowth":-0.215,"quarterShareHolderIncomeGrowth":-0.247,"investProfit":null,"serviceProfit":null,"otherProfit":null,"provisionExpense":null,"operationIncome":null,"ebitda":3438},{"ticker":"GAS","quarter":2,"year":2023,"revenue":24043,"yearRevenueGrowth":-0.131,"quarterRevenueGrowth":0.133,"costOfGoodSold":-19700,"grossProfit":4343,"operationExpense":-853,"operationProfit":3490,"yearOperationProfitGrowth":-0.437,"quarterOperationProfitGrowth":-0.077,"interestExpense":-62,"preTaxProfit":3999,"postTaxProfit":3196,"shareHolderIncome":3156,"yearShareHolderIncomeGrowth":-0.38,"quarterShareHolderIncomeGrowth":-0.058,"investProfit":null,"serviceProfit":null,"otherProfit":null,"provisionExpense":null,"operationIncome":null,"ebitda":4225},{"ticker":"GAS","quarter":1,"year":2023,"revenue":21214,"yearRevenueGrowth":-0.205,"quarterRevenueGrowth":-0.038,"costOfGoodSold":-16372,"grossProfit":4842,"operationExpense":-1063,"operationProfit":3779,"yearOperationProfitGrowth":-0.097,"quarterOperationProfitGrowth":-0.015,"interestExpense":-62,"preTaxProfit":4267,"postTaxProfit":3417,"shareHolderIncome":3350,"yearShareHolderIncomeGrowth":-0.023,"quarterShareHolderIncomeGrowth":0.031,"investProfit":null,"serviceProfit":null,"otherProfit":null,"provisionExpense":null,"operationIncome":null,"ebitda":4570}]