{"exchange":"HOSE","shortName":"PV Gas","industryID":275,"industryIDv2":"7573","industryIdLevel2":"7500","industryIdLevel4":"7573","industry":"Điện, nước & xăng dầu khí đốt","industryEn":"Utilities","establishedYear":"1990","noEmployees":2827,"noShareholders":6390,"foreignPercent":0.018,"website":"https://www.pvgas.com.vn","stockRating":2.6,"deltaInWeek":-0.018,"deltaInMonth":-0.035,"deltaInYear":-0.221,"outstandingShare":2342.7,"issueShare":2296.7,"companyType":"CT","ticker":"GAS"}