{"capitalize":167970,"tradeVolume":322990,"priceToEarning":15.4,"priceToBook":2.4,"valueBeforeEbitda":10.8,"dividend":0.087,"roe":0.161,"profitGrowthAvarage":0.003,"ageOfReceivable":192.2,"ageOfInventory":11.6,"payableOnEquity":0.3,"payableOnEbitda":0.3,"ebitOnInterest":47.5,"shortOnLongTermPayable":0.4,"revenue":98064,"operationProfit":12535,"netProfit":10933,"earningPerShare":4667,"asset":95167,"liability":24246,"equity":70921,"bookValuePerShare":29693,"profitMargin":null,"nonInterestOnToi":null,"loanOnDeposit":null,"creditGrowth":null,"badDebtPercentage":null,"provisionOnBadDebt":null,"customerCredit":null,"betaIndex":null,"ticker":"GAS"}