[{"ticker":"FRT","quarter":2,"year":2024,"shortAsset":10593,"cash":691,"shortInvest":1250,"shortReceivable":629,"inventory":7789,"longAsset":1734,"fixedAsset":1376,"asset":12327,"debt":10499,"shortDebt":6150,"longDebt":0,"equity":1828,"capital":1362,"centralBankDeposit":null,"otherBankDeposit":null,"otherBankLoan":null,"stockInvest":null,"customerLoan":null,"badLoan":null,"provision":null,"netCustomerLoan":null,"otherAsset":null,"otherBankCredit":null,"oweOtherBank":null,"oweCentralBank":null,"valuablePaper":null,"payableInterest":null,"receivableInterest":null,"deposit":null,"otherDebt":96,"fund":null,"unDistributedIncome":0,"minorShareHolderProfit":164,"payable":10499},{"ticker":"FRT","quarter":1,"year":2024,"shortAsset":10921,"cash":871,"shortInvest":1573,"shortReceivable":655,"inventory":7537,"longAsset":1716,"fixedAsset":1347,"asset":12637,"debt":10857,"shortDebt":7217,"longDebt":0,"equity":1780,"capital":1362,"centralBankDeposit":null,"otherBankDeposit":null,"otherBankLoan":null,"stockInvest":null,"customerLoan":null,"badLoan":null,"provision":null,"netCustomerLoan":null,"otherAsset":null,"otherBankCredit":null,"oweOtherBank":null,"oweCentralBank":null,"valuablePaper":null,"payableInterest":null,"receivableInterest":null,"deposit":null,"otherDebt":90,"fund":null,"unDistributedIncome":0,"minorShareHolderProfit":142,"payable":10857},{"ticker":"FRT","quarter":4,"year":2023,"shortAsset":11415,"cash":961,"shortInvest":1194,"shortReceivable":394,"inventory":8427,"longAsset":1683,"fixedAsset":1308,"asset":13098,"debt":11379,"shortDebt":8108,"longDebt":0,"equity":1719,"capital":1362,"centralBankDeposit":null,"otherBankDeposit":null,"otherBankLoan":null,"stockInvest":null,"customerLoan":null,"badLoan":null,"provision":null,"netCustomerLoan":null,"otherAsset":null,"otherBankCredit":null,"oweOtherBank":null,"oweCentralBank":null,"valuablePaper":null,"payableInterest":null,"receivableInterest":null,"deposit":null,"otherDebt":113,"fund":null,"unDistributedIncome":0,"minorShareHolderProfit":120,"payable":11379},{"ticker":"FRT","quarter":3,"year":2023,"shortAsset":10057,"cash":541,"shortInvest":1037,"shortReceivable":734,"inventory":7290,"longAsset":1664,"fixedAsset":1264,"asset":11720,"debt":9925,"shortDebt":5646,"longDebt":0,"equity":1795,"capital":1362,"centralBankDeposit":null,"otherBankDeposit":null,"otherBankLoan":null,"stockInvest":null,"customerLoan":null,"badLoan":null,"provision":null,"netCustomerLoan":null,"otherAsset":null,"otherBankCredit":null,"oweOtherBank":null,"oweCentralBank":null,"valuablePaper":null,"payableInterest":null,"receivableInterest":null,"deposit":null,"otherDebt":295,"fund":null,"unDistributedIncome":0,"minorShareHolderProfit":93,"payable":9925},{"ticker":"FRT","quarter":2,"year":2023,"shortAsset":7688,"cash":382,"shortInvest":342,"shortReceivable":512,"inventory":6065,"longAsset":1491,"fixedAsset":978,"asset":9178,"debt":7401,"shortDebt":4217,"longDebt":0,"equity":1777,"capital":1362,"centralBankDeposit":null,"otherBankDeposit":null,"otherBankLoan":null,"stockInvest":null,"customerLoan":null,"badLoan":null,"provision":null,"netCustomerLoan":null,"otherAsset":null,"otherBankCredit":null,"oweOtherBank":null,"oweCentralBank":null,"valuablePaper":null,"payableInterest":null,"receivableInterest":null,"deposit":null,"otherDebt":68,"fund":null,"unDistributedIncome":0,"minorShareHolderProfit":52,"payable":7401},{"ticker":"FRT","quarter":1,"year":2023,"shortAsset":8156,"cash":687,"shortInvest":235,"shortReceivable":541,"inventory":6303,"longAsset":1285,"fixedAsset":920,"asset":9440,"debt":7389,"shortDebt":4898,"longDebt":0,"equity":2051,"capital":1185,"centralBankDeposit":null,"otherBankDeposit":null,"otherBankLoan":null,"stockInvest":null,"customerLoan":null,"badLoan":null,"provision":null,"netCustomerLoan":null,"otherAsset":null,"otherBankCredit":null,"oweOtherBank":null,"oweCentralBank":null,"valuablePaper":null,"payableInterest":null,"receivableInterest":null,"deposit":null,"otherDebt":61,"fund":null,"unDistributedIncome":0,"minorShareHolderProfit":48,"payable":7389}]