[{"ticker":"FRT","quarter":2,"year":2024,"investCost":-124,"fromInvest":313,"fromFinancial":-1067,"fromSale":575,"freeCashFlow":-509},{"ticker":"FRT","quarter":1,"year":2024,"investCost":-117,"fromInvest":-566,"fromFinancial":-891,"fromSale":1367,"freeCashFlow":-1604},{"ticker":"FRT","quarter":4,"year":2023,"investCost":-104,"fromInvest":-184,"fromFinancial":2489,"fromSale":-1886,"freeCashFlow":914},{"ticker":"FRT","quarter":3,"year":2023,"investCost":-233,"fromInvest":-982,"fromFinancial":1429,"fromSale":-288,"freeCashFlow":27},{"ticker":"FRT","quarter":2,"year":2023,"investCost":-216,"fromInvest":-312,"fromFinancial":-741,"fromSale":748,"freeCashFlow":-1191},{"ticker":"FRT","quarter":1,"year":2023,"investCost":-152,"fromInvest":806,"fromFinancial":-465,"fromSale":-400,"freeCashFlow":624}]