{"OriginStock":{"Cumulative_Return_3_Month":0.019,"Cumulative_Return_6_Month":0.2228,"Cumulative_Return_12_Month":0.8862,"Volatility_12_Month":0.2904,"SharpeRatio_3_Month":0.2343,"SharpeRatio_6_Month":2.162,"SharpeRatio_12_Month":2.9532,"Maximum_Drawdown_12_Month":0.1209},"SimilarStock":[{"correlation":0.439,"beta":1.18,"pe":43.585,"price_volatility_1_month_compareWith_VNINDEX":-0.038,"price_volatility_3_month_compareWith_VNINDEX":0.021,"price_volatility_6_month_compareWith_VNINDEX":0.263,"companyName":"Công ty Cổ phần Đầu tư Thế Giới Di Động","industryName":"Bán lẻ","exchangeName":"HOSE","ticker":"MWG"},{"correlation":0.274,"beta":1.608,"pe":26.426,"price_volatility_1_month_compareWith_VNINDEX":-0.052,"price_volatility_3_month_compareWith_VNINDEX":-0.082,"price_volatility_6_month_compareWith_VNINDEX":-0.006,"companyName":"Công ty Cổ phần Thế Giới Số","industryName":"Bán lẻ","exchangeName":"HOSE","ticker":"DGW"},{"correlation":0.024,"beta":0.379,"pe":87.588,"price_volatility_1_month_compareWith_VNINDEX":-0.031,"price_volatility_3_month_compareWith_VNINDEX":-0.052,"price_volatility_6_month_compareWith_VNINDEX":1.585,"companyName":"Công ty Cổ phần Dược phẩm Hà Tây","industryName":"Bán lẻ","exchangeName":"HNX","ticker":"DHT"},{"correlation":0.25,"beta":0.201,"pe":12.312,"price_volatility_1_month_compareWith_VNINDEX":-0.076,"price_volatility_3_month_compareWith_VNINDEX":-0.158,"price_volatility_6_month_compareWith_VNINDEX":0.016,"companyName":"Công ty Cổ phần Dịch vụ Hàng không Sân bay Tân Sơn Nhất","industryName":"Bán lẻ","exchangeName":"UpCom","ticker":"SAS"},{"correlation":0.432,"beta":1.463,"pe":22.827,"price_volatility_1_month_compareWith_VNINDEX":0.044,"price_volatility_3_month_compareWith_VNINDEX":-0.011,"price_volatility_6_month_compareWith_VNINDEX":0.055,"companyName":"Tổng Công ty Cổ phần Dịch vụ Tổng hợp Dầu khí","industryName":"Bán lẻ","exchangeName":"HOSE","ticker":"PET"},{"correlation":0.199,"beta":0.496,"pe":19.623,"price_volatility_1_month_compareWith_VNINDEX":-0.041,"price_volatility_3_month_compareWith_VNINDEX":-0.144,"price_volatility_6_month_compareWith_VNINDEX":-0.072,"companyName":"Công ty Cổ phần Dịch vụ Hàng không Taseco","industryName":"Bán lẻ","exchangeName":"HOSE","ticker":"AST"},{"correlation":0.039,"beta":-0.166,"pe":-174.063,"price_volatility_1_month_compareWith_VNINDEX":-0.031,"price_volatility_3_month_compareWith_VNINDEX":-0.089,"price_volatility_6_month_compareWith_VNINDEX":-0.312,"companyName":"Tổng Công ty Thương mại Hà Nội – Công ty cổ phần","industryName":"Bán lẻ","exchangeName":"UpCom","ticker":"HTM"},{"correlation":0.331,"beta":0.539,"pe":7.833,"price_volatility_1_month_compareWith_VNINDEX":0.018,"price_volatility_3_month_compareWith_VNINDEX":-0.013,"price_volatility_6_month_compareWith_VNINDEX":-0.1,"companyName":"Công ty Cổ phần Dịch vụ Phân phối Tổng hợp Dầu khí","industryName":"Bán lẻ","exchangeName":"HNX","ticker":"PSD"},{"correlation":null,"beta":0.235,"pe":10.943,"price_volatility_1_month_compareWith_VNINDEX":-0.088,"price_volatility_3_month_compareWith_VNINDEX":0.081,"price_volatility_6_month_compareWith_VNINDEX":0.186,"companyName":"Công ty Cổ phần Thương mại - Dịch vụ Bến Thành","industryName":"Bán lẻ","exchangeName":"HOSE","ticker":"BTT"},{"correlation":-0.133,"beta":-0.02,"pe":9.798,"price_volatility_1_month_compareWith_VNINDEX":0.059,"price_volatility_3_month_compareWith_VNINDEX":-0.115,"price_volatility_6_month_compareWith_VNINDEX":-0.218,"companyName":"Công ty Cổ phần Vật tư Xăng dầu","industryName":"Bán lẻ","exchangeName":"HOSE","ticker":"COM"}]}