[{"ticker":"FRT","quarter":2,"year":2024,"priceToEarning":-427.9,"priceToBook":14.5,"valueBeforeEbitda":57.4,"dividend":null,"roe":-0.033,"roa":-0.005,"daysReceivable":2,"daysInventory":88,"daysPayable":33,"ebitOnInterest":2.4,"earningPerShare":-414,"bookValuePerShare":12219,"interestMargin":null,"nonInterestOnToi":null,"badDebtPercentage":null,"provisionOnBadDebt":null,"costOfFinancing":null,"equityOnTotalAsset":0.135,"equityOnLoan":null,"costToIncome":null,"equityOnLiability":0.2,"currentPayment":1,"quickPayment":0.3,"epsChange":-0.813,"ebitdaOnStock":3811,"grossProfitMargin":0.196,"operatingProfitMargin":0.014,"postTaxMargin":0.003,"debtOnEquity":3.4,"debtOnAsset":0.5,"debtOnEbitda":10,"shortOnLongDebt":null,"assetOnEquity":7.4,"capitalBalance":106,"cashOnEquity":0.378,"cashOnCapitalize":0.029,"cashCirculation":57,"revenueOnWorkCapital":179.2,"capexOnFixedAsset":-0.491,"revenueOnAsset":3.3,"postTaxOnPreTax":0.4,"ebitOnRevenue":0.014,"preTaxOnEbit":0.6,"preProvisionOnToi":null,"postTaxOnToi":null,"loanOnEarnAsset":null,"loanOnAsset":null,"loanOnDeposit":null,"depositOnEarnAsset":null,"badDebtOnAsset":null,"liquidityOnLiability":null,"payableOnEquity":5.7,"cancelDebt":null,"ebitdaOnStockChange":1.431,"bookValuePerShareChange":0.016,"creditGrowth":null},{"ticker":"FRT","quarter":1,"year":2024,"priceToEarning":-70.4,"priceToBook":13,"valueBeforeEbitda":148,"dividend":null,"roe":-0.166,"roa":-0.027,"daysReceivable":5,"daysInventory":92,"daysPayable":29,"ebitOnInterest":2.1,"earningPerShare":-2215,"bookValuePerShare":12022,"interestMargin":null,"nonInterestOnToi":null,"badDebtPercentage":null,"provisionOnBadDebt":null,"costOfFinancing":null,"equityOnTotalAsset":0.13,"equityOnLoan":null,"costToIncome":null,"equityOnLiability":0.2,"currentPayment":1,"quickPayment":0.3,"epsChange":-0.127,"ebitdaOnStock":1568,"grossProfitMargin":0.2,"operatingProfitMargin":0.014,"postTaxMargin":0.004,"debtOnEquity":4.1,"debtOnAsset":0.6,"debtOnEbitda":30.3,"shortOnLongDebt":null,"assetOnEquity":7.7,"capitalBalance":65,"cashOnEquity":0.489,"cashOnCapitalize":0.038,"cashCirculation":68,"revenueOnWorkCapital":79.7,"capexOnFixedAsset":-0.591,"revenueOnAsset":3,"postTaxOnPreTax":0.4,"ebitOnRevenue":0.014,"preTaxOnEbit":0.7,"preProvisionOnToi":null,"postTaxOnToi":null,"loanOnEarnAsset":null,"loanOnAsset":null,"loanOnDeposit":null,"depositOnEarnAsset":null,"badDebtOnAsset":null,"liquidityOnLiability":null,"payableOnEquity":6.1,"cancelDebt":null,"ebitdaOnStockChange":0.344,"bookValuePerShareChange":0.024,"creditGrowth":null},{"ticker":"FRT","quarter":4,"year":2023,"priceToEarning":-42.2,"priceToBook":9.1,"valueBeforeEbitda":175.3,"dividend":null,"roe":-0.192,"roa":-0.029,"daysReceivable":6,"daysInventory":102,"daysPayable":29,"ebitOnInterest":-1,"earningPerShare":-2536,"bookValuePerShare":11738,"interestMargin":null,"nonInterestOnToi":null,"badDebtPercentage":null,"provisionOnBadDebt":null,"costOfFinancing":null,"equityOnTotalAsset":0.122,"equityOnLoan":null,"costToIncome":null,"equityOnLiability":0.2,"currentPayment":1,"quickPayment":0.3,"epsChange":1.301,"ebitdaOnStock":1167,"grossProfitMargin":0.175,"operatingProfitMargin":null,"postTaxMargin":null,"debtOnEquity":4.7,"debtOnAsset":0.6,"debtOnEbitda":45.3,"shortOnLongDebt":null,"assetOnEquity":8.2,"capitalBalance":37,"cashOnEquity":0.559,"cashOnCapitalize":0.046,"cashCirculation":79,"revenueOnWorkCapital":61,"capexOnFixedAsset":-0.902,"revenueOnAsset":2.7,"postTaxOnPreTax":null,"ebitOnRevenue":null,"preTaxOnEbit":1.6,"preProvisionOnToi":null,"postTaxOnToi":null,"loanOnEarnAsset":null,"loanOnAsset":null,"loanOnDeposit":null,"depositOnEarnAsset":null,"badDebtOnAsset":null,"liquidityOnLiability":null,"payableOnEquity":6.6,"cancelDebt":null,"ebitdaOnStockChange":-0.504,"bookValuePerShareChange":-0.061,"creditGrowth":null},{"ticker":"FRT","quarter":3,"year":2023,"priceToEarning":-80.7,"priceToBook":7.1,"valueBeforeEbitda":66.7,"dividend":null,"roe":-0.083,"roa":-0.014,"daysReceivable":7,"daysInventory":87,"daysPayable":35,"ebitOnInterest":0.7,"earningPerShare":-1102,"bookValuePerShare":12498,"interestMargin":null,"nonInterestOnToi":null,"badDebtPercentage":null,"provisionOnBadDebt":null,"costOfFinancing":null,"equityOnTotalAsset":0.145,"equityOnLoan":null,"costToIncome":null,"equityOnLiability":0.2,"currentPayment":1,"quickPayment":0.3,"epsChange":2.369,"ebitdaOnStock":2352,"grossProfitMargin":0.167,"operatingProfitMargin":0.006,"postTaxMargin":null,"debtOnEquity":3.1,"debtOnAsset":0.5,"debtOnEbitda":17.6,"shortOnLongDebt":null,"assetOnEquity":6.9,"capitalBalance":132,"cashOnEquity":0.301,"cashOnCapitalize":0.037,"cashCirculation":59,"revenueOnWorkCapital":52.8,"capexOnFixedAsset":-0.883,"revenueOnAsset":2.9,"postTaxOnPreTax":null,"ebitOnRevenue":0.006,"preTaxOnEbit":0,"preProvisionOnToi":null,"postTaxOnToi":null,"loanOnEarnAsset":null,"loanOnAsset":null,"loanOnDeposit":null,"depositOnEarnAsset":null,"badDebtOnAsset":null,"liquidityOnLiability":null,"payableOnEquity":5.5,"cancelDebt":null,"ebitdaOnStockChange":-0.05,"bookValuePerShareChange":-0.013,"creditGrowth":null},{"ticker":"FRT","quarter":2,"year":2023,"priceToEarning":-218.8,"priceToBook":5.7,"valueBeforeEbitda":49.7,"dividend":null,"roe":-0.025,"roa":-0.005,"daysReceivable":8,"daysInventory":78,"daysPayable":31,"ebitOnInterest":-1.9,"earningPerShare":-327,"bookValuePerShare":12663,"interestMargin":null,"nonInterestOnToi":null,"badDebtPercentage":null,"provisionOnBadDebt":null,"costOfFinancing":null,"equityOnTotalAsset":0.188,"equityOnLoan":null,"costToIncome":null,"equityOnLiability":0.2,"currentPayment":1,"quickPayment":0.2,"epsChange":-1.202,"ebitdaOnStock":2476,"grossProfitMargin":0.151,"operatingProfitMargin":null,"postTaxMargin":null,"debtOnEquity":2.4,"debtOnAsset":0.5,"debtOnEbitda":15.1,"shortOnLongDebt":null,"assetOnEquity":5.3,"capitalBalance":287,"cashOnEquity":0.215,"cashOnCapitalize":0.032,"cashCirculation":55,"revenueOnWorkCapital":43.6,"capexOnFixedAsset":-0.704,"revenueOnAsset":3.2,"postTaxOnPreTax":null,"ebitOnRevenue":null,"preTaxOnEbit":1.5,"preProvisionOnToi":null,"postTaxOnToi":null,"loanOnEarnAsset":null,"loanOnAsset":null,"loanOnDeposit":null,"depositOnEarnAsset":null,"badDebtOnAsset":null,"liquidityOnLiability":null,"payableOnEquity":4.2,"cancelDebt":null,"ebitdaOnStockChange":-0.514,"bookValuePerShareChange":-0.139,"creditGrowth":null},{"ticker":"FRT","quarter":1,"year":2023,"priceToEarning":32.5,"priceToBook":3.6,"valueBeforeEbitda":29.7,"dividend":null,"roe":0.115,"roa":0.022,"daysReceivable":12,"daysInventory":82,"daysPayable":27,"ebitOnInterest":0.8,"earningPerShare":1619,"bookValuePerShare":14702,"interestMargin":null,"nonInterestOnToi":null,"badDebtPercentage":null,"provisionOnBadDebt":null,"costOfFinancing":null,"equityOnTotalAsset":0.212,"equityOnLoan":null,"costToIncome":null,"equityOnLiability":0.3,"currentPayment":1.1,"quickPayment":0.3,"epsChange":-0.435,"ebitdaOnStock":5094,"grossProfitMargin":0.153,"operatingProfitMargin":0.009,"postTaxMargin":null,"debtOnEquity":2.4,"debtOnAsset":0.5,"debtOnEbitda":10.8,"shortOnLongDebt":null,"assetOnEquity":4.7,"capitalBalance":767,"cashOnEquity":0.335,"cashOnCapitalize":0.064,"cashCirculation":66,"revenueOnWorkCapital":30.4,"capexOnFixedAsset":-0.413,"revenueOnAsset":3,"postTaxOnPreTax":null,"ebitOnRevenue":0.009,"preTaxOnEbit":0,"preProvisionOnToi":null,"postTaxOnToi":null,"loanOnEarnAsset":null,"loanOnAsset":null,"loanOnDeposit":null,"depositOnEarnAsset":null,"badDebtOnAsset":null,"liquidityOnLiability":null,"payableOnEquity":3.6,"cancelDebt":null,"ebitdaOnStockChange":-0.109,"bookValuePerShareChange":-0.003,"creditGrowth":null}]