[{"ticker":"FRT","quarter":2,"year":2024,"revenue":9240,"yearRevenueGrowth":0.288,"quarterRevenueGrowth":0.022,"costOfGoodSold":-7429,"grossProfit":1811,"operationExpense":-1682,"operationProfit":129,"yearOperationProfitGrowth":null,"quarterOperationProfitGrowth":0.036,"interestExpense":-55,"preTaxProfit":72,"postTaxProfit":48,"shareHolderIncome":27,"yearShareHolderIncomeGrowth":null,"quarterShareHolderIncomeGrowth":-0.31,"investProfit":null,"serviceProfit":null,"otherProfit":null,"provisionExpense":null,"operationIncome":null,"ebitda":206},{"ticker":"FRT","quarter":1,"year":2024,"revenue":9042,"yearRevenueGrowth":0.166,"quarterRevenueGrowth":0.04,"costOfGoodSold":-7234,"grossProfit":1807,"operationExpense":-1683,"operationProfit":124,"yearOperationProfitGrowth":0.834,"quarterOperationProfitGrowth":null,"interestExpense":-60,"preTaxProfit":89,"postTaxProfit":61,"shareHolderIncome":39,"yearShareHolderIncomeGrowth":null,"quarterShareHolderIncomeGrowth":null,"investProfit":null,"serviceProfit":null,"otherProfit":null,"provisionExpense":null,"operationIncome":null,"ebitda":198},{"ticker":"FRT","quarter":4,"year":2023,"revenue":8690,"yearRevenueGrowth":0.027,"quarterRevenueGrowth":0.055,"costOfGoodSold":-7167,"grossProfit":1523,"operationExpense":-1585,"operationProfit":-62,"yearOperationProfitGrowth":null,"quarterOperationProfitGrowth":null,"interestExpense":-64,"preTaxProfit":-97,"postTaxProfit":-103,"shareHolderIncome":-101,"yearShareHolderIncomeGrowth":null,"quarterShareHolderIncomeGrowth":null,"investProfit":null,"serviceProfit":null,"otherProfit":null,"provisionExpense":null,"operationIncome":null,"ebitda":8},{"ticker":"FRT","quarter":3,"year":2023,"revenue":8236,"yearRevenueGrowth":0.068,"quarterRevenueGrowth":0.149,"costOfGoodSold":-6865,"grossProfit":1371,"operationExpense":-1326,"operationProfit":45,"yearOperationProfitGrowth":-0.625,"quarterOperationProfitGrowth":null,"interestExpense":-63,"preTaxProfit":1,"postTaxProfit":-13,"shareHolderIncome":-21,"yearShareHolderIncomeGrowth":null,"quarterShareHolderIncomeGrowth":null,"investProfit":null,"serviceProfit":null,"otherProfit":null,"provisionExpense":null,"operationIncome":null,"ebitda":107},{"ticker":"FRT","quarter":2,"year":2023,"revenue":7171,"yearRevenueGrowth":0.154,"quarterRevenueGrowth":-0.075,"costOfGoodSold":-6089,"grossProfit":1081,"operationExpense":-1217,"operationProfit":-135,"yearOperationProfitGrowth":null,"quarterOperationProfitGrowth":null,"interestExpense":-73,"preTaxProfit":-200,"postTaxProfit":-215,"shareHolderIncome":-219,"yearShareHolderIncomeGrowth":null,"quarterShareHolderIncomeGrowth":null,"investProfit":null,"serviceProfit":null,"otherProfit":null,"provisionExpense":null,"operationIncome":null,"ebitda":-114},{"ticker":"FRT","quarter":1,"year":2023,"revenue":7753,"yearRevenueGrowth":-0.004,"quarterRevenueGrowth":-0.083,"costOfGoodSold":-6566,"grossProfit":1186,"operationExpense":-1119,"operationProfit":68,"yearOperationProfitGrowth":-0.672,"quarterOperationProfitGrowth":-0.566,"interestExpense":-85,"preTaxProfit":2,"postTaxProfit":2,"shareHolderIncome":-5,"yearShareHolderIncomeGrowth":null,"quarterShareHolderIncomeGrowth":null,"investProfit":null,"serviceProfit":null,"otherProfit":null,"provisionExpense":null,"operationIncome":null,"ebitda":147}]