{"capitalize":24156,"tradeVolume":293069,"priceToEarning":-427.9,"priceToBook":14.5,"valueBeforeEbitda":57.4,"dividend":0,"roe":-0.033,"profitGrowthAvarage":null,"ageOfReceivable":2,"ageOfInventory":88.1,"payableOnEquity":5.7,"payableOnEbitda":10,"ebitOnInterest":2.4,"shortOnLongTermPayable":null,"revenue":35207,"operationProfit":237,"netProfit":-56,"earningPerShare":-414,"asset":12327,"liability":10499,"equity":1828,"bookValuePerShare":12219,"profitMargin":null,"nonInterestOnToi":null,"loanOnDeposit":null,"creditGrowth":null,"badDebtPercentage":null,"provisionOnBadDebt":null,"customerCredit":null,"betaIndex":null,"ticker":"FRT"}