[{"ticker":"ACB","quarter":2,"year":2024,"shortAsset":null,"cash":6594,"shortInvest":null,"shortReceivable":null,"inventory":null,"longAsset":null,"fixedAsset":4666,"asset":769679,"debt":694886,"shortDebt":null,"longDebt":null,"equity":74793,"capital":44667,"centralBankDeposit":15725,"otherBankDeposit":103684,"otherBankLoan":1785,"stockInvest":83343,"customerLoan":550172,"badLoan":8123,"provision":-6319,"netCustomerLoan":543853,"otherAsset":9901,"otherBankCredit":77935,"oweOtherBank":15825,"oweCentralBank":16,"valuablePaper":66953,"payableInterest":6373,"receivableInterest":3952,"deposit":511696,"otherDebt":22365,"fund":11557,"unDistributedIncome":18550,"minorShareHolderProfit":0,"payable":694886},{"ticker":"ACB","quarter":1,"year":2024,"shortAsset":null,"cash":6470,"shortInvest":null,"shortReceivable":null,"inventory":null,"longAsset":null,"fixedAsset":4671,"asset":727298,"debt":652507,"shortDebt":null,"longDebt":null,"equity":74791,"capital":38841,"centralBankDeposit":7852,"otherBankDeposit":120069,"otherBankLoan":1932,"stockInvest":75518,"customerLoan":506112,"badLoan":7348,"provision":-5773,"netCustomerLoan":500340,"otherAsset":10320,"otherBankCredit":79379,"oweOtherBank":9980,"oweCentralBank":67,"valuablePaper":49012,"payableInterest":6417,"receivableInterest":4232,"deposit":492804,"otherDebt":20710,"fund":11557,"unDistributedIncome":24192,"minorShareHolderProfit":0,"payable":652507},{"ticker":"ACB","quarter":4,"year":2023,"shortAsset":null,"cash":6909,"shortInvest":null,"shortReceivable":null,"inventory":null,"longAsset":null,"fixedAsset":4763,"asset":718795,"debt":647839,"shortDebt":null,"longDebt":null,"equity":70956,"capital":38841,"centralBankDeposit":18505,"otherBankDeposit":114644,"otherBankLoan":280,"stockInvest":80780,"customerLoan":487602,"badLoan":5887,"provision":-5367,"netCustomerLoan":482235,"otherAsset":10552,"otherBankCredit":80719,"oweOtherBank":8787,"oweCentralBank":0,"valuablePaper":52410,"payableInterest":7682,"receivableInterest":4283,"deposit":482703,"otherDebt":23060,"fund":11557,"unDistributedIncome":20286,"minorShareHolderProfit":0,"payable":647839},{"ticker":"ACB","quarter":3,"year":2023,"shortAsset":null,"cash":6553,"shortInvest":null,"shortReceivable":null,"inventory":null,"longAsset":null,"fixedAsset":4448,"asset":648510,"debt":581685,"shortDebt":null,"longDebt":null,"equity":66825,"capital":38841,"centralBankDeposit":12405,"otherBankDeposit":95134,"otherBankLoan":3086,"stockInvest":72266,"customerLoan":449752,"badLoan":5401,"provision":-5110,"netCustomerLoan":444641,"otherAsset":9771,"otherBankCredit":57302,"oweOtherBank":6817,"oweCentralBank":19,"valuablePaper":48859,"payableInterest":8574,"receivableInterest":4005,"deposit":445500,"otherDebt":23143,"fund":9220,"unDistributedIncome":18617,"minorShareHolderProfit":0,"payable":581685},{"ticker":"ACB","quarter":2,"year":2023,"shortAsset":null,"cash":5984,"shortInvest":null,"shortReceivable":null,"inventory":null,"longAsset":null,"fixedAsset":4292,"asset":630893,"debt":568026,"shortDebt":null,"longDebt":null,"equity":62867,"capital":38841,"centralBankDeposit":11514,"otherBankDeposit":88982,"otherBankLoan":831,"stockInvest":80328,"customerLoan":434032,"badLoan":4622,"provision":-4974,"netCustomerLoan":429058,"otherAsset":9663,"otherBankCredit":65532,"oweOtherBank":3426,"oweCentralBank":3,"valuablePaper":44658,"payableInterest":8292,"receivableInterest":4304,"deposit":432410,"otherDebt":21948,"fund":9220,"unDistributedIncome":14580,"minorShareHolderProfit":0,"payable":568026},{"ticker":"ACB","quarter":1,"year":2023,"shortAsset":null,"cash":6655,"shortInvest":null,"shortReceivable":null,"inventory":null,"longAsset":null,"fixedAsset":4127,"asset":611224,"debt":548693,"shortDebt":null,"longDebt":null,"equity":62530,"capital":33774,"centralBankDeposit":6429,"otherBankDeposit":85076,"otherBankLoan":9613,"stockInvest":80889,"customerLoan":411289,"badLoan":4003,"provision":-4668,"netCustomerLoan":406621,"otherAsset":11291,"otherBankCredit":49414,"oweOtherBank":3443,"oweCentralBank":6,"valuablePaper":50156,"payableInterest":7582,"receivableInterest":4420,"deposit":422755,"otherDebt":22863,"fund":9220,"unDistributedIncome":19307,"minorShareHolderProfit":0,"payable":548693}]