[{"ticker":"ACB","quarter":2,"year":2024,"investCost":-347,"fromInvest":-261,"fromFinancial":-3884,"fromSale":-3150,"freeCashFlow":0},{"ticker":"ACB","quarter":1,"year":2024,"investCost":-35,"fromInvest":-29,"fromFinancial":0,"fromSale":-9470,"freeCashFlow":0},{"ticker":"ACB","quarter":4,"year":2023,"investCost":-779,"fromInvest":-771,"fromFinancial":0,"fromSale":24000,"freeCashFlow":0},{"ticker":"ACB","quarter":3,"year":2023,"investCost":-144,"fromInvest":-107,"fromFinancial":0,"fromSale":5154,"freeCashFlow":0},{"ticker":"ACB","quarter":2,"year":2023,"investCost":-214,"fromInvest":-212,"fromFinancial":-3377,"fromSale":14419,"freeCashFlow":0},{"ticker":"ACB","quarter":1,"year":2023,"investCost":-150,"fromInvest":-118,"fromFinancial":0,"fromSale":-6427,"freeCashFlow":0}]