[{"ticker":"ACB","quarter":2,"year":2024,"priceToEarning":7.1,"priceToBook":1.6,"valueBeforeEbitda":null,"dividend":null,"roe":0.239,"roa":0.023,"daysReceivable":null,"daysInventory":null,"daysPayable":null,"ebitOnInterest":null,"earningPerShare":3675,"bookValuePerShare":16744,"interestMargin":0.038,"nonInterestOnToi":0.178,"badDebtPercentage":0.015,"provisionOnBadDebt":0.778,"costOfFinancing":0.039,"equityOnTotalAsset":0.097,"equityOnLoan":0.136,"costToIncome":0.285,"equityOnLiability":0.1,"currentPayment":null,"quickPayment":null,"epsChange":0.038,"ebitdaOnStock":null,"grossProfitMargin":null,"operatingProfitMargin":null,"postTaxMargin":null,"debtOnEquity":null,"debtOnAsset":null,"debtOnEbitda":null,"shortOnLongDebt":null,"assetOnEquity":10.3,"capitalBalance":null,"cashOnEquity":null,"cashOnCapitalize":null,"cashCirculation":null,"revenueOnWorkCapital":null,"capexOnFixedAsset":null,"revenueOnAsset":null,"postTaxOnPreTax":null,"ebitOnRevenue":null,"preTaxOnEbit":null,"preProvisionOnToi":0.571,"postTaxOnToi":0.516,"loanOnEarnAsset":0.735,"loanOnAsset":0.715,"loanOnDeposit":1.075,"depositOnEarnAsset":0.684,"badDebtOnAsset":0.011,"liquidityOnLiability":0.304,"payableOnEquity":9.3,"cancelDebt":0.001,"ebitdaOnStockChange":null,"bookValuePerShareChange":0,"creditGrowth":0.268},{"ticker":"ACB","quarter":1,"year":2024,"priceToEarning":6.8,"priceToBook":1.4,"valueBeforeEbitda":null,"dividend":null,"roe":0.23,"roa":0.024,"daysReceivable":null,"daysInventory":null,"daysPayable":null,"ebitOnInterest":null,"earningPerShare":3540,"bookValuePerShare":16744,"interestMargin":0.039,"nonInterestOnToi":0.177,"badDebtPercentage":0.015,"provisionOnBadDebt":0.786,"costOfFinancing":0.044,"equityOnTotalAsset":0.103,"equityOnLoan":0.148,"costToIncome":0.338,"equityOnLiability":0.1,"currentPayment":null,"quickPayment":null,"epsChange":-0.014,"ebitdaOnStock":null,"grossProfitMargin":null,"operatingProfitMargin":null,"postTaxMargin":null,"debtOnEquity":null,"debtOnAsset":null,"debtOnEbitda":null,"shortOnLongDebt":null,"assetOnEquity":9.7,"capitalBalance":null,"cashOnEquity":null,"cashOnCapitalize":null,"cashCirculation":null,"revenueOnWorkCapital":null,"capexOnFixedAsset":null,"revenueOnAsset":null,"postTaxOnPreTax":null,"ebitOnRevenue":null,"preTaxOnEbit":null,"preProvisionOnToi":0.528,"postTaxOnToi":0.478,"loanOnEarnAsset":0.717,"loanOnAsset":0.696,"loanOnDeposit":1.027,"depositOnEarnAsset":0.698,"badDebtOnAsset":0.01,"liquidityOnLiability":0.325,"payableOnEquity":8.7,"cancelDebt":0.002,"ebitdaOnStockChange":null,"bookValuePerShareChange":0.054,"creditGrowth":0.231},{"ticker":"ACB","quarter":4,"year":2023,"priceToEarning":5.6,"priceToBook":1.3,"valueBeforeEbitda":null,"dividend":null,"roe":0.248,"roa":0.024,"daysReceivable":null,"daysInventory":null,"daysPayable":null,"ebitOnInterest":null,"earningPerShare":3592,"bookValuePerShare":15885,"interestMargin":0.039,"nonInterestOnToi":0.249,"badDebtPercentage":0.012,"provisionOnBadDebt":0.912,"costOfFinancing":0.048,"equityOnTotalAsset":0.099,"equityOnLoan":0.146,"costToIncome":0.36,"equityOnLiability":0.1,"currentPayment":null,"quickPayment":null,"epsChange":0.076,"ebitdaOnStock":null,"grossProfitMargin":null,"operatingProfitMargin":null,"postTaxMargin":null,"debtOnEquity":null,"debtOnAsset":null,"debtOnEbitda":null,"shortOnLongDebt":null,"assetOnEquity":10.1,"capitalBalance":null,"cashOnEquity":null,"cashOnCapitalize":null,"cashCirculation":null,"revenueOnWorkCapital":null,"capexOnFixedAsset":null,"revenueOnAsset":null,"postTaxOnPreTax":null,"ebitOnRevenue":null,"preTaxOnEbit":null,"preProvisionOnToi":0.509,"postTaxOnToi":0.478,"loanOnEarnAsset":0.7,"loanOnAsset":0.678,"loanOnDeposit":1.01,"depositOnEarnAsset":0.693,"badDebtOnAsset":0.008,"liquidityOnLiability":0.341,"payableOnEquity":9.1,"cancelDebt":0.003,"ebitdaOnStockChange":null,"bookValuePerShareChange":0.062,"creditGrowth":0.179},{"ticker":"ACB","quarter":3,"year":2023,"priceToEarning":5.5,"priceToBook":1.2,"valueBeforeEbitda":null,"dividend":null,"roe":0.243,"roa":0.025,"daysReceivable":null,"daysInventory":null,"daysPayable":null,"ebitOnInterest":null,"earningPerShare":3337,"bookValuePerShare":14960,"interestMargin":0.043,"nonInterestOnToi":0.263,"badDebtPercentage":0.012,"provisionOnBadDebt":0.946,"costOfFinancing":0.051,"equityOnTotalAsset":0.103,"equityOnLoan":0.149,"costToIncome":0.34,"equityOnLiability":0.1,"currentPayment":null,"quickPayment":null,"epsChange":0.031,"ebitdaOnStock":null,"grossProfitMargin":null,"operatingProfitMargin":null,"postTaxMargin":null,"debtOnEquity":null,"debtOnAsset":null,"debtOnEbitda":null,"shortOnLongDebt":null,"assetOnEquity":9.7,"capitalBalance":null,"cashOnEquity":null,"cashOnCapitalize":null,"cashCirculation":null,"revenueOnWorkCapital":null,"capexOnFixedAsset":null,"revenueOnAsset":null,"postTaxOnPreTax":null,"ebitOnRevenue":null,"preTaxOnEbit":null,"preProvisionOnToi":0.529,"postTaxOnToi":0.479,"loanOnEarnAsset":0.717,"loanOnAsset":0.694,"loanOnDeposit":1.01,"depositOnEarnAsset":0.71,"badDebtOnAsset":0.008,"liquidityOnLiability":0.326,"payableOnEquity":8.7,"cancelDebt":0.005,"ebitdaOnStockChange":null,"bookValuePerShareChange":0.063,"creditGrowth":0.118},{"ticker":"ACB","quarter":2,"year":2023,"priceToEarning":5.7,"priceToBook":1.3,"valueBeforeEbitda":null,"dividend":null,"roe":0.252,"roa":0.025,"daysReceivable":null,"daysInventory":null,"daysPayable":null,"ebitOnInterest":null,"earningPerShare":3236,"bookValuePerShare":14074,"interestMargin":0.044,"nonInterestOnToi":0.222,"badDebtPercentage":0.011,"provisionOnBadDebt":1.076,"costOfFinancing":0.047,"equityOnTotalAsset":0.1,"equityOnLoan":0.145,"costToIncome":0.31,"equityOnLiability":0.1,"currentPayment":null,"quickPayment":null,"epsChange":-0.005,"ebitdaOnStock":null,"grossProfitMargin":null,"operatingProfitMargin":null,"postTaxMargin":null,"debtOnEquity":null,"debtOnAsset":null,"debtOnEbitda":null,"shortOnLongDebt":null,"assetOnEquity":10,"capitalBalance":null,"cashOnEquity":null,"cashOnCapitalize":null,"cashCirculation":null,"revenueOnWorkCapital":null,"capexOnFixedAsset":null,"revenueOnAsset":null,"postTaxOnPreTax":null,"ebitOnRevenue":null,"preTaxOnEbit":null,"preProvisionOnToi":0.552,"postTaxOnToi":0.482,"loanOnEarnAsset":0.711,"loanOnAsset":0.688,"loanOnDeposit":1.004,"depositOnEarnAsset":0.708,"badDebtOnAsset":0.007,"liquidityOnLiability":0.33,"payableOnEquity":9,"cancelDebt":0.005,"ebitdaOnStockChange":null,"bookValuePerShareChange":0.005,"creditGrowth":0.097},{"ticker":"ACB","quarter":1,"year":2023,"priceToEarning":5.4,"priceToBook":1.3,"valueBeforeEbitda":null,"dividend":null,"roe":0.263,"roa":0.026,"daysReceivable":null,"daysInventory":null,"daysPayable":null,"ebitOnInterest":null,"earningPerShare":3254,"bookValuePerShare":13999,"interestMargin":0.044,"nonInterestOnToi":0.215,"badDebtPercentage":0.01,"provisionOnBadDebt":1.166,"costOfFinancing":0.042,"equityOnTotalAsset":0.102,"equityOnLoan":0.152,"costToIncome":0.317,"equityOnLiability":0.1,"currentPayment":null,"quickPayment":null,"epsChange":0.062,"ebitdaOnStock":null,"grossProfitMargin":null,"operatingProfitMargin":null,"postTaxMargin":null,"debtOnEquity":null,"debtOnAsset":null,"debtOnEbitda":null,"shortOnLongDebt":null,"assetOnEquity":9.8,"capitalBalance":null,"cashOnEquity":null,"cashOnCapitalize":null,"cashCirculation":null,"revenueOnWorkCapital":null,"capexOnFixedAsset":null,"revenueOnAsset":null,"postTaxOnPreTax":null,"ebitOnRevenue":null,"preTaxOnEbit":null,"preProvisionOnToi":0.548,"postTaxOnToi":0.522,"loanOnEarnAsset":0.699,"loanOnAsset":0.673,"loanOnDeposit":0.973,"depositOnEarnAsset":0.718,"badDebtOnAsset":0.007,"liquidityOnLiability":0.344,"payableOnEquity":8.8,"cancelDebt":0.004,"ebitdaOnStockChange":null,"bookValuePerShareChange":0.07,"creditGrowth":0.082}]