[{"ticker":"ACB","quarter":2,"year":2024,"revenue":7112,"yearRevenueGrowth":0.139,"quarterRevenueGrowth":0.058,"costOfGoodSold":null,"grossProfit":null,"operationExpense":-2466,"operationProfit":8652,"yearOperationProfitGrowth":0.078,"quarterOperationProfitGrowth":0.059,"interestExpense":null,"preTaxProfit":5598,"postTaxProfit":4469,"shareHolderIncome":4469,"yearShareHolderIncomeGrowth":0.156,"quarterShareHolderIncomeGrowth":0.144,"investProfit":377,"serviceProfit":878,"otherProfit":286,"provisionExpense":-588,"operationIncome":6186,"ebitda":null},{"ticker":"ACB","quarter":1,"year":2024,"revenue":6722,"yearRevenueGrowth":0.081,"quarterRevenueGrowth":0.069,"costOfGoodSold":null,"grossProfit":null,"operationExpense":-2764,"operationProfit":8168,"yearOperationProfitGrowth":0.031,"quarterOperationProfitGrowth":-0.025,"interestExpense":null,"preTaxProfit":4892,"postTaxProfit":3905,"shareHolderIncome":3905,"yearShareHolderIncomeGrowth":-0.056,"quarterShareHolderIncomeGrowth":-0.025,"investProfit":639,"serviceProfit":745,"otherProfit":62,"provisionExpense":-512,"operationIncome":5405,"ebitda":null},{"ticker":"ACB","quarter":4,"year":2023,"revenue":6290,"yearRevenueGrowth":-0.026,"quarterRevenueGrowth":0.013,"costOfGoodSold":null,"grossProfit":null,"operationExpense":-3013,"operationProfit":8378,"yearOperationProfitGrowth":0.057,"quarterOperationProfitGrowth":-0.005,"interestExpense":null,"preTaxProfit":5044,"postTaxProfit":4006,"shareHolderIncome":4006,"yearShareHolderIncomeGrowth":0.396,"quarterShareHolderIncomeGrowth":-0.008,"investProfit":1375,"serviceProfit":727,"otherProfit":-14,"provisionExpense":-322,"operationIncome":5365,"ebitda":null},{"ticker":"ACB","quarter":3,"year":2023,"revenue":6209,"yearRevenueGrowth":0.029,"quarterRevenueGrowth":-0.006,"costOfGoodSold":null,"grossProfit":null,"operationExpense":-2868,"operationProfit":8424,"yearOperationProfitGrowth":0.188,"quarterOperationProfitGrowth":0.05,"interestExpense":null,"preTaxProfit":5035,"postTaxProfit":4038,"shareHolderIncome":4038,"yearShareHolderIncomeGrowth":0.126,"quarterShareHolderIncomeGrowth":0.044,"investProfit":1305,"serviceProfit":764,"otherProfit":147,"provisionExpense":-521,"operationIncome":5556,"ebitda":null},{"ticker":"ACB","quarter":2,"year":2023,"revenue":6246,"yearRevenueGrowth":0.114,"quarterRevenueGrowth":0.005,"costOfGoodSold":null,"grossProfit":null,"operationExpense":-2485,"operationProfit":8024,"yearOperationProfitGrowth":0.159,"quarterOperationProfitGrowth":0.013,"interestExpense":null,"preTaxProfit":4832,"postTaxProfit":3866,"shareHolderIncome":3866,"yearShareHolderIncomeGrowth":-0.02,"quarterShareHolderIncomeGrowth":-0.065,"investProfit":811,"serviceProfit":804,"otherProfit":163,"provisionExpense":-706,"operationIncome":5538,"ebitda":null},{"ticker":"ACB","quarter":1,"year":2023,"revenue":6215,"yearRevenueGrowth":0.142,"quarterRevenueGrowth":-0.037,"costOfGoodSold":null,"grossProfit":null,"operationExpense":-2508,"operationProfit":7920,"yearOperationProfitGrowth":0.156,"quarterOperationProfitGrowth":-0.001,"interestExpense":null,"preTaxProfit":5156,"postTaxProfit":4135,"shareHolderIncome":4135,"yearShareHolderIncomeGrowth":0.258,"quarterShareHolderIncomeGrowth":0.441,"investProfit":511,"serviceProfit":627,"otherProfit":567,"provisionExpense":-256,"operationIncome":5413,"ebitda":null}]