{"costOfFinancing":{"top200AvgValue":null,"industryName":"Ngân hàng","industryAvgValue":"0.05"},"interestMargin":{"top200AvgValue":null,"industryName":"Ngân hàng","industryAvgValue":"0.033"},"nonInterestOnToi":{"top200AvgValue":null,"industryName":"Ngân hàng","industryAvgValue":"0.17"},"costToIncome":{"top200AvgValue":null,"industryName":"Ngân hàng","industryAvgValue":"0.365"},"preProvisionOnToi":{"top200AvgValue":null,"industryName":"Ngân hàng","industryAvgValue":"0.503"},"postTaxOnToi":{"top200AvgValue":null,"industryName":"Ngân hàng","industryAvgValue":"0.327"},"depositOnEarnAsset":{"top200AvgValue":null,"industryName":"Ngân hàng","industryAvgValue":"0.684"},"cancelDebt":{"top200AvgValue":null,"industryName":"Ngân hàng","industryAvgValue":"0.009"},"badDebtPercentage":{"top200AvgValue":null,"industryName":"Ngân hàng","industryAvgValue":"0.025"},"provisionOnBadDebt":{"top200AvgValue":null,"industryName":"Ngân hàng","industryAvgValue":"0.588"},"loanOnDeposit":{"top200AvgValue":null,"industryName":"Ngân hàng","industryAvgValue":"1.037"},"equityOnTotalAsset":{"top200AvgValue":null,"industryName":"Ngân hàng","industryAvgValue":"0.088"},"badDebtOnAsset":{"top200AvgValue":null,"industryName":"Ngân hàng","industryAvgValue":"0.017"},"priceToSales":{"top200AvgValue":null,"industryName":"Ngân hàng","industryAvgValue":null}}