{"capitalize":116580,"tradeVolume":11497656,"priceToEarning":7.1,"priceToBook":1.6,"valueBeforeEbitda":null,"dividend":0.05,"roe":0.239,"profitGrowthAvarage":0.256,"ageOfReceivable":null,"ageOfInventory":null,"payableOnEquity":null,"payableOnEbitda":null,"ebitOnInterest":null,"shortOnLongTermPayable":null,"revenue":26332,"operationProfit":33623,"netProfit":16418,"earningPerShare":3676,"asset":769679,"liability":694886,"equity":74793,"bookValuePerShare":16745,"profitMargin":0.038,"nonInterestOnToi":0.178,"loanOnDeposit":1.075,"creditGrowth":0.268,"badDebtPercentage":0.015,"provisionOnBadDebt":0.778,"customerCredit":543853,"betaIndex":null,"ticker":"ACB"}