[{"ticker":"EIB","quarter":2,"year":2024,"shortAsset":null,"cash":2221,"shortInvest":null,"shortReceivable":null,"inventory":null,"longAsset":null,"fixedAsset":3696,"asset":211999,"debt":188510,"shortDebt":null,"longDebt":null,"equity":23489,"capital":17470,"centralBankDeposit":5600,"otherBankDeposit":31543,"otherBankLoan":0,"stockInvest":16044,"customerLoan":151328,"badLoan":4002,"provision":-1599,"netCustomerLoan":149729,"otherAsset":2875,"otherBankCredit":17052,"oweOtherBank":0,"oweCentralBank":2505,"valuablePaper":2000,"payableInterest":1973,"receivableInterest":932,"deposit":163051,"otherDebt":3902,"fund":2897,"unDistributedIncome":3005,"minorShareHolderProfit":0,"payable":188510},{"ticker":"EIB","quarter":1,"year":2024,"shortAsset":null,"cash":2055,"shortInvest":null,"shortReceivable":null,"inventory":null,"longAsset":null,"fixedAsset":3685,"asset":203585,"debt":180617,"shortDebt":null,"longDebt":null,"equity":22968,"capital":17470,"centralBankDeposit":6632,"otherBankDeposit":35639,"otherBankLoan":0,"stockInvest":6807,"customerLoan":147021,"badLoan":4204,"provision":-1569,"netCustomerLoan":145453,"otherAsset":3153,"otherBankCredit":14312,"oweOtherBank":0,"oweCentralBank":18,"valuablePaper":2000,"payableInterest":2199,"receivableInterest":931,"deposit":160659,"otherDebt":3627,"fund":2897,"unDistributedIncome":2512,"minorShareHolderProfit":0,"payable":180617},{"ticker":"EIB","quarter":4,"year":2023,"shortAsset":null,"cash":2257,"shortInvest":null,"shortReceivable":null,"inventory":null,"longAsset":null,"fixedAsset":3682,"asset":201417,"debt":178972,"shortDebt":null,"longDebt":null,"equity":22445,"capital":17470,"centralBankDeposit":4059,"otherBankDeposit":43027,"otherBankLoan":0,"stockInvest":6983,"customerLoan":140449,"badLoan":3727,"provision":-1536,"netCustomerLoan":138913,"otherAsset":2496,"otherBankCredit":16364,"oweOtherBank":0,"oweCentralBank":20,"valuablePaper":2000,"payableInterest":2552,"receivableInterest":806,"deposit":156329,"otherDebt":4028,"fund":2897,"unDistributedIncome":1985,"minorShareHolderProfit":0,"payable":178972},{"ticker":"EIB","quarter":3,"year":2023,"shortAsset":null,"cash":2071,"shortInvest":null,"shortReceivable":null,"inventory":null,"longAsset":null,"fixedAsset":3615,"asset":191337,"debt":169691,"shortDebt":null,"longDebt":null,"equity":21646,"capital":14814,"centralBankDeposit":2093,"otherBankDeposit":41102,"otherBankLoan":0,"stockInvest":4848,"customerLoan":135967,"badLoan":3593,"provision":-1388,"netCustomerLoan":134579,"otherAsset":2933,"otherBankCredit":10826,"oweOtherBank":0,"oweCentralBank":22,"valuablePaper":0,"payableInterest":3297,"receivableInterest":778,"deposit":153968,"otherDebt":4875,"fund":2572,"unDistributedIncome":4161,"minorShareHolderProfit":0,"payable":169691},{"ticker":"EIB","quarter":2,"year":2023,"shortAsset":null,"cash":1870,"shortInvest":null,"shortReceivable":null,"inventory":null,"longAsset":null,"fixedAsset":3554,"asset":190301,"debt":168879,"shortDebt":null,"longDebt":null,"equity":21422,"capital":14814,"centralBankDeposit":6677,"otherBankDeposit":36735,"otherBankLoan":0,"stockInvest":7941,"customerLoan":131850,"badLoan":3625,"provision":-1579,"netCustomerLoan":130270,"otherAsset":3085,"otherBankCredit":10279,"oweOtherBank":0,"oweCentralBank":22,"valuablePaper":0,"payableInterest":3037,"receivableInterest":925,"deposit":154278,"otherDebt":4299,"fund":2572,"unDistributedIncome":3919,"minorShareHolderProfit":0,"payable":168879},{"ticker":"EIB","quarter":1,"year":2023,"shortAsset":null,"cash":2348,"shortInvest":null,"shortReceivable":null,"inventory":null,"longAsset":null,"fixedAsset":3325,"asset":183684,"debt":162533,"shortDebt":null,"longDebt":null,"equity":21151,"capital":14814,"centralBankDeposit":3197,"otherBankDeposit":30480,"otherBankLoan":0,"stockInvest":12353,"customerLoan":130074,"badLoan":3047,"provision":-1402,"netCustomerLoan":128672,"otherAsset":3197,"otherBankCredit":9652,"oweOtherBank":0,"oweCentralBank":23,"valuablePaper":0,"payableInterest":2850,"receivableInterest":995,"deposit":148712,"otherDebt":4145,"fund":2572,"unDistributedIncome":3696,"minorShareHolderProfit":0,"payable":162533}]