[{"ticker":"EIB","quarter":2,"year":2024,"investCost":-72,"fromInvest":-69,"fromFinancial":0,"fromSale":-3722,"freeCashFlow":0},{"ticker":"EIB","quarter":1,"year":2024,"investCost":-53,"fromInvest":-53,"fromFinancial":0,"fromSale":-4960,"freeCashFlow":0},{"ticker":"EIB","quarter":4,"year":2023,"investCost":-155,"fromInvest":-143,"fromFinancial":0,"fromSale":4226,"freeCashFlow":0},{"ticker":"EIB","quarter":3,"year":2023,"investCost":-82,"fromInvest":-74,"fromFinancial":0,"fromSale":76,"freeCashFlow":0},{"ticker":"EIB","quarter":2,"year":2023,"investCost":-144,"fromInvest":-143,"fromFinancial":0,"fromSale":5352,"freeCashFlow":0},{"ticker":"EIB","quarter":1,"year":2023,"investCost":-286,"fromInvest":-285,"fromFinancial":0,"fromSale":-423,"freeCashFlow":0}]