{"OriginStock":{"Cumulative_Return_3_Month":0.1559,"Cumulative_Return_6_Month":0.2192,"Cumulative_Return_12_Month":0.237,"Volatility_12_Month":0.266,"SharpeRatio_3_Month":3.3041,"SharpeRatio_6_Month":1.8476,"SharpeRatio_12_Month":0.7953,"Maximum_Drawdown_12_Month":0.1729},"SimilarStock":[{"correlation":0.083,"beta":0.615,"pe":15.498,"price_volatility_1_month_compareWith_VNINDEX":0,"price_volatility_3_month_compareWith_VNINDEX":0.037,"price_volatility_6_month_compareWith_VNINDEX":-0.056,"companyName":"Ngân hàng Thương mại Cổ phần Ngoại thương Việt Nam","industryName":"Ngân hàng","exchangeName":"HOSE","ticker":"VCB"},{"correlation":0.143,"beta":1.139,"pe":12.556,"price_volatility_1_month_compareWith_VNINDEX":0.012,"price_volatility_3_month_compareWith_VNINDEX":0.035,"price_volatility_6_month_compareWith_VNINDEX":-0.032,"companyName":"Ngân hàng Thương mại Cổ phần Đầu tư và Phát triển Việt Nam","industryName":"Ngân hàng","exchangeName":"HOSE","ticker":"BID"},{"correlation":0.101,"beta":1.399,"pe":9.586,"price_volatility_1_month_compareWith_VNINDEX":0.016,"price_volatility_3_month_compareWith_VNINDEX":0.085,"price_volatility_6_month_compareWith_VNINDEX":0.031,"companyName":"Ngân hàng Thương mại Cổ phần Công thương Việt Nam","industryName":"Ngân hàng","exchangeName":"HOSE","ticker":"CTG"},{"correlation":0.195,"beta":1.119,"pe":8.024,"price_volatility_1_month_compareWith_VNINDEX":0.054,"price_volatility_3_month_compareWith_VNINDEX":0.018,"price_volatility_6_month_compareWith_VNINDEX":0.047,"companyName":"Ngân hàng Thương mại Cổ phần Kỹ thương Việt Nam","industryName":"Ngân hàng","exchangeName":"HOSE","ticker":"TCB"},{"correlation":0.097,"beta":1.033,"pe":14.069,"price_volatility_1_month_compareWith_VNINDEX":0.081,"price_volatility_3_month_compareWith_VNINDEX":0.068,"price_volatility_6_month_compareWith_VNINDEX":0.115,"companyName":"Ngân hàng Thương mại Cổ phần Việt Nam Thịnh Vượng","industryName":"Ngân hàng","exchangeName":"HOSE","ticker":"VPB"},{"correlation":0.2,"beta":1.271,"pe":6.409,"price_volatility_1_month_compareWith_VNINDEX":0.041,"price_volatility_3_month_compareWith_VNINDEX":0.038,"price_volatility_6_month_compareWith_VNINDEX":0.062,"companyName":"Ngân hàng Thương mại Cổ phần Quân đội","industryName":"Ngân hàng","exchangeName":"HOSE","ticker":"MBB"},{"correlation":0.229,"beta":0.91,"pe":7.101,"price_volatility_1_month_compareWith_VNINDEX":0.044,"price_volatility_3_month_compareWith_VNINDEX":0.052,"price_volatility_6_month_compareWith_VNINDEX":0.084,"companyName":"Ngân hàng Thương mại Cổ phần Á Châu","industryName":"Ngân hàng","exchangeName":"HOSE","ticker":"ACB"},{"correlation":0.118,"beta":0.893,"pe":8.548,"price_volatility_1_month_compareWith_VNINDEX":0.033,"price_volatility_3_month_compareWith_VNINDEX":-0.002,"price_volatility_6_month_compareWith_VNINDEX":0.532,"companyName":"Ngân hàng Thương mại Cổ phần Lộc Phát Việt Nam","industryName":"Ngân hàng","exchangeName":"HOSE","ticker":"LPB"},{"correlation":0.167,"beta":1.003,"pe":6.527,"price_volatility_1_month_compareWith_VNINDEX":-0.006,"price_volatility_3_month_compareWith_VNINDEX":0.058,"price_volatility_6_month_compareWith_VNINDEX":0.145,"companyName":"Ngân hàng Thương mại Cổ phần Phát Triển Thành phố Hồ Chí Minh","industryName":"Ngân hàng","exchangeName":"HOSE","ticker":"HDB"},{"correlation":0.298,"beta":1.167,"pe":8.191,"price_volatility_1_month_compareWith_VNINDEX":0.17,"price_volatility_3_month_compareWith_VNINDEX":0.156,"price_volatility_6_month_compareWith_VNINDEX":0.249,"companyName":"Ngân hàng Thương mại Cổ phần Sài Gòn Thương Tín","industryName":"Ngân hàng","exchangeName":"HOSE","ticker":"STB"}]}