[{"ticker":"EIB","quarter":2,"year":2024,"priceToEarning":16.3,"priceToBook":1.5,"valueBeforeEbitda":null,"dividend":null,"roe":0.099,"roa":0.011,"daysReceivable":null,"daysInventory":null,"daysPayable":null,"ebitOnInterest":null,"earningPerShare":1189,"bookValuePerShare":12610,"interestMargin":0.026,"nonInterestOnToi":0.232,"badDebtPercentage":0.026,"provisionOnBadDebt":0.4,"costOfFinancing":0.049,"equityOnTotalAsset":0.111,"equityOnLoan":0.155,"costToIncome":0.475,"equityOnLiability":0.1,"currentPayment":null,"quickPayment":null,"epsChange":0.11,"ebitdaOnStock":null,"grossProfitMargin":null,"operatingProfitMargin":null,"postTaxMargin":null,"debtOnEquity":null,"debtOnAsset":null,"debtOnEbitda":null,"shortOnLongDebt":null,"assetOnEquity":9,"capitalBalance":null,"cashOnEquity":null,"cashOnCapitalize":null,"cashCirculation":null,"revenueOnWorkCapital":null,"capexOnFixedAsset":null,"revenueOnAsset":null,"postTaxOnPreTax":null,"ebitOnRevenue":null,"preTaxOnEbit":null,"preProvisionOnToi":0.415,"postTaxOnToi":0.327,"loanOnEarnAsset":0.745,"loanOnAsset":0.714,"loanOnDeposit":0.928,"depositOnEarnAsset":0.803,"badDebtOnAsset":0.019,"liquidityOnLiability":0.294,"payableOnEquity":8,"cancelDebt":0.006,"ebitdaOnStockChange":null,"bookValuePerShareChange":0.023,"creditGrowth":0.148},{"ticker":"EIB","quarter":1,"year":2024,"priceToEarning":15.8,"priceToBook":1.4,"valueBeforeEbitda":null,"dividend":null,"roe":0.09,"roa":0.01,"daysReceivable":null,"daysInventory":null,"daysPayable":null,"ebitOnInterest":null,"earningPerShare":1071,"bookValuePerShare":12330,"interestMargin":0.025,"nonInterestOnToi":0.139,"badDebtPercentage":0.029,"provisionOnBadDebt":0.373,"costOfFinancing":0.056,"equityOnTotalAsset":0.113,"equityOnLoan":0.156,"costToIncome":0.402,"equityOnLiability":0.1,"currentPayment":null,"quickPayment":null,"epsChange":-0.078,"ebitdaOnStock":null,"grossProfitMargin":null,"operatingProfitMargin":null,"postTaxMargin":null,"debtOnEquity":null,"debtOnAsset":null,"debtOnEbitda":null,"shortOnLongDebt":null,"assetOnEquity":8.9,"capitalBalance":null,"cashOnEquity":null,"cashOnCapitalize":null,"cashCirculation":null,"revenueOnWorkCapital":null,"capexOnFixedAsset":null,"revenueOnAsset":null,"postTaxOnPreTax":null,"ebitOnRevenue":null,"preTaxOnEbit":null,"preProvisionOnToi":0.477,"postTaxOnToi":0.334,"loanOnEarnAsset":0.755,"loanOnAsset":0.722,"loanOnDeposit":0.915,"depositOnEarnAsset":0.825,"badDebtOnAsset":0.021,"liquidityOnLiability":0.283,"payableOnEquity":7.9,"cancelDebt":0.005,"ebitdaOnStockChange":null,"bookValuePerShareChange":0.023,"creditGrowth":0.13},{"ticker":"EIB","quarter":4,"year":2023,"priceToEarning":14.5,"priceToBook":1.4,"valueBeforeEbitda":null,"dividend":null,"roe":0.101,"roa":0.011,"daysReceivable":null,"daysInventory":null,"daysPayable":null,"ebitOnInterest":null,"earningPerShare":1162,"bookValuePerShare":12049,"interestMargin":0.025,"nonInterestOnToi":0.356,"badDebtPercentage":0.027,"provisionOnBadDebt":0.412,"costOfFinancing":0.06,"equityOnTotalAsset":0.111,"equityOnLoan":0.16,"costToIncome":0.419,"equityOnLiability":0.1,"currentPayment":null,"quickPayment":null,"epsChange":0.227,"ebitdaOnStock":null,"grossProfitMargin":null,"operatingProfitMargin":null,"postTaxMargin":null,"debtOnEquity":null,"debtOnAsset":null,"debtOnEbitda":null,"shortOnLongDebt":null,"assetOnEquity":9,"capitalBalance":null,"cashOnEquity":null,"cashOnCapitalize":null,"cashCirculation":null,"revenueOnWorkCapital":null,"capexOnFixedAsset":null,"revenueOnAsset":null,"postTaxOnPreTax":null,"ebitOnRevenue":null,"preTaxOnEbit":null,"preProvisionOnToi":0.464,"postTaxOnToi":0.371,"loanOnEarnAsset":0.727,"loanOnAsset":0.697,"loanOnDeposit":0.898,"depositOnEarnAsset":0.809,"badDebtOnAsset":0.019,"liquidityOnLiability":0.315,"payableOnEquity":8,"cancelDebt":0.003,"ebitdaOnStockChange":null,"bookValuePerShareChange":0.037,"creditGrowth":0.076},{"ticker":"EIB","quarter":3,"year":2023,"priceToEarning":17.4,"priceToBook":1.4,"valueBeforeEbitda":null,"dividend":null,"roe":0.084,"roa":0.009,"daysReceivable":null,"daysInventory":null,"daysPayable":null,"ebitOnInterest":null,"earningPerShare":947,"bookValuePerShare":11620,"interestMargin":0.026,"nonInterestOnToi":0.297,"badDebtPercentage":0.026,"provisionOnBadDebt":0.386,"costOfFinancing":0.06,"equityOnTotalAsset":0.113,"equityOnLoan":0.159,"costToIncome":0.614,"equityOnLiability":0.1,"currentPayment":null,"quickPayment":null,"epsChange":-0.307,"ebitdaOnStock":null,"grossProfitMargin":null,"operatingProfitMargin":null,"postTaxMargin":null,"debtOnEquity":null,"debtOnAsset":null,"debtOnEbitda":null,"shortOnLongDebt":null,"assetOnEquity":8.8,"capitalBalance":null,"cashOnEquity":null,"cashOnCapitalize":null,"cashCirculation":null,"revenueOnWorkCapital":null,"capexOnFixedAsset":null,"revenueOnAsset":null,"postTaxOnPreTax":null,"ebitOnRevenue":null,"preTaxOnEbit":null,"preProvisionOnToi":0.304,"postTaxOnToi":0.196,"loanOnEarnAsset":0.744,"loanOnAsset":0.711,"loanOnDeposit":0.883,"depositOnEarnAsset":0.842,"badDebtOnAsset":0.019,"liquidityOnLiability":0.295,"payableOnEquity":7.8,"cancelDebt":0.004,"ebitdaOnStockChange":null,"bookValuePerShareChange":0.01,"creditGrowth":0.067},{"ticker":"EIB","quarter":2,"year":2023,"priceToEarning":12.1,"priceToBook":1.4,"valueBeforeEbitda":null,"dividend":null,"roe":0.126,"roa":0.014,"daysReceivable":null,"daysInventory":null,"daysPayable":null,"ebitOnInterest":null,"earningPerShare":1366,"bookValuePerShare":11500,"interestMargin":0.03,"nonInterestOnToi":0.261,"badDebtPercentage":0.027,"provisionOnBadDebt":0.436,"costOfFinancing":0.056,"equityOnTotalAsset":0.113,"equityOnLoan":0.162,"costToIncome":0.519,"equityOnLiability":0.1,"currentPayment":null,"quickPayment":null,"epsChange":-0.15,"ebitdaOnStock":null,"grossProfitMargin":null,"operatingProfitMargin":null,"postTaxMargin":null,"debtOnEquity":null,"debtOnAsset":null,"debtOnEbitda":null,"shortOnLongDebt":null,"assetOnEquity":8.9,"capitalBalance":null,"cashOnEquity":null,"cashOnCapitalize":null,"cashCirculation":null,"revenueOnWorkCapital":null,"capexOnFixedAsset":null,"revenueOnAsset":null,"postTaxOnPreTax":null,"ebitOnRevenue":null,"preTaxOnEbit":null,"preProvisionOnToi":0.38,"postTaxOnToi":0.285,"loanOnEarnAsset":0.725,"loanOnAsset":0.693,"loanOnDeposit":0.855,"depositOnEarnAsset":0.849,"badDebtOnAsset":0.019,"liquidityOnLiability":0.315,"payableOnEquity":7.9,"cancelDebt":0.001,"ebitdaOnStockChange":null,"bookValuePerShareChange":0.013,"creditGrowth":0.059},{"ticker":"EIB","quarter":1,"year":2023,"priceToEarning":9.2,"priceToBook":1.3,"valueBeforeEbitda":null,"dividend":null,"roe":0.151,"roa":0.017,"daysReceivable":null,"daysInventory":null,"daysPayable":null,"ebitOnInterest":null,"earningPerShare":1607,"bookValuePerShare":11354,"interestMargin":0.033,"nonInterestOnToi":0.258,"badDebtPercentage":0.023,"provisionOnBadDebt":0.46,"costOfFinancing":0.049,"equityOnTotalAsset":0.115,"equityOnLoan":0.163,"costToIncome":0.423,"equityOnLiability":0.1,"currentPayment":null,"quickPayment":null,"epsChange":0.017,"ebitdaOnStock":null,"grossProfitMargin":null,"operatingProfitMargin":null,"postTaxMargin":null,"debtOnEquity":null,"debtOnAsset":null,"debtOnEbitda":null,"shortOnLongDebt":null,"assetOnEquity":8.7,"capitalBalance":null,"cashOnEquity":null,"cashOnCapitalize":null,"cashCirculation":null,"revenueOnWorkCapital":null,"capexOnFixedAsset":null,"revenueOnAsset":null,"postTaxOnPreTax":null,"ebitOnRevenue":null,"preTaxOnEbit":null,"preProvisionOnToi":0.462,"postTaxOnToi":0.418,"loanOnEarnAsset":0.744,"loanOnAsset":0.708,"loanOnDeposit":0.875,"depositOnEarnAsset":0.851,"badDebtOnAsset":0.017,"liquidityOnLiability":0.298,"payableOnEquity":7.7,"cancelDebt":0.001,"ebitdaOnStockChange":null,"bookValuePerShareChange":0.033,"creditGrowth":0.061}]