[{"ticker":"EIB","quarter":2,"year":2024,"revenue":1512,"yearRevenueGrowth":0.381,"quarterRevenueGrowth":0.113,"costOfGoodSold":null,"grossProfit":null,"operationExpense":-934,"operationProfit":1968,"yearOperationProfitGrowth":0.328,"quarterOperationProfitGrowth":0.248,"interestExpense":null,"preTaxProfit":813,"postTaxProfit":643,"shareHolderIncome":643,"yearShareHolderIncomeGrowth":0.521,"quarterShareHolderIncomeGrowth":0.219,"investProfit":118,"serviceProfit":125,"otherProfit":213,"provisionExpense":-221,"operationIncome":1034,"ebitda":null},{"ticker":"EIB","quarter":1,"year":2024,"revenue":1358,"yearRevenueGrowth":0.098,"quarterRevenueGrowth":-0.028,"costOfGoodSold":null,"grossProfit":null,"operationExpense":-635,"operationProfit":1577,"yearOperationProfitGrowth":-0.054,"quarterOperationProfitGrowth":-0.274,"interestExpense":null,"preTaxProfit":661,"postTaxProfit":527,"shareHolderIncome":527,"yearShareHolderIncomeGrowth":-0.243,"quarterShareHolderIncomeGrowth":-0.345,"investProfit":60,"serviceProfit":111,"otherProfit":49,"provisionExpense":-282,"operationIncome":943,"ebitda":null},{"ticker":"EIB","quarter":4,"year":2023,"revenue":1398,"yearRevenueGrowth":-0.028,"quarterRevenueGrowth":0.609,"costOfGoodSold":null,"grossProfit":null,"operationExpense":-909,"operationProfit":2171,"yearOperationProfitGrowth":0.168,"quarterOperationProfitGrowth":0.758,"interestExpense":null,"preTaxProfit":1007,"postTaxProfit":805,"shareHolderIncome":805,"yearShareHolderIncomeGrowth":0.993,"quarterShareHolderIncomeGrowth":2.327,"investProfit":6,"serviceProfit":128,"otherProfit":640,"provisionExpense":-254,"operationIncome":1262,"ebitda":null},{"ticker":"EIB","quarter":3,"year":2023,"revenue":869,"yearRevenueGrowth":-0.418,"quarterRevenueGrowth":-0.206,"costOfGoodSold":null,"grossProfit":null,"operationExpense":-758,"operationProfit":1235,"yearOperationProfitGrowth":-0.267,"quarterOperationProfitGrowth":-0.166,"interestExpense":null,"preTaxProfit":307,"postTaxProfit":242,"shareHolderIncome":242,"yearShareHolderIncomeGrowth":-0.764,"quarterShareHolderIncomeGrowth":-0.428,"investProfit":219,"serviceProfit":116,"otherProfit":32,"provisionExpense":-170,"operationIncome":477,"ebitda":null},{"ticker":"EIB","quarter":2,"year":2023,"revenue":1094,"yearRevenueGrowth":-0.228,"quarterRevenueGrowth":-0.115,"costOfGoodSold":null,"grossProfit":null,"operationExpense":-769,"operationProfit":1481,"yearOperationProfitGrowth":-0.268,"quarterOperationProfitGrowth":-0.112,"interestExpense":null,"preTaxProfit":535,"postTaxProfit":423,"shareHolderIncome":423,"yearShareHolderIncomeGrowth":-0.515,"quarterShareHolderIncomeGrowth":-0.393,"investProfit":189,"serviceProfit":124,"otherProfit":74,"provisionExpense":-178,"operationIncome":712,"ebitda":null},{"ticker":"EIB","quarter":1,"year":2023,"revenue":1237,"yearRevenueGrowth":-0.007,"quarterRevenueGrowth":-0.14,"costOfGoodSold":null,"grossProfit":null,"operationExpense":-704,"operationProfit":1667,"yearOperationProfitGrowth":0,"quarterOperationProfitGrowth":-0.103,"interestExpense":null,"preTaxProfit":871,"postTaxProfit":696,"shareHolderIncome":696,"yearShareHolderIncomeGrowth":0.076,"quarterShareHolderIncomeGrowth":0.725,"investProfit":194,"serviceProfit":146,"otherProfit":90,"provisionExpense":-92,"operationIncome":963,"ebitda":null}]