{"capitalize":36230,"tradeVolume":27203118,"priceToEarning":16.3,"priceToBook":1.5,"valueBeforeEbitda":null,"dividend":0.018,"roe":0.099,"profitGrowthAvarage":0.268,"ageOfReceivable":null,"ageOfInventory":null,"payableOnEquity":null,"payableOnEbitda":null,"ebitOnInterest":null,"shortOnLongTermPayable":null,"revenue":5136,"operationProfit":6951,"netProfit":2216,"earningPerShare":1190,"asset":211999,"liability":188510,"equity":23489,"bookValuePerShare":12610,"profitMargin":0.026,"nonInterestOnToi":0.232,"loanOnDeposit":0.928,"creditGrowth":0.148,"badDebtPercentage":0.026,"provisionOnBadDebt":0.4,"customerCredit":149729,"betaIndex":null,"ticker":"EIB"}