[{"ticker":"DXG","quarter":2,"year":2024,"shortAsset":26640,"cash":1070,"shortInvest":65,"shortReceivable":11293,"inventory":13896,"longAsset":2315,"fixedAsset":359,"asset":28955,"debt":13393,"shortDebt":2744,"longDebt":2343,"equity":15563,"capital":7225,"centralBankDeposit":null,"otherBankDeposit":null,"otherBankLoan":null,"stockInvest":null,"customerLoan":null,"badLoan":null,"provision":null,"netCustomerLoan":null,"otherAsset":null,"otherBankCredit":null,"oweOtherBank":null,"oweCentralBank":null,"valuablePaper":null,"payableInterest":null,"receivableInterest":null,"deposit":null,"otherDebt":4265,"fund":null,"unDistributedIncome":0,"minorShareHolderProfit":4911,"payable":13393},{"ticker":"DXG","quarter":1,"year":2024,"shortAsset":27236,"cash":1399,"shortInvest":84,"shortReceivable":11420,"inventory":14010,"longAsset":2411,"fixedAsset":369,"asset":29648,"debt":14165,"shortDebt":2434,"longDebt":2773,"equity":15483,"capital":7225,"centralBankDeposit":null,"otherBankDeposit":null,"otherBankLoan":null,"stockInvest":null,"customerLoan":null,"badLoan":null,"provision":null,"netCustomerLoan":null,"otherAsset":null,"otherBankCredit":null,"oweOtherBank":null,"oweCentralBank":null,"valuablePaper":null,"payableInterest":null,"receivableInterest":null,"deposit":null,"otherDebt":4765,"fund":null,"unDistributedIncome":0,"minorShareHolderProfit":4860,"payable":14165},{"ticker":"DXG","quarter":4,"year":2023,"shortAsset":26234,"cash":276,"shortInvest":97,"shortReceivable":11428,"inventory":14139,"longAsset":2561,"fixedAsset":372,"asset":28795,"debt":14604,"shortDebt":2591,"longDebt":2699,"equity":14191,"capital":6118,"centralBankDeposit":null,"otherBankDeposit":null,"otherBankLoan":null,"stockInvest":null,"customerLoan":null,"badLoan":null,"provision":null,"netCustomerLoan":null,"otherAsset":null,"otherBankCredit":null,"oweOtherBank":null,"oweCentralBank":null,"valuablePaper":null,"payableInterest":null,"receivableInterest":null,"deposit":null,"otherDebt":4609,"fund":null,"unDistributedIncome":0,"minorShareHolderProfit":4783,"payable":14604},{"ticker":"DXG","quarter":3,"year":2023,"shortAsset":27656,"cash":644,"shortInvest":144,"shortReceivable":11778,"inventory":14788,"longAsset":2843,"fixedAsset":391,"asset":30499,"debt":16223,"shortDebt":2488,"longDebt":3128,"equity":14276,"capital":6118,"centralBankDeposit":null,"otherBankDeposit":null,"otherBankLoan":null,"stockInvest":null,"customerLoan":null,"badLoan":null,"provision":null,"netCustomerLoan":null,"otherAsset":null,"otherBankCredit":null,"oweOtherBank":null,"oweCentralBank":null,"valuablePaper":null,"payableInterest":null,"receivableInterest":null,"deposit":null,"otherDebt":4793,"fund":null,"unDistributedIncome":0,"minorShareHolderProfit":4916,"payable":16223},{"ticker":"DXG","quarter":2,"year":2023,"shortAsset":27521,"cash":455,"shortInvest":123,"shortReceivable":11870,"inventory":14788,"longAsset":2977,"fixedAsset":380,"asset":30498,"debt":16372,"shortDebt":3008,"longDebt":3019,"equity":14126,"capital":6118,"centralBankDeposit":null,"otherBankDeposit":null,"otherBankLoan":null,"stockInvest":null,"customerLoan":null,"badLoan":null,"provision":null,"netCustomerLoan":null,"otherAsset":null,"otherBankCredit":null,"oweOtherBank":null,"oweCentralBank":null,"valuablePaper":null,"payableInterest":null,"receivableInterest":null,"deposit":null,"otherDebt":4684,"fund":null,"unDistributedIncome":0,"minorShareHolderProfit":4826,"payable":16372},{"ticker":"DXG","quarter":1,"year":2023,"shortAsset":27468,"cash":615,"shortInvest":141,"shortReceivable":11353,"inventory":15114,"longAsset":3012,"fixedAsset":382,"asset":30480,"debt":16472,"shortDebt":2190,"longDebt":3776,"equity":14007,"capital":6118,"centralBankDeposit":null,"otherBankDeposit":null,"otherBankLoan":null,"stockInvest":null,"customerLoan":null,"badLoan":null,"provision":null,"netCustomerLoan":null,"otherAsset":null,"otherBankCredit":null,"oweOtherBank":null,"oweCentralBank":null,"valuablePaper":null,"payableInterest":null,"receivableInterest":null,"deposit":null,"otherDebt":4708,"fund":null,"unDistributedIncome":0,"minorShareHolderProfit":4858,"payable":16472}]