[{"ticker":"DXG","quarter":2,"year":2024,"investCost":-17,"fromInvest":219,"fromFinancial":-122,"fromSale":-427,"freeCashFlow":571},{"ticker":"DXG","quarter":1,"year":2024,"investCost":-1,"fromInvest":22,"fromFinancial":1135,"fromSale":-34,"freeCashFlow":421},{"ticker":"DXG","quarter":4,"year":2023,"investCost":-36,"fromInvest":267,"fromFinancial":-260,"fromSale":-375,"freeCashFlow":1058},{"ticker":"DXG","quarter":3,"year":2023,"investCost":-27,"fromInvest":404,"fromFinancial":-29,"fromSale":-186,"freeCashFlow":115},{"ticker":"DXG","quarter":2,"year":2023,"investCost":-33,"fromInvest":171,"fromFinancial":35,"fromSale":-366,"freeCashFlow":72},{"ticker":"DXG","quarter":1,"year":2023,"investCost":-33,"fromInvest":-292,"fromFinancial":193,"fromSale":-204,"freeCashFlow":-201}]