[{"ticker":"DXG","quarter":2,"year":2024,"priceToEarning":64.5,"priceToBook":1.1,"valueBeforeEbitda":16.5,"dividend":null,"roe":0.018,"roa":0.006,"daysReceivable":1150,"daysInventory":2047,"daysPayable":191,"ebitOnInterest":2.8,"earningPerShare":248,"bookValuePerShare":14779,"interestMargin":null,"nonInterestOnToi":null,"badDebtPercentage":null,"provisionOnBadDebt":null,"costOfFinancing":null,"equityOnTotalAsset":0.368,"equityOnLoan":null,"costToIncome":null,"equityOnLiability":1.2,"currentPayment":2.5,"quickPayment":1.2,"epsChange":-0.407,"ebitdaOnStock":1867,"grossProfitMargin":0.478,"operatingProfitMargin":0.224,"postTaxMargin":0.029,"debtOnEquity":0.3,"debtOnAsset":0.2,"debtOnEbitda":4.5,"shortOnLongDebt":1.2,"assetOnEquity":2.7,"capitalBalance":15873,"cashOnEquity":0.069,"cashOnCapitalize":0.092,"cashCirculation":3007,"revenueOnWorkCapital":0.3,"capexOnFixedAsset":-0.22,"revenueOnAsset":0.2,"postTaxOnPreTax":0.2,"ebitOnRevenue":0.224,"preTaxOnEbit":0.6,"preProvisionOnToi":null,"postTaxOnToi":null,"loanOnEarnAsset":null,"loanOnAsset":null,"loanOnDeposit":null,"depositOnEarnAsset":null,"badDebtOnAsset":null,"liquidityOnLiability":null,"payableOnEquity":0.9,"cancelDebt":null,"ebitdaOnStockChange":0.154,"bookValuePerShareChange":0.003,"creditGrowth":null},{"ticker":"DXG","quarter":1,"year":2024,"priceToEarning":47.3,"priceToBook":1.3,"valueBeforeEbitda":17.4,"dividend":null,"roe":0.031,"roa":0.01,"daysReceivable":1288,"daysInventory":2221,"daysPayable":247,"ebitOnInterest":2.2,"earningPerShare":419,"bookValuePerShare":14740,"interestMargin":null,"nonInterestOnToi":null,"badDebtPercentage":null,"provisionOnBadDebt":null,"costOfFinancing":null,"equityOnTotalAsset":0.358,"equityOnLoan":null,"costToIncome":null,"equityOnLiability":1.1,"currentPayment":2.4,"quickPayment":1.2,"epsChange":0.716,"ebitdaOnStock":1618,"grossProfitMargin":0.444,"operatingProfitMargin":0.239,"postTaxMargin":0.029,"debtOnEquity":0.3,"debtOnAsset":0.2,"debtOnEbitda":5.2,"shortOnLongDebt":0.9,"assetOnEquity":2.8,"capitalBalance":16005,"cashOnEquity":0.09,"cashOnCapitalize":0.138,"cashCirculation":3262,"revenueOnWorkCapital":0.3,"capexOnFixedAsset":-0.258,"revenueOnAsset":0.1,"postTaxOnPreTax":0.2,"ebitOnRevenue":0.239,"preTaxOnEbit":0.5,"preProvisionOnToi":null,"postTaxOnToi":null,"loanOnEarnAsset":null,"loanOnAsset":null,"loanOnDeposit":null,"depositOnEarnAsset":null,"badDebtOnAsset":null,"liquidityOnLiability":null,"payableOnEquity":0.9,"cancelDebt":null,"ebitdaOnStockChange":0.208,"bookValuePerShareChange":0.129,"creditGrowth":null},{"ticker":"DXG","quarter":4,"year":2023,"priceToEarning":79.1,"priceToBook":1.5,"valueBeforeEbitda":26.3,"dividend":null,"roe":0.019,"roa":0.006,"daysReceivable":1459,"daysInventory":2573,"daysPayable":183,"ebitOnInterest":2.7,"earningPerShare":244,"bookValuePerShare":13053,"interestMargin":null,"nonInterestOnToi":null,"badDebtPercentage":null,"provisionOnBadDebt":null,"costOfFinancing":null,"equityOnTotalAsset":0.327,"equityOnLoan":null,"costToIncome":null,"equityOnLiability":1,"currentPayment":2.3,"quickPayment":1,"epsChange":-1.633,"ebitdaOnStock":1340,"grossProfitMargin":0.459,"operatingProfitMargin":0.236,"postTaxMargin":0.034,"debtOnEquity":0.4,"debtOnAsset":0.2,"debtOnEbitda":6.7,"shortOnLongDebt":1,"assetOnEquity":3.1,"capitalBalance":14606,"cashOnEquity":0.019,"cashOnCapitalize":0.024,"cashCirculation":3849,"revenueOnWorkCapital":0.3,"capexOnFixedAsset":-0.338,"revenueOnAsset":0.1,"postTaxOnPreTax":0.4,"ebitOnRevenue":0.236,"preTaxOnEbit":0.4,"preProvisionOnToi":null,"postTaxOnToi":null,"loanOnEarnAsset":null,"loanOnAsset":null,"loanOnDeposit":null,"depositOnEarnAsset":null,"badDebtOnAsset":null,"liquidityOnLiability":null,"payableOnEquity":1,"cancelDebt":null,"ebitdaOnStockChange":2.61,"bookValuePerShareChange":0.005,"creditGrowth":null},{"ticker":"DXG","quarter":3,"year":2023,"priceToEarning":-46.3,"priceToBook":1.4,"valueBeforeEbitda":103.1,"dividend":null,"roe":-0.029,"roa":-0.009,"daysReceivable":1649,"daysInventory":2920,"daysPayable":140,"ebitOnInterest":2.3,"earningPerShare":-386,"bookValuePerShare":12987,"interestMargin":null,"nonInterestOnToi":null,"badDebtPercentage":null,"provisionOnBadDebt":null,"costOfFinancing":null,"equityOnTotalAsset":0.307,"equityOnLoan":null,"costToIncome":null,"equityOnLiability":0.9,"currentPayment":2.2,"quickPayment":1,"epsChange":0.44,"ebitdaOnStock":371,"grossProfitMargin":0.489,"operatingProfitMargin":0.272,"postTaxMargin":0.056,"debtOnEquity":0.4,"debtOnAsset":0.2,"debtOnEbitda":25.5,"shortOnLongDebt":0.8,"assetOnEquity":3.3,"capitalBalance":14793,"cashOnEquity":0.045,"cashOnCapitalize":0.048,"cashCirculation":4429,"revenueOnWorkCapital":0.2,"capexOnFixedAsset":-0.348,"revenueOnAsset":0.1,"postTaxOnPreTax":0.4,"ebitOnRevenue":0.272,"preTaxOnEbit":0.6,"preProvisionOnToi":null,"postTaxOnToi":null,"loanOnEarnAsset":null,"loanOnAsset":null,"loanOnDeposit":null,"depositOnEarnAsset":null,"badDebtOnAsset":null,"liquidityOnLiability":null,"payableOnEquity":1.1,"cancelDebt":null,"ebitdaOnStockChange":0.91,"bookValuePerShareChange":0.007,"creditGrowth":null},{"ticker":"DXG","quarter":2,"year":2023,"priceToEarning":-52.4,"priceToBook":1.1,"valueBeforeEbitda":173.3,"dividend":null,"roe":-0.021,"roa":-0.006,"daysReceivable":1555,"daysInventory":2843,"daysPayable":79,"ebitOnInterest":0.6,"earningPerShare":-268,"bookValuePerShare":12903,"interestMargin":null,"nonInterestOnToi":null,"badDebtPercentage":null,"provisionOnBadDebt":null,"costOfFinancing":null,"equityOnTotalAsset":0.305,"equityOnLoan":null,"costToIncome":null,"equityOnLiability":0.9,"currentPayment":2.1,"quickPayment":1,"epsChange":-0.107,"ebitdaOnStock":194,"grossProfitMargin":0.406,"operatingProfitMargin":0.115,"postTaxMargin":0.219,"debtOnEquity":0.4,"debtOnAsset":0.2,"debtOnEbitda":50.6,"shortOnLongDebt":1,"assetOnEquity":3.3,"capitalBalance":14403,"cashOnEquity":0.032,"cashOnCapitalize":0.045,"cashCirculation":4319,"revenueOnWorkCapital":0.2,"capexOnFixedAsset":-0.345,"revenueOnAsset":0.1,"postTaxOnPreTax":0.6,"ebitOnRevenue":0.115,"preTaxOnEbit":3,"preProvisionOnToi":null,"postTaxOnToi":null,"loanOnEarnAsset":null,"loanOnAsset":null,"loanOnDeposit":null,"depositOnEarnAsset":null,"badDebtOnAsset":null,"liquidityOnLiability":null,"payableOnEquity":1.2,"cancelDebt":null,"ebitdaOnStockChange":-0.581,"bookValuePerShareChange":0.016,"creditGrowth":null},{"ticker":"DXG","quarter":1,"year":2023,"priceToEarning":-39.6,"priceToBook":0.9,"valueBeforeEbitda":76.9,"dividend":null,"roe":-0.024,"roa":-0.007,"daysReceivable":1179,"daysInventory":2313,"daysPayable":54,"ebitOnInterest":0,"earningPerShare":-300,"bookValuePerShare":12694,"interestMargin":null,"nonInterestOnToi":null,"badDebtPercentage":null,"provisionOnBadDebt":null,"costOfFinancing":null,"equityOnTotalAsset":0.3,"equityOnLoan":null,"costToIncome":null,"equityOnLiability":0.9,"currentPayment":2.2,"quickPayment":1,"epsChange":-2.454,"ebitdaOnStock":463,"grossProfitMargin":0.44,"operatingProfitMargin":null,"postTaxMargin":null,"debtOnEquity":0.4,"debtOnAsset":0.2,"debtOnEbitda":18.2,"shortOnLongDebt":0.6,"assetOnEquity":3.3,"capitalBalance":15007,"cashOnEquity":0.044,"cashOnCapitalize":0.053,"cashCirculation":3438,"revenueOnWorkCapital":0.3,"capexOnFixedAsset":-0.382,"revenueOnAsset":0.1,"postTaxOnPreTax":null,"ebitOnRevenue":null,"preTaxOnEbit":19.6,"preProvisionOnToi":null,"postTaxOnToi":null,"loanOnEarnAsset":null,"loanOnAsset":null,"loanOnDeposit":null,"depositOnEarnAsset":null,"badDebtOnAsset":null,"liquidityOnLiability":null,"payableOnEquity":1.2,"cancelDebt":null,"ebitdaOnStockChange":-0.686,"bookValuePerShareChange":-0.003,"creditGrowth":null}]