[{"ticker":"DXG","quarter":2,"year":2024,"revenue":1126,"yearRevenueGrowth":0.577,"quarterRevenueGrowth":0.058,"costOfGoodSold":-587,"grossProfit":539,"operationExpense":-286,"operationProfit":253,"yearOperationProfitGrowth":2.078,"quarterOperationProfitGrowth":-0.008,"interestExpense":-91,"preTaxProfit":164,"postTaxProfit":94,"shareHolderIncome":33,"yearShareHolderIncomeGrowth":-0.789,"quarterShareHolderIncomeGrowth":0.052,"investProfit":null,"serviceProfit":null,"otherProfit":null,"provisionExpense":null,"operationIncome":null,"ebitda":269},{"ticker":"DXG","quarter":1,"year":2024,"revenue":1065,"yearRevenueGrowth":1.816,"quarterRevenueGrowth":-0.24,"costOfGoodSold":-592,"grossProfit":472,"operationExpense":-218,"operationProfit":255,"yearOperationProfitGrowth":null,"quarterOperationProfitGrowth":-0.23,"interestExpense":-115,"preTaxProfit":133,"postTaxProfit":78,"shareHolderIncome":31,"yearShareHolderIncomeGrowth":null,"quarterShareHolderIncomeGrowth":-0.336,"investProfit":null,"serviceProfit":null,"otherProfit":null,"provisionExpense":null,"operationIncome":null,"ebitda":276},{"ticker":"DXG","quarter":4,"year":2023,"revenue":1400,"yearRevenueGrowth":0.422,"quarterRevenueGrowth":0.153,"costOfGoodSold":-757,"grossProfit":643,"operationExpense":-312,"operationProfit":331,"yearOperationProfitGrowth":null,"quarterOperationProfitGrowth":0.004,"interestExpense":-121,"preTaxProfit":122,"postTaxProfit":5,"shareHolderIncome":47,"yearShareHolderIncomeGrowth":null,"quarterShareHolderIncomeGrowth":-0.308,"investProfit":null,"serviceProfit":null,"otherProfit":null,"provisionExpense":null,"operationIncome":null,"ebitda":349},{"ticker":"DXG","quarter":3,"year":2023,"revenue":1214,"yearRevenueGrowth":-0.033,"quarterRevenueGrowth":0.701,"costOfGoodSold":-620,"grossProfit":594,"operationExpense":-264,"operationProfit":330,"yearOperationProfitGrowth":0.493,"quarterOperationProfitGrowth":3.015,"interestExpense":-143,"preTaxProfit":183,"postTaxProfit":110,"shareHolderIncome":68,"yearShareHolderIncomeGrowth":-0.556,"quarterShareHolderIncomeGrowth":-0.564,"investProfit":null,"serviceProfit":null,"otherProfit":null,"provisionExpense":null,"operationIncome":null,"ebitda":351},{"ticker":"DXG","quarter":2,"year":2023,"revenue":714,"yearRevenueGrowth":-0.539,"quarterRevenueGrowth":0.888,"costOfGoodSold":-424,"grossProfit":290,"operationExpense":-208,"operationProfit":82,"yearOperationProfitGrowth":-0.666,"quarterOperationProfitGrowth":null,"interestExpense":-136,"preTaxProfit":249,"postTaxProfit":157,"shareHolderIncome":156,"yearShareHolderIncomeGrowth":0.173,"quarterShareHolderIncomeGrowth":null,"investProfit":null,"serviceProfit":null,"otherProfit":null,"provisionExpense":null,"operationIncome":null,"ebitda":103},{"ticker":"DXG","quarter":1,"year":2023,"revenue":378,"yearRevenueGrowth":-0.789,"quarterRevenueGrowth":-0.616,"costOfGoodSold":-212,"grossProfit":166,"operationExpense":-171,"operationProfit":-5,"yearOperationProfitGrowth":null,"quarterOperationProfitGrowth":null,"interestExpense":-140,"preTaxProfit":-96,"postTaxProfit":-117,"shareHolderIncome":-95,"yearShareHolderIncomeGrowth":null,"quarterShareHolderIncomeGrowth":null,"investProfit":null,"serviceProfit":null,"otherProfit":null,"provisionExpense":null,"operationIncome":null,"ebitda":16}]