{"capitalize":11567,"tradeVolume":14576374,"priceToEarning":64.5,"priceToBook":1.1,"valueBeforeEbitda":16.5,"dividend":0,"roe":0.018,"profitGrowthAvarage":-0.319,"ageOfReceivable":1150,"ageOfInventory":2047.2,"payableOnEquity":0.9,"payableOnEbitda":4.5,"ebitOnInterest":2.8,"shortOnLongTermPayable":1.2,"revenue":4805,"operationProfit":1168,"netProfit":179,"earningPerShare":249,"asset":28955,"liability":13393,"equity":15563,"bookValuePerShare":14780,"profitMargin":null,"nonInterestOnToi":null,"loanOnDeposit":null,"creditGrowth":null,"badDebtPercentage":null,"provisionOnBadDebt":null,"customerCredit":null,"betaIndex":null,"ticker":"DXG"}