[{"ticker":"CTD","quarter":2,"year":2024,"shortAsset":20456,"cash":2210,"shortInvest":1868,"shortReceivable":12024,"inventory":3126,"longAsset":2413,"fixedAsset":456,"asset":22869,"debt":14278,"shortDebt":1519,"longDebt":21,"equity":8591,"capital":1036,"centralBankDeposit":null,"otherBankDeposit":null,"otherBankLoan":null,"stockInvest":null,"customerLoan":null,"badLoan":null,"provision":null,"netCustomerLoan":null,"otherAsset":null,"otherBankCredit":null,"oweOtherBank":null,"oweCentralBank":null,"valuablePaper":null,"payableInterest":null,"receivableInterest":null,"deposit":null,"otherDebt":629,"fund":null,"unDistributedIncome":0,"minorShareHolderProfit":1,"payable":14278},{"ticker":"CTD","quarter":1,"year":2024,"shortAsset":18590,"cash":2382,"shortInvest":955,"shortReceivable":11233,"inventory":2924,"longAsset":2343,"fixedAsset":483,"asset":20933,"debt":12413,"shortDebt":1479,"longDebt":23,"equity":8520,"capital":1036,"centralBankDeposit":null,"otherBankDeposit":null,"otherBankLoan":null,"stockInvest":null,"customerLoan":null,"badLoan":null,"provision":null,"netCustomerLoan":null,"otherAsset":null,"otherBankCredit":null,"oweOtherBank":null,"oweCentralBank":null,"valuablePaper":null,"payableInterest":null,"receivableInterest":null,"deposit":null,"otherDebt":933,"fund":null,"unDistributedIncome":0,"minorShareHolderProfit":1,"payable":12413},{"ticker":"CTD","quarter":4,"year":2023,"shortAsset":19889,"cash":2842,"shortInvest":1768,"shortReceivable":11845,"inventory":2603,"longAsset":1762,"fixedAsset":475,"asset":21652,"debt":13244,"shortDebt":582,"longDebt":496,"equity":8407,"capital":1036,"centralBankDeposit":null,"otherBankDeposit":null,"otherBankLoan":null,"stockInvest":null,"customerLoan":null,"badLoan":null,"provision":null,"netCustomerLoan":null,"otherAsset":null,"otherBankCredit":null,"oweOtherBank":null,"oweCentralBank":null,"valuablePaper":null,"payableInterest":null,"receivableInterest":null,"deposit":null,"otherDebt":870,"fund":null,"unDistributedIncome":0,"minorShareHolderProfit":1,"payable":13244},{"ticker":"CTD","quarter":3,"year":2023,"shortAsset":18917,"cash":2225,"shortInvest":1854,"shortReceivable":11280,"inventory":2928,"longAsset":1633,"fixedAsset":492,"asset":20551,"debt":12213,"shortDebt":636,"longDebt":497,"equity":8338,"capital":1036,"centralBankDeposit":null,"otherBankDeposit":null,"otherBankLoan":null,"stockInvest":null,"customerLoan":null,"badLoan":null,"provision":null,"netCustomerLoan":null,"otherAsset":null,"otherBankCredit":null,"oweOtherBank":null,"oweCentralBank":null,"valuablePaper":null,"payableInterest":null,"receivableInterest":null,"deposit":null,"otherDebt":406,"fund":null,"unDistributedIncome":0,"minorShareHolderProfit":1,"payable":12213},{"ticker":"CTD","quarter":2,"year":2023,"shortAsset":19884,"cash":1883,"shortInvest":2180,"shortReceivable":12079,"inventory":3148,"longAsset":1491,"fixedAsset":523,"asset":21375,"debt":13103,"shortDebt":697,"longDebt":498,"equity":8272,"capital":788,"centralBankDeposit":null,"otherBankDeposit":null,"otherBankLoan":null,"stockInvest":null,"customerLoan":null,"badLoan":null,"provision":null,"netCustomerLoan":null,"otherAsset":null,"otherBankCredit":null,"oweOtherBank":null,"oweCentralBank":null,"valuablePaper":null,"payableInterest":null,"receivableInterest":null,"deposit":null,"otherDebt":1435,"fund":null,"unDistributedIncome":0,"minorShareHolderProfit":1,"payable":13103},{"ticker":"CTD","quarter":1,"year":2023,"shortAsset":18568,"cash":1984,"shortInvest":2240,"shortReceivable":11317,"inventory":2529,"longAsset":1473,"fixedAsset":536,"asset":20042,"debt":11806,"shortDebt":665,"longDebt":498,"equity":8236,"capital":788,"centralBankDeposit":null,"otherBankDeposit":null,"otherBankLoan":null,"stockInvest":null,"customerLoan":null,"badLoan":null,"provision":null,"netCustomerLoan":null,"otherAsset":null,"otherBankCredit":null,"oweOtherBank":null,"oweCentralBank":null,"valuablePaper":null,"payableInterest":null,"receivableInterest":null,"deposit":null,"otherDebt":1166,"fund":null,"unDistributedIncome":0,"minorShareHolderProfit":1,"payable":11806}]