[{"ticker":"CTD","quarter":2,"year":2024,"investCost":-67,"fromInvest":-912,"fromFinancial":38,"fromSale":701,"freeCashFlow":-240},{"ticker":"CTD","quarter":1,"year":2024,"investCost":-108,"fromInvest":610,"fromFinancial":144,"fromSale":-1213,"freeCashFlow":1448},{"ticker":"CTD","quarter":4,"year":2023,"investCost":-213,"fromInvest":355,"fromFinancial":-56,"fromSale":319,"freeCashFlow":-1476},{"ticker":"CTD","quarter":4,"year":2023,"investCost":-213,"fromInvest":355,"fromFinancial":-56,"fromSale":319,"freeCashFlow":-239},{"ticker":"CTD","quarter":3,"year":2023,"investCost":-162,"fromInvest":187,"fromFinancial":-63,"fromSale":218,"freeCashFlow":-178},{"ticker":"CTD","quarter":2,"year":2023,"investCost":-16,"fromInvest":169,"fromFinancial":37,"fromSale":-308,"freeCashFlow":427}]