{"OriginStock":{"Cumulative_Return_3_Month":-0.0466,"Cumulative_Return_6_Month":0.0079,"Cumulative_Return_12_Month":0.2886,"Volatility_12_Month":0.3699,"SharpeRatio_3_Month":-0.7474,"SharpeRatio_6_Month":-0.0388,"SharpeRatio_12_Month":0.7097,"Maximum_Drawdown_12_Month":0.2338},"SimilarStock":[{"correlation":0.602,"beta":1.426,"pe":23.369,"price_volatility_1_month_compareWith_VNINDEX":-0.014,"price_volatility_3_month_compareWith_VNINDEX":-0.177,"price_volatility_6_month_compareWith_VNINDEX":-0.243,"companyName":"Tổng Công ty Viglacera - Công ty Cổ phần","industryName":"Xây dựng và Vật liệu","exchangeName":"HOSE","ticker":"VGC"},{"correlation":0.625,"beta":1.485,"pe":28.756,"price_volatility_1_month_compareWith_VNINDEX":0.061,"price_volatility_3_month_compareWith_VNINDEX":-0.039,"price_volatility_6_month_compareWith_VNINDEX":0.058,"companyName":"Tổng Công ty Cổ phần Công trình Viettel","industryName":"Xây dựng và Vật liệu","exchangeName":"HOSE","ticker":"CTR"},{"correlation":0.006,"beta":0.433,"pe":12.122,"price_volatility_1_month_compareWith_VNINDEX":-0.035,"price_volatility_3_month_compareWith_VNINDEX":-0.155,"price_volatility_6_month_compareWith_VNINDEX":0.011,"companyName":"Tổng Công ty Cổ phần Phát triển Khu Công nghiệp","industryName":"Xây dựng và Vật liệu","exchangeName":"UpCom","ticker":"SNZ"},{"correlation":null,"beta":0.083,"pe":11.899,"price_volatility_1_month_compareWith_VNINDEX":-0.021,"price_volatility_3_month_compareWith_VNINDEX":-0.013,"price_volatility_6_month_compareWith_VNINDEX":-0.059,"companyName":"Công ty Cổ phần Đầu tư Cầu đường CII","industryName":"Xây dựng và Vật liệu","exchangeName":"HOSE","ticker":"LGC"},{"correlation":0.574,"beta":1.118,"pe":13.439,"price_volatility_1_month_compareWith_VNINDEX":-0.053,"price_volatility_3_month_compareWith_VNINDEX":-0.024,"price_volatility_6_month_compareWith_VNINDEX":-0.134,"companyName":"Tổng Công ty Cổ phần Xuất nhập khẩu và Xây dựng Việt Nam","industryName":"Xây dựng và Vật liệu","exchangeName":"HOSE","ticker":"VCG"},{"correlation":0.274,"beta":0.862,"pe":10.339,"price_volatility_1_month_compareWith_VNINDEX":0.089,"price_volatility_3_month_compareWith_VNINDEX":0.289,"price_volatility_6_month_compareWith_VNINDEX":0.118,"companyName":"Công ty Cổ phần Nhựa Bình Minh","industryName":"Xây dựng và Vật liệu","exchangeName":"HOSE","ticker":"BMP"},{"correlation":0.704,"beta":1.257,"pe":11.336,"price_volatility_1_month_compareWith_VNINDEX":-0.041,"price_volatility_3_month_compareWith_VNINDEX":-0.154,"price_volatility_6_month_compareWith_VNINDEX":-0.037,"companyName":"Công ty Cổ phần VICOSTONE","industryName":"Xây dựng và Vật liệu","exchangeName":"HNX","ticker":"VCS"},{"correlation":0.341,"beta":0.946,"pe":13.366,"price_volatility_1_month_compareWith_VNINDEX":-0.054,"price_volatility_3_month_compareWith_VNINDEX":0.118,"price_volatility_6_month_compareWith_VNINDEX":0.694,"companyName":"Công ty Cổ phần Nhựa Thiếu niên Tiền Phong","industryName":"Xây dựng và Vật liệu","exchangeName":"HNX","ticker":"NTP"},{"correlation":0.638,"beta":1.443,"pe":22.908,"price_volatility_1_month_compareWith_VNINDEX":-0.064,"price_volatility_3_month_compareWith_VNINDEX":-0.101,"price_volatility_6_month_compareWith_VNINDEX":-0.016,"companyName":"Công ty Cổ phần Tập đoàn PC1","industryName":"Xây dựng và Vật liệu","exchangeName":"HOSE","ticker":"PC1"},{"correlation":-0.093,"beta":-0.421,"pe":17.784,"price_volatility_1_month_compareWith_VNINDEX":0.06,"price_volatility_3_month_compareWith_VNINDEX":0.181,"price_volatility_6_month_compareWith_VNINDEX":0.253,"companyName":"Tổng Công ty Sông Đà","industryName":"Xây dựng và Vật liệu","exchangeName":"UpCom","ticker":"SJG"}]}