[{"ticker":"CTD","quarter":2,"year":2024,"priceToEarning":20.5,"priceToBook":0.7,"valueBeforeEbitda":32.3,"dividend":null,"roe":0.037,"roa":0.014,"daysReceivable":117,"daysInventory":56,"daysPayable":102,"ebitOnInterest":1.1,"earningPerShare":3097,"bookValuePerShare":85967,"interestMargin":null,"nonInterestOnToi":null,"badDebtPercentage":null,"provisionOnBadDebt":null,"costOfFinancing":null,"equityOnTotalAsset":0.376,"equityOnLoan":null,"costToIncome":null,"equityOnLiability":0.6,"currentPayment":1.4,"quickPayment":1.2,"epsChange":0.143,"ebitdaOnStock":1920,"grossProfitMargin":0.034,"operatingProfitMargin":0.004,"postTaxMargin":0.01,"debtOnEquity":0.2,"debtOnAsset":0.1,"debtOnEbitda":7.8,"shortOnLongDebt":71.9,"assetOnEquity":2.7,"capitalBalance":6233,"cashOnEquity":0.257,"cashOnCapitalize":0.349,"cashCirculation":71,"revenueOnWorkCapital":3.1,"capexOnFixedAsset":-1.125,"revenueOnAsset":1,"postTaxOnPreTax":0.9,"ebitOnRevenue":0.004,"preTaxOnEbit":2.7,"preProvisionOnToi":null,"postTaxOnToi":null,"loanOnEarnAsset":null,"loanOnAsset":null,"loanOnDeposit":null,"depositOnEarnAsset":null,"badDebtOnAsset":null,"liquidityOnLiability":null,"payableOnEquity":1.7,"cancelDebt":null,"ebitdaOnStockChange":0.428,"bookValuePerShareChange":0.008,"creditGrowth":null},{"ticker":"CTD","quarter":1,"year":2024,"priceToEarning":26.9,"priceToBook":0.9,"valueBeforeEbitda":45.6,"dividend":null,"roe":0.032,"roa":0.013,"daysReceivable":136,"daysInventory":57,"daysPayable":92,"ebitOnInterest":2,"earningPerShare":2709,"bookValuePerShare":85251,"interestMargin":null,"nonInterestOnToi":null,"badDebtPercentage":null,"provisionOnBadDebt":null,"costOfFinancing":null,"equityOnTotalAsset":0.407,"equityOnLoan":null,"costToIncome":null,"equityOnLiability":0.7,"currentPayment":1.5,"quickPayment":1.3,"epsChange":0.441,"ebitdaOnStock":1344,"grossProfitMargin":0.047,"operatingProfitMargin":0.009,"postTaxMargin":0.022,"debtOnEquity":0.2,"debtOnAsset":0.1,"debtOnEbitda":10.9,"shortOnLongDebt":65.3,"assetOnEquity":2.5,"capitalBalance":6203,"cashOnEquity":0.28,"cashOnCapitalize":0.324,"cashCirculation":101,"revenueOnWorkCapital":2.7,"capexOnFixedAsset":-0.98,"revenueOnAsset":0.9,"postTaxOnPreTax":0.8,"ebitOnRevenue":0.009,"preTaxOnEbit":3.4,"preProvisionOnToi":null,"postTaxOnToi":null,"loanOnEarnAsset":null,"loanOnAsset":null,"loanOnDeposit":null,"depositOnEarnAsset":null,"badDebtOnAsset":null,"liquidityOnLiability":null,"payableOnEquity":1.5,"cancelDebt":null,"ebitdaOnStockChange":-0.03,"bookValuePerShareChange":0.013,"creditGrowth":null},{"ticker":"CTD","quarter":4,"year":2023,"priceToEarning":36.6,"priceToBook":0.8,"valueBeforeEbitda":43.9,"dividend":null,"roe":0.023,"roa":0.009,"daysReceivable":159,"daysInventory":62,"daysPayable":125,"ebitOnInterest":2.1,"earningPerShare":1880,"bookValuePerShare":84127,"interestMargin":null,"nonInterestOnToi":null,"badDebtPercentage":null,"provisionOnBadDebt":null,"costOfFinancing":null,"equityOnTotalAsset":0.388,"equityOnLoan":null,"costToIncome":null,"equityOnLiability":0.6,"currentPayment":1.6,"quickPayment":1.4,"epsChange":0.364,"ebitdaOnStock":1386,"grossProfitMargin":0.03,"operatingProfitMargin":0.008,"postTaxMargin":0.012,"debtOnEquity":0.1,"debtOnAsset":0,"debtOnEbitda":8.5,"shortOnLongDebt":1.2,"assetOnEquity":2.6,"capitalBalance":7144,"cashOnEquity":0.338,"cashOnCapitalize":0.428,"cashCirculation":96,"revenueOnWorkCapital":2.3,"capexOnFixedAsset":-0.803,"revenueOnAsset":0.8,"postTaxOnPreTax":0.8,"ebitOnRevenue":0.008,"preTaxOnEbit":1.9,"preProvisionOnToi":null,"postTaxOnToi":null,"loanOnEarnAsset":null,"loanOnAsset":null,"loanOnDeposit":null,"depositOnEarnAsset":null,"badDebtOnAsset":null,"liquidityOnLiability":null,"payableOnEquity":1.6,"cancelDebt":null,"ebitdaOnStockChange":0.748,"bookValuePerShareChange":0.008,"creditGrowth":null},{"ticker":"CTD","quarter":3,"year":2023,"priceToEarning":34.7,"priceToBook":0.6,"valueBeforeEbitda":79.5,"dividend":null,"roe":0.017,"roa":0.007,"daysReceivable":158,"daysInventory":67,"daysPayable":83,"ebitOnInterest":0.7,"earningPerShare":1378,"bookValuePerShare":83436,"interestMargin":null,"nonInterestOnToi":null,"badDebtPercentage":null,"provisionOnBadDebt":null,"costOfFinancing":null,"equityOnTotalAsset":0.406,"equityOnLoan":null,"costToIncome":null,"equityOnLiability":0.7,"currentPayment":1.6,"quickPayment":1.4,"epsChange":1.038,"ebitdaOnStock":793,"grossProfitMargin":0.024,"operatingProfitMargin":0.004,"postTaxMargin":0.016,"debtOnEquity":0.1,"debtOnAsset":0.1,"debtOnEbitda":17.9,"shortOnLongDebt":1.3,"assetOnEquity":2.5,"capitalBalance":7204,"cashOnEquity":0.267,"cashOnCapitalize":0.325,"cashCirculation":142,"revenueOnWorkCapital":2.3,"capexOnFixedAsset":-0.483,"revenueOnAsset":0.9,"postTaxOnPreTax":0.8,"ebitOnRevenue":0.004,"preTaxOnEbit":5,"preProvisionOnToi":null,"postTaxOnToi":null,"loanOnEarnAsset":null,"loanOnAsset":null,"loanOnDeposit":null,"depositOnEarnAsset":null,"badDebtOnAsset":null,"liquidityOnLiability":null,"payableOnEquity":1.5,"cancelDebt":null,"ebitdaOnStockChange":-5.82,"bookValuePerShareChange":0.008,"creditGrowth":null},{"ticker":"CTD","quarter":2,"year":2023,"priceToEarning":76.4,"priceToBook":0.6,"valueBeforeEbitda":-344.6,"dividend":null,"roe":0.008,"roa":0.004,"daysReceivable":169,"daysInventory":61,"daysPayable":86,"ebitOnInterest":-0.8,"earningPerShare":676,"bookValuePerShare":82769,"interestMargin":null,"nonInterestOnToi":null,"badDebtPercentage":null,"provisionOnBadDebt":null,"costOfFinancing":null,"equityOnTotalAsset":0.387,"equityOnLoan":null,"costToIncome":null,"equityOnLiability":0.6,"currentPayment":1.6,"quickPayment":1.3,"epsChange":3.978,"ebitdaOnStock":-165,"grossProfitMargin":0.028,"operatingProfitMargin":null,"postTaxMargin":0.008,"debtOnEquity":0.1,"debtOnAsset":0.1,"debtOnEbitda":-96.5,"shortOnLongDebt":1.4,"assetOnEquity":2.6,"capitalBalance":7281,"cashOnEquity":0.228,"cashOnCapitalize":0.364,"cashCirculation":144,"revenueOnWorkCapital":2.2,"capexOnFixedAsset":-0.24,"revenueOnAsset":0.8,"postTaxOnPreTax":0.8,"ebitOnRevenue":null,"preTaxOnEbit":-2,"preProvisionOnToi":null,"postTaxOnToi":null,"loanOnEarnAsset":null,"loanOnAsset":null,"loanOnDeposit":null,"depositOnEarnAsset":null,"badDebtOnAsset":null,"liquidityOnLiability":null,"payableOnEquity":1.6,"cancelDebt":null,"ebitdaOnStockChange":-0.905,"bookValuePerShareChange":0.004,"creditGrowth":null},{"ticker":"CTD","quarter":1,"year":2023,"priceToEarning":241.3,"priceToBook":0.4,"valueBeforeEbitda":-40.1,"dividend":null,"roe":0.002,"roa":0.001,"daysReceivable":172,"daysInventory":50,"daysPayable":72,"ebitOnInterest":-0.7,"earningPerShare":135,"bookValuePerShare":82412,"interestMargin":null,"nonInterestOnToi":null,"badDebtPercentage":null,"provisionOnBadDebt":null,"costOfFinancing":null,"equityOnTotalAsset":0.411,"equityOnLoan":null,"costToIncome":null,"equityOnLiability":0.7,"currentPayment":1.6,"quickPayment":1.4,"epsChange":-0.345,"ebitdaOnStock":-1731,"grossProfitMargin":0.018,"operatingProfitMargin":null,"postTaxMargin":0.007,"debtOnEquity":0.1,"debtOnAsset":0.1,"debtOnEbitda":-6.6,"shortOnLongDebt":1.3,"assetOnEquity":2.4,"capitalBalance":7264,"cashOnEquity":0.241,"cashOnCapitalize":0.362,"cashCirculation":150,"revenueOnWorkCapital":2.1,"capexOnFixedAsset":-0.265,"revenueOnAsset":0.9,"postTaxOnPreTax":0.8,"ebitOnRevenue":null,"preTaxOnEbit":-1.7,"preProvisionOnToi":null,"postTaxOnToi":null,"loanOnEarnAsset":null,"loanOnAsset":null,"loanOnDeposit":null,"depositOnEarnAsset":null,"badDebtOnAsset":null,"liquidityOnLiability":null,"payableOnEquity":1.4,"cancelDebt":null,"ebitdaOnStockChange":-0.035,"bookValuePerShareChange":0.003,"creditGrowth":null}]