[{"ticker":"CTD","quarter":2,"year":2024,"revenue":6595,"yearRevenueGrowth":0.825,"quarterRevenueGrowth":0.414,"costOfGoodSold":-6373,"grossProfit":222,"operationExpense":-195,"operationProfit":28,"yearOperationProfitGrowth":null,"quarterOperationProfitGrowth":-0.314,"interestExpense":-25,"preTaxProfit":75,"postTaxProfit":69,"shareHolderIncome":69,"yearShareHolderIncomeGrowth":1.288,"quarterShareHolderIncomeGrowth":-0.343,"investProfit":null,"serviceProfit":null,"otherProfit":null,"provisionExpense":null,"operationIncome":null,"ebitda":58},{"ticker":"CTD","quarter":1,"year":2024,"revenue":4666,"yearRevenueGrowth":0.491,"quarterRevenueGrowth":-0.176,"costOfGoodSold":-4445,"grossProfit":221,"operationExpense":-181,"operationProfit":40,"yearOperationProfitGrowth":null,"quarterOperationProfitGrowth":-0.144,"interestExpense":-21,"preTaxProfit":136,"postTaxProfit":105,"shareHolderIncome":105,"yearShareHolderIncomeGrowth":3.748,"quarterShareHolderIncomeGrowth":0.518,"investProfit":null,"serviceProfit":null,"otherProfit":null,"provisionExpense":null,"operationIncome":null,"ebitda":5},{"ticker":"CTD","quarter":4,"year":2023,"revenue":5660,"yearRevenueGrowth":-0.092,"quarterRevenueGrowth":0.372,"costOfGoodSold":-5491,"grossProfit":169,"operationExpense":-122,"operationProfit":47,"yearOperationProfitGrowth":null,"quarterOperationProfitGrowth":1.723,"interestExpense":-22,"preTaxProfit":89,"postTaxProfit":69,"shareHolderIncome":69,"yearShareHolderIncomeGrowth":2.659,"quarterShareHolderIncomeGrowth":0.037,"investProfit":null,"serviceProfit":null,"otherProfit":null,"provisionExpense":null,"operationIncome":null,"ebitda":71},{"ticker":"CTD","quarter":3,"year":2023,"revenue":4124,"yearRevenueGrowth":0.325,"quarterRevenueGrowth":0.141,"costOfGoodSold":-4024,"grossProfit":100,"operationExpense":-83,"operationProfit":17,"yearOperationProfitGrowth":null,"quarterOperationProfitGrowth":null,"interestExpense":-24,"preTaxProfit":86,"postTaxProfit":67,"shareHolderIncome":67,"yearShareHolderIncomeGrowth":null,"quarterShareHolderIncomeGrowth":1.211,"investProfit":null,"serviceProfit":null,"otherProfit":null,"provisionExpense":null,"operationIncome":null,"ebitda":42},{"ticker":"CTD","quarter":2,"year":2023,"revenue":3615,"yearRevenueGrowth":0.102,"quarterRevenueGrowth":0.155,"costOfGoodSold":-3514,"grossProfit":101,"operationExpense":-120,"operationProfit":-19,"yearOperationProfitGrowth":null,"quarterOperationProfitGrowth":null,"interestExpense":-25,"preTaxProfit":39,"postTaxProfit":30,"shareHolderIncome":30,"yearShareHolderIncomeGrowth":null,"quarterShareHolderIncomeGrowth":0.364,"investProfit":null,"serviceProfit":null,"otherProfit":null,"provisionExpense":null,"operationIncome":null,"ebitda":5},{"ticker":"CTD","quarter":1,"year":2023,"revenue":3130,"yearRevenueGrowth":0.636,"quarterRevenueGrowth":-0.498,"costOfGoodSold":-3074,"grossProfit":56,"operationExpense":-72,"operationProfit":-17,"yearOperationProfitGrowth":null,"quarterOperationProfitGrowth":null,"interestExpense":-25,"preTaxProfit":29,"postTaxProfit":22,"shareHolderIncome":22,"yearShareHolderIncomeGrowth":-0.244,"quarterShareHolderIncomeGrowth":0.17,"investProfit":null,"serviceProfit":null,"otherProfit":null,"provisionExpense":null,"operationIncome":null,"ebitda":9}]