{"exchange":"HOSE","shortName":"Xây dựng Coteccons","industryID":181,"industryIDv2":"2357","industryIdLevel2":"2300","industryIdLevel4":"2357","industry":"Xây dựng và Vật liệu","industryEn":"Construction & Materials","establishedYear":"2004","noEmployees":2182,"noShareholders":7450,"foreignPercent":0.465,"website":"http://www.coteccons.vn","stockRating":2.4,"deltaInWeek":0.005,"deltaInMonth":0.03,"deltaInYear":0.092,"outstandingShare":99.9,"issueShare":103.6,"companyType":"CT","ticker":"CTD"}