{"capitalize":6336,"tradeVolume":392946,"priceToEarning":20.5,"priceToBook":0.7,"valueBeforeEbitda":32.3,"dividend":0,"roe":0.037,"profitGrowthAvarage":-0.341,"ageOfReceivable":117.2,"ageOfInventory":56.3,"payableOnEquity":1.7,"payableOnEbitda":7.8,"ebitOnInterest":1.1,"shortOnLongTermPayable":71.9,"revenue":21045,"operationProfit":132,"netProfit":310,"earningPerShare":3098,"asset":22869,"liability":14278,"equity":8591,"bookValuePerShare":85968,"profitMargin":null,"nonInterestOnToi":null,"loanOnDeposit":null,"creditGrowth":null,"badDebtPercentage":null,"provisionOnBadDebt":null,"customerCredit":null,"betaIndex":null,"ticker":"CTD"}