[{"ticker":"DCM","quarter":2,"year":2024,"shortAsset":14531,"cash":3975,"shortInvest":6652,"shortReceivable":722,"inventory":2793,"longAsset":2305,"fixedAsset":1862,"asset":16836,"debt":7040,"shortDebt":1342,"longDebt":144,"equity":9795,"capital":5294,"centralBankDeposit":null,"otherBankDeposit":null,"otherBankLoan":null,"stockInvest":null,"customerLoan":null,"badLoan":null,"provision":null,"netCustomerLoan":null,"otherAsset":null,"otherBankCredit":null,"oweOtherBank":null,"oweCentralBank":null,"valuablePaper":null,"payableInterest":null,"receivableInterest":null,"deposit":null,"otherDebt":1092,"fund":null,"unDistributedIncome":0,"minorShareHolderProfit":31,"payable":7040},{"ticker":"DCM","quarter":1,"year":2024,"shortAsset":14010,"cash":3117,"shortInvest":7812,"shortReceivable":316,"inventory":2279,"longAsset":1733,"fixedAsset":1544,"asset":15744,"debt":5453,"shortDebt":1407,"longDebt":3,"equity":10291,"capital":5294,"centralBankDeposit":null,"otherBankDeposit":null,"otherBankLoan":null,"stockInvest":null,"customerLoan":null,"badLoan":null,"provision":null,"netCustomerLoan":null,"otherAsset":null,"otherBankCredit":null,"oweOtherBank":null,"oweCentralBank":null,"valuablePaper":null,"payableInterest":null,"receivableInterest":null,"deposit":null,"otherDebt":40,"fund":null,"unDistributedIncome":0,"minorShareHolderProfit":31,"payable":5453},{"ticker":"DCM","quarter":4,"year":2023,"shortAsset":13244,"cash":2284,"shortInvest":8242,"shortReceivable":389,"inventory":2137,"longAsset":2034,"fixedAsset":1600,"asset":15278,"debt":5285,"shortDebt":846,"longDebt":3,"equity":9993,"capital":5294,"centralBankDeposit":null,"otherBankDeposit":null,"otherBankLoan":null,"stockInvest":null,"customerLoan":null,"badLoan":null,"provision":null,"netCustomerLoan":null,"otherAsset":null,"otherBankCredit":null,"oweOtherBank":null,"oweCentralBank":null,"valuablePaper":null,"payableInterest":null,"receivableInterest":null,"deposit":null,"otherDebt":63,"fund":null,"unDistributedIncome":0,"minorShareHolderProfit":28,"payable":5285},{"ticker":"DCM","quarter":3,"year":2023,"shortAsset":12739,"cash":2305,"shortInvest":7512,"shortReceivable":380,"inventory":2419,"longAsset":1976,"fixedAsset":1605,"asset":14715,"debt":5147,"shortDebt":292,"longDebt":1,"equity":9568,"capital":5294,"centralBankDeposit":null,"otherBankDeposit":null,"otherBankLoan":null,"stockInvest":null,"customerLoan":null,"badLoan":null,"provision":null,"netCustomerLoan":null,"otherAsset":null,"otherBankCredit":null,"oweOtherBank":null,"oweCentralBank":null,"valuablePaper":null,"payableInterest":null,"receivableInterest":null,"deposit":null,"otherDebt":298,"fund":null,"unDistributedIncome":0,"minorShareHolderProfit":31,"payable":5147},{"ticker":"DCM","quarter":2,"year":2023,"shortAsset":13331,"cash":2141,"shortInvest":8372,"shortReceivable":399,"inventory":2301,"longAsset":2268,"fixedAsset":1917,"asset":15599,"debt":4497,"shortDebt":304,"longDebt":2,"equity":11102,"capital":5294,"centralBankDeposit":null,"otherBankDeposit":null,"otherBankLoan":null,"stockInvest":null,"customerLoan":null,"badLoan":null,"provision":null,"netCustomerLoan":null,"otherAsset":null,"otherBankCredit":null,"oweOtherBank":null,"oweCentralBank":null,"valuablePaper":null,"payableInterest":null,"receivableInterest":null,"deposit":null,"otherDebt":295,"fund":null,"unDistributedIncome":0,"minorShareHolderProfit":31,"payable":4497},{"ticker":"DCM","quarter":1,"year":2023,"shortAsset":12382,"cash":2387,"shortInvest":6842,"shortReceivable":815,"inventory":2244,"longAsset":2189,"fixedAsset":1878,"asset":14571,"debt":3760,"shortDebt":2,"longDebt":1,"equity":10811,"capital":5294,"centralBankDeposit":null,"otherBankDeposit":null,"otherBankLoan":null,"stockInvest":null,"customerLoan":null,"badLoan":null,"provision":null,"netCustomerLoan":null,"otherAsset":null,"otherBankCredit":null,"oweOtherBank":null,"oweCentralBank":null,"valuablePaper":null,"payableInterest":null,"receivableInterest":null,"deposit":null,"otherDebt":295,"fund":null,"unDistributedIncome":0,"minorShareHolderProfit":30,"payable":3760}]