[{"ticker":"DCM","quarter":2,"year":2024,"investCost":-82,"fromInvest":606,"fromFinancial":8,"fromSale":191,"freeCashFlow":1737},{"ticker":"DCM","quarter":1,"year":2024,"investCost":-64,"fromInvest":465,"fromFinancial":561,"fromSale":-234,"freeCashFlow":1765},{"ticker":"DCM","quarter":4,"year":2023,"investCost":-95,"fromInvest":-617,"fromFinancial":544,"fromSale":50,"freeCashFlow":854},{"ticker":"DCM","quarter":3,"year":2023,"investCost":-12,"fromInvest":997,"fromFinancial":-1589,"fromSale":699,"freeCashFlow":1509},{"ticker":"DCM","quarter":2,"year":2023,"investCost":-390,"fromInvest":-1860,"fromFinancial":302,"fromSale":1303,"freeCashFlow":1767},{"ticker":"DCM","quarter":1,"year":2023,"investCost":-47,"fromInvest":10,"fromFinancial":-1,"fromSale":252,"freeCashFlow":3739}]