[{"ticker":"DCM","quarter":2,"year":2024,"priceToEarning":13.1,"priceToBook":2,"valueBeforeEbitda":11.6,"dividend":null,"roe":0.144,"roa":0.092,"daysReceivable":249,"daysInventory":86,"daysPayable":41,"ebitOnInterest":41.4,"earningPerShare":2828,"bookValuePerShare":18443,"interestMargin":null,"nonInterestOnToi":null,"badDebtPercentage":null,"provisionOnBadDebt":null,"costOfFinancing":null,"equityOnTotalAsset":0.58,"equityOnLoan":null,"costToIncome":null,"equityOnLiability":1.4,"currentPayment":2.4,"quickPayment":1.9,"epsChange":0.223,"ebitdaOnStock":2776,"grossProfitMargin":0.161,"operatingProfitMargin":0.095,"postTaxMargin":0.151,"debtOnEquity":0.2,"debtOnAsset":0.1,"debtOnEbitda":0.6,"shortOnLongDebt":9.3,"assetOnEquity":1.7,"capitalBalance":8457,"cashOnEquity":0.406,"cashOnCapitalize":0.203,"cashCirculation":294,"revenueOnWorkCapital":1.5,"capexOnFixedAsset":-0.134,"revenueOnAsset":0.8,"postTaxOnPreTax":1,"ebitOnRevenue":0.095,"preTaxOnEbit":1.7,"preProvisionOnToi":null,"postTaxOnToi":null,"loanOnEarnAsset":null,"loanOnAsset":null,"loanOnDeposit":null,"depositOnEarnAsset":null,"badDebtOnAsset":null,"liquidityOnLiability":null,"payableOnEquity":0.7,"cancelDebt":null,"ebitdaOnStockChange":-0.075,"bookValuePerShareChange":-0.048,"creditGrowth":null},{"ticker":"DCM","quarter":1,"year":2024,"priceToEarning":14.4,"priceToBook":1.7,"valueBeforeEbitda":11,"dividend":null,"roe":0.116,"roa":0.081,"daysReceivable":270,"daysInventory":79,"daysPayable":38,"ebitOnInterest":35.6,"earningPerShare":2312,"bookValuePerShare":19380,"interestMargin":null,"nonInterestOnToi":null,"badDebtPercentage":null,"provisionOnBadDebt":null,"costOfFinancing":null,"equityOnTotalAsset":0.652,"equityOnLoan":null,"costToIncome":null,"equityOnLiability":1.9,"currentPayment":3,"quickPayment":2.5,"epsChange":0.106,"ebitdaOnStock":3002,"grossProfitMargin":0.259,"operatingProfitMargin":0.094,"postTaxMargin":0.126,"debtOnEquity":0.1,"debtOnAsset":0.1,"debtOnEbitda":0.4,"shortOnLongDebt":530.1,"assetOnEquity":1.5,"capitalBalance":9351,"cashOnEquity":0.303,"cashOnCapitalize":0.162,"cashCirculation":312,"revenueOnWorkCapital":1.3,"capexOnFixedAsset":-0.327,"revenueOnAsset":0.8,"postTaxOnPreTax":0.9,"ebitOnRevenue":0.094,"preTaxOnEbit":1.5,"preProvisionOnToi":null,"postTaxOnToi":null,"loanOnEarnAsset":null,"loanOnAsset":null,"loanOnDeposit":null,"depositOnEarnAsset":null,"badDebtOnAsset":null,"liquidityOnLiability":null,"payableOnEquity":0.5,"cancelDebt":null,"ebitdaOnStockChange":-0.102,"bookValuePerShareChange":0.03,"creditGrowth":null},{"ticker":"DCM","quarter":4,"year":2023,"priceToEarning":14.7,"priceToBook":1.6,"valueBeforeEbitda":8,"dividend":null,"roe":0.108,"roa":0.075,"daysReceivable":252,"daysInventory":76,"daysPayable":42,"ebitOnInterest":111.6,"earningPerShare":2091,"bookValuePerShare":18824,"interestMargin":null,"nonInterestOnToi":null,"badDebtPercentage":null,"provisionOnBadDebt":null,"costOfFinancing":null,"equityOnTotalAsset":0.652,"equityOnLoan":null,"costToIncome":null,"equityOnLiability":1.9,"currentPayment":2.9,"quickPayment":2.5,"epsChange":-0.314,"ebitdaOnStock":3344,"grossProfitMargin":0.243,"operatingProfitMargin":0.123,"postTaxMargin":0.138,"debtOnEquity":0.1,"debtOnAsset":0.1,"debtOnEbitda":0.2,"shortOnLongDebt":285.3,"assetOnEquity":1.5,"capitalBalance":8718,"cashOnEquity":0.229,"cashOnCapitalize":0.141,"cashCirculation":286,"revenueOnWorkCapital":1.4,"capexOnFixedAsset":-0.285,"revenueOnAsset":0.9,"postTaxOnPreTax":0.9,"ebitOnRevenue":0.123,"preTaxOnEbit":1.2,"preProvisionOnToi":null,"postTaxOnToi":null,"loanOnEarnAsset":null,"loanOnAsset":null,"loanOnDeposit":null,"depositOnEarnAsset":null,"badDebtOnAsset":null,"liquidityOnLiability":null,"payableOnEquity":0.5,"cancelDebt":null,"ebitdaOnStockChange":-0.326,"bookValuePerShareChange":0.045,"creditGrowth":null},{"ticker":"DCM","quarter":3,"year":2023,"priceToEarning":10.2,"priceToBook":1.7,"valueBeforeEbitda":5.5,"dividend":null,"roe":0.168,"roa":0.115,"daysReceivable":216,"daysInventory":74,"daysPayable":26,"ebitOnInterest":-39.3,"earningPerShare":3050,"bookValuePerShare":18014,"interestMargin":null,"nonInterestOnToi":null,"badDebtPercentage":null,"provisionOnBadDebt":null,"costOfFinancing":null,"equityOnTotalAsset":0.648,"equityOnLoan":null,"costToIncome":null,"equityOnLiability":1.9,"currentPayment":2.9,"quickPayment":2.3,"epsChange":-0.288,"ebitdaOnStock":4960,"grossProfitMargin":0.059,"operatingProfitMargin":null,"postTaxMargin":0.024,"debtOnEquity":0,"debtOnAsset":0,"debtOnEbitda":0.1,"shortOnLongDebt":210.7,"assetOnEquity":1.5,"capitalBalance":8313,"cashOnEquity":0.241,"cashOnCapitalize":0.141,"cashCirculation":265,"revenueOnWorkCapital":1.7,"capexOnFixedAsset":-0.245,"revenueOnAsset":1,"postTaxOnPreTax":0.7,"ebitOnRevenue":null,"preTaxOnEbit":-1,"preProvisionOnToi":null,"postTaxOnToi":null,"loanOnEarnAsset":null,"loanOnAsset":null,"loanOnDeposit":null,"depositOnEarnAsset":null,"badDebtOnAsset":null,"liquidityOnLiability":null,"payableOnEquity":0.5,"cancelDebt":null,"ebitdaOnStockChange":-0.242,"bookValuePerShareChange":-0.139,"creditGrowth":null},{"ticker":"DCM","quarter":2,"year":2023,"priceToEarning":5.3,"priceToBook":1.1,"valueBeforeEbitda":4.5,"dividend":null,"roe":0.216,"roa":0.154,"daysReceivable":226,"daysInventory":84,"daysPayable":34,"ebitOnInterest":55.5,"earningPerShare":4285,"bookValuePerShare":20913,"interestMargin":null,"nonInterestOnToi":null,"badDebtPercentage":null,"provisionOnBadDebt":null,"costOfFinancing":null,"equityOnTotalAsset":0.71,"equityOnLoan":null,"costToIncome":null,"equityOnLiability":2.5,"currentPayment":3.5,"quickPayment":2.9,"epsChange":-0.238,"ebitdaOnStock":6546,"grossProfitMargin":0.113,"operatingProfitMargin":0.061,"postTaxMargin":0.095,"debtOnEquity":0,"debtOnAsset":0,"debtOnEbitda":0.1,"shortOnLongDebt":201.8,"assetOnEquity":1.4,"capitalBalance":9555,"cashOnEquity":0.193,"cashOnCapitalize":0.123,"cashCirculation":276,"revenueOnWorkCapital":1.6,"capexOnFixedAsset":-0.22,"revenueOnAsset":0.9,"postTaxOnPreTax":0.9,"ebitOnRevenue":0.061,"preTaxOnEbit":1.7,"preProvisionOnToi":null,"postTaxOnToi":null,"loanOnEarnAsset":null,"loanOnAsset":null,"loanOnDeposit":null,"depositOnEarnAsset":null,"badDebtOnAsset":null,"liquidityOnLiability":null,"payableOnEquity":0.4,"cancelDebt":null,"ebitdaOnStockChange":-0.193,"bookValuePerShareChange":0.027,"creditGrowth":null},{"ticker":"DCM","quarter":1,"year":2023,"priceToEarning":3.7,"priceToBook":1,"valueBeforeEbitda":3.1,"dividend":null,"roe":0.302,"roa":0.216,"daysReceivable":193,"daysInventory":76,"daysPayable":30,"ebitOnInterest":2145.7,"earningPerShare":5622,"bookValuePerShare":20364,"interestMargin":null,"nonInterestOnToi":null,"badDebtPercentage":null,"provisionOnBadDebt":null,"costOfFinancing":null,"equityOnTotalAsset":0.74,"equityOnLoan":null,"costToIncome":null,"equityOnLiability":2.9,"currentPayment":4.1,"quickPayment":3.3,"epsChange":-0.302,"ebitdaOnStock":8116,"grossProfitMargin":0.208,"operatingProfitMargin":0.054,"postTaxMargin":0.084,"debtOnEquity":0,"debtOnAsset":0,"debtOnEbitda":0.1,"shortOnLongDebt":1.8,"assetOnEquity":1.4,"capitalBalance":9337,"cashOnEquity":0.221,"cashOnCapitalize":0.154,"cashCirculation":239,"revenueOnWorkCapital":1.9,"capexOnFixedAsset":-0.068,"revenueOnAsset":1.1,"postTaxOnPreTax":0.9,"ebitOnRevenue":0.054,"preTaxOnEbit":1.8,"preProvisionOnToi":null,"postTaxOnToi":null,"loanOnEarnAsset":null,"loanOnAsset":null,"loanOnDeposit":null,"depositOnEarnAsset":null,"badDebtOnAsset":null,"liquidityOnLiability":null,"payableOnEquity":0.3,"cancelDebt":null,"ebitdaOnStockChange":-0.246,"bookValuePerShareChange":0.018,"creditGrowth":null}]