[{"ticker":"DCM","quarter":2,"year":2024,"revenue":3863,"yearRevenueGrowth":0.174,"quarterRevenueGrowth":0.408,"costOfGoodSold":-3243,"grossProfit":621,"operationExpense":-253,"operationProfit":368,"yearOperationProfitGrowth":0.848,"quarterOperationProfitGrowth":0.429,"interestExpense":-9,"preTaxProfit":615,"postTaxProfit":586,"shareHolderIncome":584,"yearShareHolderIncomeGrowth":0.877,"quarterShareHolderIncomeGrowth":0.689,"investProfit":null,"serviceProfit":null,"otherProfit":null,"provisionExpense":null,"operationIncome":null,"ebitda":433},{"ticker":"DCM","quarter":1,"year":2024,"revenue":2744,"yearRevenueGrowth":0.003,"quarterRevenueGrowth":-0.23,"costOfGoodSold":-2034,"grossProfit":710,"operationExpense":-452,"operationProfit":258,"yearOperationProfitGrowth":0.745,"quarterOperationProfitGrowth":-0.415,"interestExpense":-7,"preTaxProfit":383,"postTaxProfit":350,"shareHolderIncome":346,"yearShareHolderIncomeGrowth":0.513,"quarterShareHolderIncomeGrowth":-0.298,"investProfit":null,"serviceProfit":null,"otherProfit":null,"provisionExpense":null,"operationIncome":null,"ebitda":315},{"ticker":"DCM","quarter":4,"year":2023,"revenue":3566,"yearRevenueGrowth":-0.2,"quarterRevenueGrowth":0.184,"costOfGoodSold":-2700,"grossProfit":866,"operationExpense":-426,"operationProfit":440,"yearOperationProfitGrowth":-0.56,"quarterOperationProfitGrowth":null,"interestExpense":-4,"preTaxProfit":537,"postTaxProfit":492,"shareHolderIncome":493,"yearShareHolderIncomeGrowth":-0.507,"quarterShareHolderIncomeGrowth":5.691,"investProfit":null,"serviceProfit":null,"otherProfit":null,"provisionExpense":null,"operationIncome":null,"ebitda":499},{"ticker":"DCM","quarter":3,"year":2023,"revenue":3011,"yearRevenueGrowth":-0.09,"quarterRevenueGrowth":-0.085,"costOfGoodSold":-2833,"grossProfit":177,"operationExpense":-277,"operationProfit":-100,"yearOperationProfitGrowth":null,"quarterOperationProfitGrowth":null,"interestExpense":-3,"preTaxProfit":105,"postTaxProfit":74,"shareHolderIncome":74,"yearShareHolderIncomeGrowth":-0.899,"quarterShareHolderIncomeGrowth":-0.763,"investProfit":null,"serviceProfit":null,"otherProfit":null,"provisionExpense":null,"operationIncome":null,"ebitda":223},{"ticker":"DCM","quarter":2,"year":2023,"revenue":3291,"yearRevenueGrowth":-0.194,"quarterRevenueGrowth":0.203,"costOfGoodSold":-2921,"grossProfit":370,"operationExpense":-171,"operationProfit":199,"yearOperationProfitGrowth":-0.808,"quarterOperationProfitGrowth":0.349,"interestExpense":-4,"preTaxProfit":348,"postTaxProfit":313,"shareHolderIncome":311,"yearShareHolderIncomeGrowth":-0.694,"quarterShareHolderIncomeGrowth":0.362,"investProfit":null,"serviceProfit":null,"otherProfit":null,"provisionExpense":null,"operationIncome":null,"ebitda":552},{"ticker":"DCM","quarter":1,"year":2023,"revenue":2735,"yearRevenueGrowth":-0.329,"quarterRevenueGrowth":-0.387,"costOfGoodSold":-2166,"grossProfit":569,"operationExpense":-421,"operationProfit":148,"yearOperationProfitGrowth":-0.905,"quarterOperationProfitGrowth":-0.852,"interestExpense":0,"preTaxProfit":261,"postTaxProfit":230,"shareHolderIncome":229,"yearShareHolderIncomeGrowth":-0.849,"quarterShareHolderIncomeGrowth":-0.771,"investProfit":null,"serviceProfit":null,"otherProfit":null,"provisionExpense":null,"operationIncome":null,"ebitda":496}]