{"capitalize":19561,"tradeVolume":1713689,"priceToEarning":13.1,"priceToBook":2,"valueBeforeEbitda":11.6,"dividend":0.065,"roe":0.144,"profitGrowthAvarage":0.111,"ageOfReceivable":249.4,"ageOfInventory":86,"payableOnEquity":0.7,"payableOnEbitda":0.6,"ebitOnInterest":41.4,"shortOnLongTermPayable":9.3,"revenue":13184,"operationProfit":966,"netProfit":1497,"earningPerShare":2828,"asset":16836,"liability":7040,"equity":9795,"bookValuePerShare":18443,"profitMargin":null,"nonInterestOnToi":null,"loanOnDeposit":null,"creditGrowth":null,"badDebtPercentage":null,"provisionOnBadDebt":null,"customerCredit":null,"betaIndex":null,"ticker":"DCM"}