[{"ticker":"KDH","quarter":2,"year":2024,"shortAsset":26762,"cash":2562,"shortInvest":19,"shortReceivable":2048,"inventory":21554,"longAsset":1738,"fixedAsset":77,"asset":28499,"debt":12684,"shortDebt":1670,"longDebt":6071,"equity":15815,"capital":7993,"centralBankDeposit":null,"otherBankDeposit":null,"otherBankLoan":null,"stockInvest":null,"customerLoan":null,"badLoan":null,"provision":null,"netCustomerLoan":null,"otherAsset":null,"otherBankCredit":null,"oweOtherBank":null,"oweCentralBank":null,"valuablePaper":null,"payableInterest":null,"receivableInterest":null,"deposit":null,"otherDebt":314,"fund":null,"unDistributedIncome":0,"minorShareHolderProfit":2073,"payable":12684},{"ticker":"KDH","quarter":1,"year":2024,"shortAsset":25487,"cash":2535,"shortInvest":9,"shortReceivable":1918,"inventory":20491,"longAsset":1751,"fixedAsset":80,"asset":27238,"debt":11652,"shortDebt":1401,"longDebt":6274,"equity":15586,"capital":7993,"centralBankDeposit":null,"otherBankDeposit":null,"otherBankLoan":null,"stockInvest":null,"customerLoan":null,"badLoan":null,"provision":null,"netCustomerLoan":null,"otherAsset":null,"otherBankCredit":null,"oweOtherBank":null,"oweCentralBank":null,"valuablePaper":null,"payableInterest":null,"receivableInterest":null,"deposit":null,"otherDebt":314,"fund":null,"unDistributedIncome":0,"minorShareHolderProfit":2072,"payable":11652},{"ticker":"KDH","quarter":4,"year":2023,"shortAsset":24720,"cash":3730,"shortInvest":9,"shortReceivable":1811,"inventory":18788,"longAsset":1698,"fixedAsset":81,"asset":26418,"debt":10890,"shortDebt":1444,"longDebt":4901,"equity":15528,"capital":7993,"centralBankDeposit":null,"otherBankDeposit":null,"otherBankLoan":null,"stockInvest":null,"customerLoan":null,"badLoan":null,"provision":null,"netCustomerLoan":null,"otherAsset":null,"otherBankCredit":null,"oweOtherBank":null,"oweCentralBank":null,"valuablePaper":null,"payableInterest":null,"receivableInterest":null,"deposit":null,"otherDebt":736,"fund":null,"unDistributedIncome":0,"minorShareHolderProfit":2076,"payable":10890},{"ticker":"KDH","quarter":3,"year":2023,"shortAsset":21802,"cash":2334,"shortInvest":4,"shortReceivable":2131,"inventory":17153,"longAsset":1615,"fixedAsset":84,"asset":23417,"debt":8089,"shortDebt":421,"longDebt":4563,"equity":15329,"capital":7168,"centralBankDeposit":null,"otherBankDeposit":null,"otherBankLoan":null,"stockInvest":null,"customerLoan":null,"badLoan":null,"provision":null,"netCustomerLoan":null,"otherAsset":null,"otherBankCredit":null,"oweOtherBank":null,"oweCentralBank":null,"valuablePaper":null,"payableInterest":null,"receivableInterest":null,"deposit":null,"otherDebt":684,"fund":null,"unDistributedIncome":0,"minorShareHolderProfit":2074,"payable":8089},{"ticker":"KDH","quarter":2,"year":2023,"shortAsset":20696,"cash":2022,"shortInvest":4,"shortReceivable":5394,"inventory":12953,"longAsset":2274,"fixedAsset":86,"asset":22970,"debt":9504,"shortDebt":461,"longDebt":5343,"equity":13466,"capital":7168,"centralBankDeposit":null,"otherBankDeposit":null,"otherBankLoan":null,"stockInvest":null,"customerLoan":null,"badLoan":null,"provision":null,"netCustomerLoan":null,"otherAsset":null,"otherBankCredit":null,"oweOtherBank":null,"oweCentralBank":null,"valuablePaper":null,"payableInterest":null,"receivableInterest":null,"deposit":null,"otherDebt":695,"fund":null,"unDistributedIncome":0,"minorShareHolderProfit":1288,"payable":9504},{"ticker":"KDH","quarter":1,"year":2023,"shortAsset":19721,"cash":1476,"shortInvest":3,"shortReceivable":5536,"inventory":12656,"longAsset":1027,"fixedAsset":79,"asset":20747,"debt":8983,"shortDebt":852,"longDebt":5616,"equity":11764,"capital":7168,"centralBankDeposit":null,"otherBankDeposit":null,"otherBankLoan":null,"stockInvest":null,"customerLoan":null,"badLoan":null,"provision":null,"netCustomerLoan":null,"otherAsset":null,"otherBankCredit":null,"oweOtherBank":null,"oweCentralBank":null,"valuablePaper":null,"payableInterest":null,"receivableInterest":null,"deposit":null,"otherDebt":737,"fund":null,"unDistributedIncome":0,"minorShareHolderProfit":17,"payable":8983}]