[{"ticker":"KDH","quarter":2,"year":2024,"investCost":-24,"fromInvest":-13,"fromFinancial":66,"fromSale":-26,"freeCashFlow":817},{"ticker":"KDH","quarter":1,"year":2024,"investCost":-5,"fromInvest":7,"fromFinancial":1328,"fromSale":-2531,"freeCashFlow":2626},{"ticker":"KDH","quarter":4,"year":2023,"investCost":-53,"fromInvest":-84,"fromFinancial":1490,"fromSale":-11,"freeCashFlow":1531},{"ticker":"KDH","quarter":3,"year":2023,"investCost":-13,"fromInvest":1828,"fromFinancial":-819,"fromSale":-696,"freeCashFlow":1500},{"ticker":"KDH","quarter":2,"year":2023,"investCost":-109,"fromInvest":1038,"fromFinancial":-662,"fromSale":169,"freeCashFlow":825},{"ticker":"KDH","quarter":1,"year":2023,"investCost":-9,"fromInvest":44,"fromFinancial":-303,"fromSale":-1017,"freeCashFlow":1737}]