[{"ticker":"KDH","quarter":2,"year":2024,"priceToEarning":53.6,"priceToBook":2.4,"valueBeforeEbitda":38.3,"dividend":null,"roe":0.047,"roa":0.024,"daysReceivable":3404,"daysInventory":9456,"daysPayable":5,"ebitOnInterest":null,"earningPerShare":611,"bookValuePerShare":13737,"interestMargin":null,"nonInterestOnToi":null,"badDebtPercentage":null,"provisionOnBadDebt":null,"costOfFinancing":null,"equityOnTotalAsset":0.482,"equityOnLoan":null,"costToIncome":null,"equityOnLiability":1.2,"currentPayment":4.9,"quickPayment":0.9,"epsChange":0.054,"ebitdaOnStock":1379,"grossProfitMargin":0.776,"operatingProfitMargin":0.656,"postTaxMargin":0.432,"debtOnEquity":0.5,"debtOnAsset":0.3,"debtOnEbitda":6.5,"shortOnLongDebt":0.3,"assetOnEquity":2.1,"capitalBalance":21279,"cashOnEquity":0.162,"cashOnCapitalize":0.078,"cashCirculation":12855,"revenueOnWorkCapital":0.1,"capexOnFixedAsset":-1.167,"revenueOnAsset":0.1,"postTaxOnPreTax":0.8,"ebitOnRevenue":0.656,"preTaxOnEbit":0.9,"preProvisionOnToi":null,"postTaxOnToi":null,"loanOnEarnAsset":null,"loanOnAsset":null,"loanOnDeposit":null,"depositOnEarnAsset":null,"badDebtOnAsset":null,"liquidityOnLiability":null,"payableOnEquity":0.8,"cancelDebt":null,"ebitdaOnStockChange":-0.025,"bookValuePerShareChange":0.017,"creditGrowth":null},{"ticker":"KDH","quarter":1,"year":2024,"priceToEarning":59.3,"priceToBook":2.5,"valueBeforeEbitda":33.7,"dividend":null,"roe":0.046,"roa":0.024,"daysReceivable":3450,"daysInventory":10301,"daysPayable":4,"ebitOnInterest":null,"earningPerShare":579,"bookValuePerShare":13509,"interestMargin":null,"nonInterestOnToi":null,"badDebtPercentage":null,"provisionOnBadDebt":null,"costOfFinancing":null,"equityOnTotalAsset":0.496,"equityOnLoan":null,"costToIncome":null,"equityOnLiability":1.3,"currentPayment":5.5,"quickPayment":1.1,"epsChange":-0.191,"ebitdaOnStock":1414,"grossProfitMargin":0.522,"operatingProfitMargin":0.352,"postTaxMargin":0.19,"debtOnEquity":0.5,"debtOnAsset":0.3,"debtOnEbitda":6.6,"shortOnLongDebt":0.2,"assetOnEquity":2,"capitalBalance":20823,"cashOnEquity":0.163,"cashOnCapitalize":0.088,"cashCirculation":13747,"revenueOnWorkCapital":0.1,"capexOnFixedAsset":-2.269,"revenueOnAsset":0.1,"postTaxOnPreTax":0.6,"ebitOnRevenue":0.352,"preTaxOnEbit":0.9,"preProvisionOnToi":null,"postTaxOnToi":null,"loanOnEarnAsset":null,"loanOnAsset":null,"loanOnDeposit":null,"depositOnEarnAsset":null,"badDebtOnAsset":null,"liquidityOnLiability":null,"payableOnEquity":0.7,"cancelDebt":null,"ebitdaOnStockChange":-0.12,"bookValuePerShareChange":0.005,"creditGrowth":null},{"ticker":"KDH","quarter":4,"year":2023,"priceToEarning":39.8,"priceToBook":2.1,"valueBeforeEbitda":26.6,"dividend":null,"roe":0.057,"roa":0.03,"daysReceivable":3188,"daysInventory":10941,"daysPayable":5,"ebitOnInterest":null,"earningPerShare":716,"bookValuePerShare":13447,"interestMargin":null,"nonInterestOnToi":null,"badDebtPercentage":null,"provisionOnBadDebt":null,"costOfFinancing":null,"equityOnTotalAsset":0.509,"equityOnLoan":null,"costToIncome":null,"equityOnLiability":1.4,"currentPayment":4.6,"quickPayment":1.1,"epsChange":-0.073,"ebitdaOnStock":1607,"grossProfitMargin":0.621,"operatingProfitMargin":0.383,"postTaxMargin":0.132,"debtOnEquity":0.4,"debtOnAsset":0.2,"debtOnEbitda":5.4,"shortOnLongDebt":0.3,"assetOnEquity":2,"capitalBalance":19391,"cashOnEquity":0.24,"cashOnCapitalize":0.135,"cashCirculation":14123,"revenueOnWorkCapital":0.1,"capexOnFixedAsset":-2.265,"revenueOnAsset":0.1,"postTaxOnPreTax":0.5,"ebitOnRevenue":0.383,"preTaxOnEbit":0.6,"preProvisionOnToi":null,"postTaxOnToi":null,"loanOnEarnAsset":null,"loanOnAsset":null,"loanOnDeposit":null,"depositOnEarnAsset":null,"badDebtOnAsset":null,"liquidityOnLiability":null,"payableOnEquity":0.7,"cancelDebt":null,"ebitdaOnStockChange":0.189,"bookValuePerShareChange":0.015,"creditGrowth":null},{"ticker":"KDH","quarter":3,"year":2023,"priceToEarning":34.9,"priceToBook":2,"valueBeforeEbitda":30.6,"dividend":null,"roe":0.063,"roa":0.034,"daysReceivable":2329,"daysInventory":4264,"daysPayable":4,"ebitOnInterest":null,"earningPerShare":773,"bookValuePerShare":13250,"interestMargin":null,"nonInterestOnToi":null,"badDebtPercentage":null,"provisionOnBadDebt":null,"costOfFinancing":null,"equityOnTotalAsset":0.566,"equityOnLoan":null,"costToIncome":null,"equityOnLiability":1.9,"currentPayment":7.5,"quickPayment":1.6,"epsChange":-0.157,"ebitdaOnStock":1352,"grossProfitMargin":0.702,"operatingProfitMargin":0.507,"postTaxMargin":0.337,"debtOnEquity":0.3,"debtOnAsset":0.2,"debtOnEbitda":6.3,"shortOnLongDebt":0.1,"assetOnEquity":1.8,"capitalBalance":18899,"cashOnEquity":0.152,"cashOnCapitalize":0.094,"cashCirculation":6589,"revenueOnWorkCapital":0.2,"capexOnFixedAsset":-1.825,"revenueOnAsset":0.1,"postTaxOnPreTax":0.8,"ebitOnRevenue":0.507,"preTaxOnEbit":0.8,"preProvisionOnToi":null,"postTaxOnToi":null,"loanOnEarnAsset":null,"loanOnAsset":null,"loanOnDeposit":null,"depositOnEarnAsset":null,"badDebtOnAsset":null,"liquidityOnLiability":null,"payableOnEquity":0.5,"cancelDebt":null,"ebitdaOnStockChange":-0.315,"bookValuePerShareChange":0.088,"creditGrowth":null},{"ticker":"KDH","quarter":2,"year":2023,"priceToEarning":27.7,"priceToBook":2.1,"valueBeforeEbitda":20.8,"dividend":null,"roe":0.08,"roa":0.043,"daysReceivable":1980,"daysInventory":3295,"daysPayable":20,"ebitOnInterest":584.1,"earningPerShare":917,"bookValuePerShare":12173,"interestMargin":null,"nonInterestOnToi":null,"badDebtPercentage":null,"provisionOnBadDebt":null,"costOfFinancing":null,"equityOnTotalAsset":0.53,"equityOnLoan":null,"costToIncome":null,"equityOnLiability":1.4,"currentPayment":6,"quickPayment":2.2,"epsChange":-0.085,"ebitdaOnStock":1973,"grossProfitMargin":0.887,"operatingProfitMargin":0.77,"postTaxMargin":0.424,"debtOnEquity":0.4,"debtOnAsset":0.3,"debtOnEbitda":4.3,"shortOnLongDebt":0.1,"assetOnEquity":1.9,"capitalBalance":17223,"cashOnEquity":0.15,"cashOnCapitalize":0.088,"cashCirculation":5255,"revenueOnWorkCapital":0.2,"capexOnFixedAsset":-1.741,"revenueOnAsset":0.1,"postTaxOnPreTax":0.6,"ebitOnRevenue":0.77,"preTaxOnEbit":0.9,"preProvisionOnToi":null,"postTaxOnToi":null,"loanOnEarnAsset":null,"loanOnAsset":null,"loanOnDeposit":null,"depositOnEarnAsset":null,"badDebtOnAsset":null,"liquidityOnLiability":null,"payableOnEquity":0.7,"cancelDebt":null,"ebitdaOnStockChange":0.262,"bookValuePerShareChange":0.037,"creditGrowth":null},{"ticker":"KDH","quarter":1,"year":2023,"priceToEarning":22.8,"priceToBook":1.9,"valueBeforeEbitda":29.5,"dividend":null,"roe":0.09,"roa":0.053,"daysReceivable":1807,"daysInventory":2827,"daysPayable":14,"ebitOnInterest":382.7,"earningPerShare":1002,"bookValuePerShare":11742,"interestMargin":null,"nonInterestOnToi":null,"badDebtPercentage":null,"provisionOnBadDebt":null,"costOfFinancing":null,"equityOnTotalAsset":0.566,"equityOnLoan":null,"costToIncome":null,"equityOnLiability":1.3,"currentPayment":7.3,"quickPayment":2.6,"epsChange":-0.09,"ebitdaOnStock":1564,"grossProfitMargin":0.78,"operatingProfitMargin":0.619,"postTaxMargin":0.471,"debtOnEquity":0.5,"debtOnAsset":0.3,"debtOnEbitda":5.1,"shortOnLongDebt":0.2,"assetOnEquity":1.8,"capitalBalance":17026,"cashOnEquity":0.125,"cashOnCapitalize":0.056,"cashCirculation":4620,"revenueOnWorkCapital":0.2,"capexOnFixedAsset":-0.628,"revenueOnAsset":0.2,"postTaxOnPreTax":0.7,"ebitOnRevenue":0.619,"preTaxOnEbit":1.1,"preProvisionOnToi":null,"postTaxOnToi":null,"loanOnEarnAsset":null,"loanOnAsset":null,"loanOnDeposit":null,"depositOnEarnAsset":null,"badDebtOnAsset":null,"liquidityOnLiability":null,"payableOnEquity":0.8,"cancelDebt":null,"ebitdaOnStockChange":0.321,"bookValuePerShareChange":0.016,"creditGrowth":null}]