[{"ticker":"KDH","quarter":2,"year":2024,"revenue":645,"yearRevenueGrowth":0.107,"quarterRevenueGrowth":0.93,"costOfGoodSold":-145,"grossProfit":500,"operationExpense":-77,"operationProfit":423,"yearOperationProfitGrowth":-0.057,"quarterOperationProfitGrowth":2.591,"interestExpense":0,"preTaxProfit":371,"postTaxProfit":280,"shareHolderIncome":279,"yearShareHolderIncomeGrowth":0.128,"quarterShareHolderIncomeGrowth":3.396,"investProfit":null,"serviceProfit":null,"otherProfit":null,"provisionExpense":null,"operationIncome":null,"ebitda":426},{"ticker":"KDH","quarter":1,"year":2024,"revenue":334,"yearRevenueGrowth":-0.215,"quarterRevenueGrowth":-0.289,"costOfGoodSold":-160,"grossProfit":174,"operationExpense":-56,"operationProfit":118,"yearOperationProfitGrowth":-0.553,"quarterOperationProfitGrowth":-0.345,"interestExpense":0,"preTaxProfit":102,"postTaxProfit":64,"shareHolderIncome":63,"yearShareHolderIncomeGrowth":-0.684,"quarterShareHolderIncomeGrowth":0.019,"investProfit":null,"serviceProfit":null,"otherProfit":null,"provisionExpense":null,"operationIncome":null,"ebitda":120},{"ticker":"KDH","quarter":4,"year":2023,"revenue":469,"yearRevenueGrowth":-0.62,"quarterRevenueGrowth":-0.238,"costOfGoodSold":-178,"grossProfit":292,"operationExpense":-112,"operationProfit":180,"yearOperationProfitGrowth":-0.094,"quarterOperationProfitGrowth":-0.424,"interestExpense":0,"preTaxProfit":116,"postTaxProfit":63,"shareHolderIncome":62,"yearShareHolderIncomeGrowth":-0.477,"quarterShareHolderIncomeGrowth":-0.7,"investProfit":null,"serviceProfit":null,"otherProfit":null,"provisionExpense":null,"operationIncome":null,"ebitda":183},{"ticker":"KDH","quarter":3,"year":2023,"revenue":616,"yearRevenueGrowth":-0.232,"quarterRevenueGrowth":0.059,"costOfGoodSold":-184,"grossProfit":433,"operationExpense":-120,"operationProfit":312,"yearOperationProfitGrowth":-0.249,"quarterOperationProfitGrowth":-0.303,"interestExpense":0,"preTaxProfit":256,"postTaxProfit":210,"shareHolderIncome":208,"yearShareHolderIncomeGrowth":-0.41,"quarterShareHolderIncomeGrowth":-0.16,"investProfit":null,"serviceProfit":null,"otherProfit":null,"provisionExpense":null,"operationIncome":null,"ebitda":316},{"ticker":"KDH","quarter":2,"year":2023,"revenue":582,"yearRevenueGrowth":-0.205,"quarterRevenueGrowth":0.369,"costOfGoodSold":-66,"grossProfit":516,"operationExpense":-68,"operationProfit":448,"yearOperationProfitGrowth":0.017,"quarterOperationProfitGrowth":0.702,"interestExpense":-1,"preTaxProfit":413,"postTaxProfit":256,"shareHolderIncome":247,"yearShareHolderIncomeGrowth":-0.257,"quarterShareHolderIncomeGrowth":0.233,"investProfit":null,"serviceProfit":null,"otherProfit":null,"provisionExpense":null,"operationIncome":null,"ebitda":453},{"ticker":"KDH","quarter":1,"year":2023,"revenue":425,"yearRevenueGrowth":1.98,"quarterRevenueGrowth":-0.655,"costOfGoodSold":-93,"grossProfit":332,"operationExpense":-69,"operationProfit":263,"yearOperationProfitGrowth":49.72,"quarterOperationProfitGrowth":0.326,"interestExpense":-1,"preTaxProfit":287,"postTaxProfit":201,"shareHolderIncome":200,"yearShareHolderIncomeGrowth":-0.331,"quarterShareHolderIncomeGrowth":0.685,"investProfit":null,"serviceProfit":null,"otherProfit":null,"provisionExpense":null,"operationIncome":null,"ebitda":266}]