{"capitalize":32811,"tradeVolume":1827205,"priceToEarning":53.6,"priceToBook":2.4,"valueBeforeEbitda":38.3,"dividend":0,"roe":0.047,"profitGrowthAvarage":-0.024,"ageOfReceivable":3403.8,"ageOfInventory":9456,"payableOnEquity":0.8,"payableOnEbitda":6.5,"ebitOnInterest":null,"shortOnLongTermPayable":0.3,"revenue":2064,"operationProfit":1033,"netProfit":612,"earningPerShare":611,"asset":28499,"liability":12684,"equity":15815,"bookValuePerShare":13738,"profitMargin":null,"nonInterestOnToi":null,"loanOnDeposit":null,"creditGrowth":null,"badDebtPercentage":null,"provisionOnBadDebt":null,"customerCredit":null,"betaIndex":null,"ticker":"KDH"}