[{"ticker":"HDC","quarter":2,"year":2024,"shortAsset":2589,"cash":315,"shortInvest":5,"shortReceivable":949,"inventory":1303,"longAsset":2514,"fixedAsset":308,"asset":5103,"debt":2846,"shortDebt":1247,"longDebt":555,"equity":2257,"capital":1551,"centralBankDeposit":null,"otherBankDeposit":null,"otherBankLoan":null,"stockInvest":null,"customerLoan":null,"badLoan":null,"provision":null,"netCustomerLoan":null,"otherAsset":null,"otherBankCredit":null,"oweOtherBank":null,"oweCentralBank":null,"valuablePaper":null,"payableInterest":null,"receivableInterest":null,"deposit":null,"otherDebt":347,"fund":null,"unDistributedIncome":0,"minorShareHolderProfit":21,"payable":2846},{"ticker":"HDC","quarter":1,"year":2024,"shortAsset":2271,"cash":33,"shortInvest":5,"shortReceivable":943,"inventory":1282,"longAsset":2482,"fixedAsset":312,"asset":4753,"debt":2844,"shortDebt":1123,"longDebt":619,"equity":1909,"capital":1351,"centralBankDeposit":null,"otherBankDeposit":null,"otherBankLoan":null,"stockInvest":null,"customerLoan":null,"badLoan":null,"provision":null,"netCustomerLoan":null,"otherAsset":null,"otherBankCredit":null,"oweOtherBank":null,"oweCentralBank":null,"valuablePaper":null,"payableInterest":null,"receivableInterest":null,"deposit":null,"otherDebt":344,"fund":null,"unDistributedIncome":0,"minorShareHolderProfit":21,"payable":2844},{"ticker":"HDC","quarter":4,"year":2023,"shortAsset":2094,"cash":13,"shortInvest":5,"shortReceivable":932,"inventory":1137,"longAsset":2605,"fixedAsset":315,"asset":4698,"debt":2791,"shortDebt":1009,"longDebt":696,"equity":1908,"capital":1351,"centralBankDeposit":null,"otherBankDeposit":null,"otherBankLoan":null,"stockInvest":null,"customerLoan":null,"badLoan":null,"provision":null,"netCustomerLoan":null,"otherAsset":null,"otherBankCredit":null,"oweOtherBank":null,"oweCentralBank":null,"valuablePaper":null,"payableInterest":null,"receivableInterest":null,"deposit":null,"otherDebt":373,"fund":null,"unDistributedIncome":0,"minorShareHolderProfit":22,"payable":2791},{"ticker":"HDC","quarter":3,"year":2023,"shortAsset":2352,"cash":9,"shortInvest":88,"shortReceivable":1101,"inventory":1146,"longAsset":2188,"fixedAsset":319,"asset":4540,"debt":2640,"shortDebt":739,"longDebt":887,"equity":1900,"capital":1351,"centralBankDeposit":null,"otherBankDeposit":null,"otherBankLoan":null,"stockInvest":null,"customerLoan":null,"badLoan":null,"provision":null,"netCustomerLoan":null,"otherAsset":null,"otherBankCredit":null,"oweOtherBank":null,"oweCentralBank":null,"valuablePaper":null,"payableInterest":null,"receivableInterest":null,"deposit":null,"otherDebt":367,"fund":null,"unDistributedIncome":0,"minorShareHolderProfit":21,"payable":2640},{"ticker":"HDC","quarter":2,"year":2023,"shortAsset":2369,"cash":11,"shortInvest":83,"shortReceivable":1113,"inventory":1155,"longAsset":2178,"fixedAsset":321,"asset":4546,"debt":2679,"shortDebt":661,"longDebt":1015,"equity":1867,"capital":1351,"centralBankDeposit":null,"otherBankDeposit":null,"otherBankLoan":null,"stockInvest":null,"customerLoan":null,"badLoan":null,"provision":null,"netCustomerLoan":null,"otherAsset":null,"otherBankCredit":null,"oweOtherBank":null,"oweCentralBank":null,"valuablePaper":null,"payableInterest":null,"receivableInterest":null,"deposit":null,"otherDebt":357,"fund":null,"unDistributedIncome":0,"minorShareHolderProfit":21,"payable":2679},{"ticker":"HDC","quarter":1,"year":2023,"shortAsset":2352,"cash":12,"shortInvest":68,"shortReceivable":1133,"inventory":1131,"longAsset":2153,"fixedAsset":324,"asset":4505,"debt":2610,"shortDebt":769,"longDebt":936,"equity":1895,"capital":1081,"centralBankDeposit":null,"otherBankDeposit":null,"otherBankLoan":null,"stockInvest":null,"customerLoan":null,"badLoan":null,"provision":null,"netCustomerLoan":null,"otherAsset":null,"otherBankCredit":null,"oweOtherBank":null,"oweCentralBank":null,"valuablePaper":null,"payableInterest":null,"receivableInterest":null,"deposit":null,"otherDebt":355,"fund":null,"unDistributedIncome":0,"minorShareHolderProfit":22,"payable":2610}]