[{"ticker":"HDC","quarter":2,"year":2024,"investCost":-1,"fromInvest":-4,"fromFinancial":361,"fromSale":-75,"freeCashFlow":196},{"ticker":"HDC","quarter":1,"year":2024,"investCost":0,"fromInvest":-38,"fromFinancial":35,"fromSale":23,"freeCashFlow":62},{"ticker":"HDC","quarter":4,"year":2023,"investCost":-2,"fromInvest":-181,"fromFinancial":79,"fromSale":105,"freeCashFlow":116},{"ticker":"HDC","quarter":3,"year":2023,"investCost":-2,"fromInvest":-8,"fromFinancial":-50,"fromSale":57,"freeCashFlow":245},{"ticker":"HDC","quarter":2,"year":2023,"investCost":0,"fromInvest":-15,"fromFinancial":-29,"fromSale":42,"freeCashFlow":258},{"ticker":"HDC","quarter":1,"year":2023,"investCost":-1,"fromInvest":10,"fromFinancial":14,"fromSale":-24,"freeCashFlow":422}]