{"OriginStock":{"Cumulative_Return_3_Month":0.0484,"Cumulative_Return_6_Month":0.0519,"Cumulative_Return_12_Month":0.1147,"Volatility_12_Month":0.3625,"SharpeRatio_3_Month":0.5292,"SharpeRatio_6_Month":0.23,"SharpeRatio_12_Month":0.2463,"Maximum_Drawdown_12_Month":0.2381},"SimilarStock":[{"correlation":0.361,"beta":0.789,"pe":8.458,"price_volatility_1_month_compareWith_VNINDEX":0.007,"price_volatility_3_month_compareWith_VNINDEX":0.2,"price_volatility_6_month_compareWith_VNINDEX":0.005,"companyName":"Công ty Cổ phần Vinhomes","industryName":"Bất động sản","exchangeName":"HOSE","ticker":"VHM"},{"correlation":0.384,"beta":0.615,"pe":44.547,"price_volatility_1_month_compareWith_VNINDEX":-0.047,"price_volatility_3_month_compareWith_VNINDEX":0.016,"price_volatility_6_month_compareWith_VNINDEX":-0.149,"companyName":"Tập đoàn Vingroup - Công ty CP","industryName":"Bất động sản","exchangeName":"HOSE","ticker":"VIC"},{"correlation":0.31,"beta":1.237,"pe":26.266,"price_volatility_1_month_compareWith_VNINDEX":-0.076,"price_volatility_3_month_compareWith_VNINDEX":-0.012,"price_volatility_6_month_compareWith_VNINDEX":0.166,"companyName":"Tổng Công ty Đầu tư và Phát triển Công nghiệp - CTCP","industryName":"Bất động sản","exchangeName":"HOSE","ticker":"BCM"},{"correlation":0.481,"beta":1.221,"pe":9.493,"price_volatility_1_month_compareWith_VNINDEX":-0.055,"price_volatility_3_month_compareWith_VNINDEX":-0.064,"price_volatility_6_month_compareWith_VNINDEX":-0.225,"companyName":"Công ty Cổ phần Vincom Retail","industryName":"Bất động sản","exchangeName":"HOSE","ticker":"VRE"},{"correlation":0.291,"beta":1.017,"pe":53.649,"price_volatility_1_month_compareWith_VNINDEX":-0.079,"price_volatility_3_month_compareWith_VNINDEX":-0.035,"price_volatility_6_month_compareWith_VNINDEX":-0.016,"companyName":"Công ty Cổ phần Đầu tư và Kinh doanh nhà Khang Điền","industryName":"Bất động sản","exchangeName":"HOSE","ticker":"KDH"},{"correlation":0.01,"beta":0.132,"pe":28.625,"price_volatility_1_month_compareWith_VNINDEX":-0.019,"price_volatility_3_month_compareWith_VNINDEX":-0.039,"price_volatility_6_month_compareWith_VNINDEX":-0.064,"companyName":"Công ty Cổ phần Phát triển Sunshine Homes","industryName":"Bất động sản","exchangeName":"UpCom","ticker":"SSH"},{"correlation":0.506,"beta":1.614,"pe":88.871,"price_volatility_1_month_compareWith_VNINDEX":0.076,"price_volatility_3_month_compareWith_VNINDEX":0.013,"price_volatility_6_month_compareWith_VNINDEX":-0.139,"companyName":"Tổng Công ty Phát triển Đô thị Kinh Bắc","industryName":"Bất động sản","exchangeName":"HOSE","ticker":"KBC"},{"correlation":0.538,"beta":1.17,"pe":-3.733,"price_volatility_1_month_compareWith_VNINDEX":-0.097,"price_volatility_3_month_compareWith_VNINDEX":-0.158,"price_volatility_6_month_compareWith_VNINDEX":-0.39,"companyName":"Công ty Cổ phần Tập đoàn Đầu tư Địa ốc No Va","industryName":"Bất động sản","exchangeName":"HOSE","ticker":"NVL"},{"correlation":0.427,"beta":1.07,"pe":10.03,"price_volatility_1_month_compareWith_VNINDEX":-0.061,"price_volatility_3_month_compareWith_VNINDEX":-0.058,"price_volatility_6_month_compareWith_VNINDEX":-0.01,"companyName":"Tổng Công ty IDICO - CTCP","industryName":"Bất động sản","exchangeName":"HNX","ticker":"IDC"},{"correlation":0.628,"beta":1.612,"pe":41.843,"price_volatility_1_month_compareWith_VNINDEX":-0.06,"price_volatility_3_month_compareWith_VNINDEX":-0.016,"price_volatility_6_month_compareWith_VNINDEX":-0.251,"companyName":"Công ty Cổ phần Phát triển Bất động sản Phát Đạt","industryName":"Bất động sản","exchangeName":"HOSE","ticker":"PDR"}]}