[{"ticker":"HDC","quarter":2,"year":2024,"priceToEarning":35.1,"priceToBook":2.1,"valueBeforeEbitda":26.3,"dividend":null,"roe":0.064,"roa":0.027,"daysReceivable":307,"daysInventory":1305,"daysPayable":136,"ebitOnInterest":3.8,"earningPerShare":734,"bookValuePerShare":12536,"interestMargin":null,"nonInterestOnToi":null,"badDebtPercentage":null,"provisionOnBadDebt":null,"costOfFinancing":null,"equityOnTotalAsset":0.438,"equityOnLoan":null,"costToIncome":null,"equityOnLiability":0.8,"currentPayment":1.1,"quickPayment":0.6,"epsChange":0.301,"ebitdaOnStock":1600,"grossProfitMargin":0.492,"operatingProfitMargin":0.401,"postTaxMargin":0.293,"debtOnEquity":0.8,"debtOnAsset":0.4,"debtOnEbitda":7.5,"shortOnLongDebt":2.2,"assetOnEquity":2.3,"capitalBalance":329,"cashOnEquity":0.14,"cashOnCapitalize":0.068,"cashCirculation":1476,"revenueOnWorkCapital":1.2,"capexOnFixedAsset":-0.014,"revenueOnAsset":0.1,"postTaxOnPreTax":0.8,"ebitOnRevenue":0.401,"preTaxOnEbit":0.9,"preProvisionOnToi":null,"postTaxOnToi":null,"loanOnEarnAsset":null,"loanOnAsset":null,"loanOnDeposit":null,"depositOnEarnAsset":null,"badDebtOnAsset":null,"liquidityOnLiability":null,"payableOnEquity":1.3,"cancelDebt":null,"ebitdaOnStockChange":0.005,"bookValuePerShareChange":0.185,"creditGrowth":null},{"ticker":"HDC","quarter":1,"year":2024,"priceToEarning":50.3,"priceToBook":2.7,"valueBeforeEbitda":31.6,"dividend":null,"roe":0.054,"roa":0.022,"daysReceivable":240,"daysInventory":1291,"daysPayable":135,"ebitOnInterest":0.3,"earningPerShare":564,"bookValuePerShare":10583,"interestMargin":null,"nonInterestOnToi":null,"badDebtPercentage":null,"provisionOnBadDebt":null,"costOfFinancing":null,"equityOnTotalAsset":0.397,"equityOnLoan":null,"costToIncome":null,"equityOnLiability":0.7,"currentPayment":1,"quickPayment":0.5,"epsChange":-0.233,"ebitdaOnStock":1592,"grossProfitMargin":0.172,"operatingProfitMargin":0.034,"postTaxMargin":0.015,"debtOnEquity":0.9,"debtOnAsset":0.4,"debtOnEbitda":8.9,"shortOnLongDebt":1.8,"assetOnEquity":2.5,"capitalBalance":76,"cashOnEquity":0.017,"cashOnCapitalize":0.008,"cashCirculation":1396,"revenueOnWorkCapital":1.5,"capexOnFixedAsset":-0.011,"revenueOnAsset":0.1,"postTaxOnPreTax":11.5,"ebitOnRevenue":0.034,"preTaxOnEbit":0,"preProvisionOnToi":null,"postTaxOnToi":null,"loanOnEarnAsset":null,"loanOnAsset":null,"loanOnDeposit":null,"depositOnEarnAsset":null,"badDebtOnAsset":null,"liquidityOnLiability":null,"payableOnEquity":1.5,"cancelDebt":null,"ebitdaOnStockChange":-0.243,"bookValuePerShareChange":0.001,"creditGrowth":null},{"ticker":"HDC","quarter":4,"year":2023,"priceToEarning":36,"priceToBook":2.5,"valueBeforeEbitda":22.7,"dividend":null,"roe":0.07,"roa":0.029,"daysReceivable":189,"daysInventory":1105,"daysPayable":173,"ebitOnInterest":8.1,"earningPerShare":735,"bookValuePerShare":10574,"interestMargin":null,"nonInterestOnToi":null,"badDebtPercentage":null,"provisionOnBadDebt":null,"costOfFinancing":null,"equityOnTotalAsset":0.401,"equityOnLoan":null,"costToIncome":null,"equityOnLiability":0.7,"currentPayment":1,"quickPayment":0.5,"epsChange":-0.488,"ebitdaOnStock":2103,"grossProfitMargin":0.514,"operatingProfitMargin":0.427,"postTaxMargin":0.245,"debtOnEquity":0.9,"debtOnAsset":0.4,"debtOnEbitda":6.6,"shortOnLongDebt":1.5,"assetOnEquity":2.5,"capitalBalance":5,"cashOnEquity":0.007,"cashOnCapitalize":0.003,"cashCirculation":1121,"revenueOnWorkCapital":1.9,"capexOnFixedAsset":-0.012,"revenueOnAsset":0.1,"postTaxOnPreTax":0.8,"ebitOnRevenue":0.427,"preTaxOnEbit":0.7,"preProvisionOnToi":null,"postTaxOnToi":null,"loanOnEarnAsset":null,"loanOnAsset":null,"loanOnDeposit":null,"depositOnEarnAsset":null,"badDebtOnAsset":null,"liquidityOnLiability":null,"payableOnEquity":1.5,"cancelDebt":null,"ebitdaOnStockChange":0.371,"bookValuePerShareChange":0.004,"creditGrowth":null},{"ticker":"HDC","quarter":3,"year":2023,"priceToEarning":17.4,"priceToBook":2.4,"valueBeforeEbitda":31.2,"dividend":null,"roe":0.145,"roa":0.056,"daysReceivable":491,"daysInventory":1285,"daysPayable":-225,"ebitOnInterest":2.1,"earningPerShare":1437,"bookValuePerShare":10533,"interestMargin":null,"nonInterestOnToi":null,"badDebtPercentage":null,"provisionOnBadDebt":null,"costOfFinancing":null,"equityOnTotalAsset":0.414,"equityOnLoan":null,"costToIncome":null,"equityOnLiability":0.7,"currentPayment":1.3,"quickPayment":0.7,"epsChange":-0.134,"ebitdaOnStock":1534,"grossProfitMargin":0.449,"operatingProfitMargin":0.371,"postTaxMargin":0.193,"debtOnEquity":0.9,"debtOnAsset":0.4,"debtOnEbitda":8.9,"shortOnLongDebt":0.8,"assetOnEquity":2.4,"capitalBalance":600,"cashOnEquity":0.005,"cashOnCapitalize":0.002,"cashCirculation":2001,"revenueOnWorkCapital":0.7,"capexOnFixedAsset":-0.016,"revenueOnAsset":0.1,"postTaxOnPreTax":0.8,"ebitOnRevenue":0.371,"preTaxOnEbit":0.7,"preProvisionOnToi":null,"postTaxOnToi":null,"loanOnEarnAsset":null,"loanOnAsset":null,"loanOnDeposit":null,"depositOnEarnAsset":null,"badDebtOnAsset":null,"liquidityOnLiability":null,"payableOnEquity":1.4,"cancelDebt":null,"ebitdaOnStockChange":-0.228,"bookValuePerShareChange":0.018,"creditGrowth":null},{"ticker":"HDC","quarter":2,"year":2023,"priceToEarning":13.7,"priceToBook":2.2,"valueBeforeEbitda":23.7,"dividend":null,"roe":0.172,"roa":0.065,"daysReceivable":431,"daysInventory":1021,"daysPayable":-281,"ebitOnInterest":1.1,"earningPerShare":1659,"bookValuePerShare":10350,"interestMargin":null,"nonInterestOnToi":null,"badDebtPercentage":null,"provisionOnBadDebt":null,"costOfFinancing":null,"equityOnTotalAsset":0.406,"equityOnLoan":null,"costToIncome":null,"equityOnLiability":0.7,"currentPayment":1.4,"quickPayment":0.7,"epsChange":-0.165,"ebitdaOnStock":1988,"grossProfitMargin":0.344,"operatingProfitMargin":0.234,"postTaxMargin":0.155,"debtOnEquity":0.9,"debtOnAsset":0.4,"debtOnEbitda":7.1,"shortOnLongDebt":0.7,"assetOnEquity":2.5,"capitalBalance":706,"cashOnEquity":0.006,"cashOnCapitalize":0.003,"cashCirculation":1733,"revenueOnWorkCapital":0.8,"capexOnFixedAsset":-0.013,"revenueOnAsset":0.2,"postTaxOnPreTax":0.8,"ebitOnRevenue":0.234,"preTaxOnEbit":0.8,"preProvisionOnToi":null,"postTaxOnToi":null,"loanOnEarnAsset":null,"loanOnAsset":null,"loanOnDeposit":null,"depositOnEarnAsset":null,"badDebtOnAsset":null,"liquidityOnLiability":null,"payableOnEquity":1.4,"cancelDebt":null,"ebitdaOnStockChange":-0.442,"bookValuePerShareChange":-0.014,"creditGrowth":null},{"ticker":"HDC","quarter":1,"year":2023,"priceToEarning":10.5,"priceToBook":2,"valueBeforeEbitda":20.3,"dividend":null,"roe":0.209,"roa":0.082,"daysReceivable":355,"daysInventory":811,"daysPayable":-611,"ebitOnInterest":3.7,"earningPerShare":1987,"bookValuePerShare":10502,"interestMargin":null,"nonInterestOnToi":null,"badDebtPercentage":null,"provisionOnBadDebt":null,"costOfFinancing":null,"equityOnTotalAsset":0.416,"equityOnLoan":null,"costToIncome":null,"equityOnLiability":0.7,"currentPayment":1.4,"quickPayment":0.7,"epsChange":-0.155,"ebitdaOnStock":3565,"grossProfitMargin":0.448,"operatingProfitMargin":0.368,"postTaxMargin":0.181,"debtOnEquity":0.9,"debtOnAsset":0.4,"debtOnEbitda":4.8,"shortOnLongDebt":0.8,"assetOnEquity":2.4,"capitalBalance":679,"cashOnEquity":0.006,"cashOnCapitalize":0.002,"cashCirculation":1777,"revenueOnWorkCapital":1,"capexOnFixedAsset":-0.026,"revenueOnAsset":0.2,"postTaxOnPreTax":0.8,"ebitOnRevenue":0.368,"preTaxOnEbit":0.6,"preProvisionOnToi":null,"postTaxOnToi":null,"loanOnEarnAsset":null,"loanOnAsset":null,"loanOnDeposit":null,"depositOnEarnAsset":null,"badDebtOnAsset":null,"liquidityOnLiability":null,"payableOnEquity":1.4,"cancelDebt":null,"ebitdaOnStockChange":-0.184,"bookValuePerShareChange":0.017,"creditGrowth":null}]