[{"ticker":"HDC","quarter":2,"year":2024,"revenue":172,"yearRevenueGrowth":0.328,"quarterRevenueGrowth":1.01,"costOfGoodSold":-87,"grossProfit":84,"operationExpense":-16,"operationProfit":69,"yearOperationProfitGrowth":1.271,"quarterOperationProfitGrowth":22.645,"interestExpense":-18,"preTaxProfit":62,"postTaxProfit":50,"shareHolderIncome":50,"yearShareHolderIncomeGrowth":1.519,"quarterShareHolderIncomeGrowth":37.087,"investProfit":null,"serviceProfit":null,"otherProfit":null,"provisionExpense":null,"operationIncome":null,"ebitda":73},{"ticker":"HDC","quarter":1,"year":2024,"revenue":85,"yearRevenueGrowth":-0.517,"quarterRevenueGrowth":-0.554,"costOfGoodSold":-71,"grossProfit":15,"operationExpense":-12,"operationProfit":3,"yearOperationProfitGrowth":-0.955,"quarterOperationProfitGrowth":-0.964,"interestExpense":-9,"preTaxProfit":0,"postTaxProfit":1,"shareHolderIncome":1,"yearShareHolderIncomeGrowth":-0.959,"quarterShareHolderIncomeGrowth":-0.972,"investProfit":null,"serviceProfit":null,"otherProfit":null,"provisionExpense":null,"operationIncome":null,"ebitda":7},{"ticker":"HDC","quarter":4,"year":2023,"revenue":191,"yearRevenueGrowth":0.103,"quarterRevenueGrowth":0.139,"costOfGoodSold":-93,"grossProfit":98,"operationExpense":-17,"operationProfit":82,"yearOperationProfitGrowth":5.601,"quarterOperationProfitGrowth":0.311,"interestExpense":-10,"preTaxProfit":58,"postTaxProfit":48,"shareHolderIncome":47,"yearShareHolderIncomeGrowth":-0.728,"quarterShareHolderIncomeGrowth":0.442,"investProfit":null,"serviceProfit":null,"otherProfit":null,"provisionExpense":null,"operationIncome":null,"ebitda":86},{"ticker":"HDC","quarter":3,"year":2023,"revenue":168,"yearRevenueGrowth":-0.511,"quarterRevenueGrowth":0.302,"costOfGoodSold":-93,"grossProfit":75,"operationExpense":-13,"operationProfit":62,"yearOperationProfitGrowth":-0.469,"quarterOperationProfitGrowth":1.062,"interestExpense":-29,"preTaxProfit":41,"postTaxProfit":32,"shareHolderIncome":32,"yearShareHolderIncomeGrowth":-0.549,"quarterShareHolderIncomeGrowth":0.627,"investProfit":null,"serviceProfit":null,"otherProfit":null,"provisionExpense":null,"operationIncome":null,"ebitda":66},{"ticker":"HDC","quarter":2,"year":2023,"revenue":129,"yearRevenueGrowth":-0.66,"quarterRevenueGrowth":-0.269,"costOfGoodSold":-85,"grossProfit":44,"operationExpense":-14,"operationProfit":30,"yearOperationProfitGrowth":-0.777,"quarterOperationProfitGrowth":-0.534,"interestExpense":-27,"preTaxProfit":24,"postTaxProfit":20,"shareHolderIncome":20,"yearShareHolderIncomeGrowth":-0.746,"quarterShareHolderIncomeGrowth":-0.375,"investProfit":null,"serviceProfit":null,"otherProfit":null,"provisionExpense":null,"operationIncome":null,"ebitda":34},{"ticker":"HDC","quarter":1,"year":2023,"revenue":177,"yearRevenueGrowth":-0.558,"quarterRevenueGrowth":0.019,"costOfGoodSold":-98,"grossProfit":79,"operationExpense":-14,"operationProfit":65,"yearOperationProfitGrowth":-0.547,"quarterOperationProfitGrowth":4.242,"interestExpense":-18,"preTaxProfit":41,"postTaxProfit":31,"shareHolderIncome":32,"yearShareHolderIncomeGrowth":-0.671,"quarterShareHolderIncomeGrowth":-0.814,"investProfit":null,"serviceProfit":null,"otherProfit":null,"provisionExpense":null,"operationIncome":null,"ebitda":69}]