{"capitalize":4602,"tradeVolume":1547367,"priceToEarning":35.1,"priceToBook":2.1,"valueBeforeEbitda":26.3,"dividend":0,"roe":0.064,"profitGrowthAvarage":0.047,"ageOfReceivable":306.6,"ageOfInventory":1305.4,"payableOnEquity":1.3,"payableOnEbitda":7.5,"ebitOnInterest":3.8,"shortOnLongTermPayable":2.2,"revenue":617,"operationProfit":216,"netProfit":131,"earningPerShare":734,"asset":5103,"liability":2846,"equity":2257,"bookValuePerShare":12537,"profitMargin":null,"nonInterestOnToi":null,"loanOnDeposit":null,"creditGrowth":null,"badDebtPercentage":null,"provisionOnBadDebt":null,"customerCredit":null,"betaIndex":null,"ticker":"HDC"}