[{"ticker":"HT1","quarter":2,"year":2024,"shortAsset":1755,"cash":573,"shortInvest":16,"shortReceivable":415,"inventory":689,"longAsset":6508,"fixedAsset":4739,"asset":8263,"debt":3427,"shortDebt":1294,"longDebt":0,"equity":4836,"capital":3816,"centralBankDeposit":null,"otherBankDeposit":null,"otherBankLoan":null,"stockInvest":null,"customerLoan":null,"badLoan":null,"provision":null,"netCustomerLoan":null,"otherAsset":null,"otherBankCredit":null,"oweOtherBank":null,"oweCentralBank":null,"valuablePaper":null,"payableInterest":null,"receivableInterest":null,"deposit":null,"otherDebt":222,"fund":null,"unDistributedIncome":0,"minorShareHolderProfit":10,"payable":3427},{"ticker":"HT1","quarter":1,"year":2024,"shortAsset":1830,"cash":425,"shortInvest":16,"shortReceivable":578,"inventory":766,"longAsset":6512,"fixedAsset":4867,"asset":8342,"debt":3534,"shortDebt":1592,"longDebt":0,"equity":4808,"capital":3816,"centralBankDeposit":null,"otherBankDeposit":null,"otherBankLoan":null,"stockInvest":null,"customerLoan":null,"badLoan":null,"provision":null,"netCustomerLoan":null,"otherAsset":null,"otherBankCredit":null,"oweOtherBank":null,"oweCentralBank":null,"valuablePaper":null,"payableInterest":null,"receivableInterest":null,"deposit":null,"otherDebt":347,"fund":null,"unDistributedIncome":0,"minorShareHolderProfit":10,"payable":3534},{"ticker":"HT1","quarter":4,"year":2023,"shortAsset":1969,"cash":607,"shortInvest":16,"shortReceivable":439,"inventory":847,"longAsset":6654,"fixedAsset":5001,"asset":8623,"debt":3791,"shortDebt":1578,"longDebt":0,"equity":4832,"capital":3816,"centralBankDeposit":null,"otherBankDeposit":null,"otherBankLoan":null,"stockInvest":null,"customerLoan":null,"badLoan":null,"provision":null,"netCustomerLoan":null,"otherAsset":null,"otherBankCredit":null,"oweOtherBank":null,"oweCentralBank":null,"valuablePaper":null,"payableInterest":null,"receivableInterest":null,"deposit":null,"otherDebt":402,"fund":null,"unDistributedIncome":0,"minorShareHolderProfit":10,"payable":3791},{"ticker":"HT1","quarter":3,"year":2023,"shortAsset":2136,"cash":312,"shortInvest":16,"shortReceivable":899,"inventory":841,"longAsset":6720,"fixedAsset":5080,"asset":8856,"debt":3926,"shortDebt":2052,"longDebt":0,"equity":4930,"capital":3816,"centralBankDeposit":null,"otherBankDeposit":null,"otherBankLoan":null,"stockInvest":null,"customerLoan":null,"badLoan":null,"provision":null,"netCustomerLoan":null,"otherAsset":null,"otherBankCredit":null,"oweOtherBank":null,"oweCentralBank":null,"valuablePaper":null,"payableInterest":null,"receivableInterest":null,"deposit":null,"otherDebt":288,"fund":null,"unDistributedIncome":0,"minorShareHolderProfit":9,"payable":3926},{"ticker":"HT1","quarter":2,"year":2023,"shortAsset":2316,"cash":338,"shortInvest":15,"shortReceivable":968,"inventory":897,"longAsset":6804,"fixedAsset":5214,"asset":9120,"debt":4179,"shortDebt":2142,"longDebt":0,"equity":4941,"capital":3816,"centralBankDeposit":null,"otherBankDeposit":null,"otherBankLoan":null,"stockInvest":null,"customerLoan":null,"badLoan":null,"provision":null,"netCustomerLoan":null,"otherAsset":null,"otherBankCredit":null,"oweOtherBank":null,"oweCentralBank":null,"valuablePaper":null,"payableInterest":null,"receivableInterest":null,"deposit":null,"otherDebt":281,"fund":null,"unDistributedIncome":0,"minorShareHolderProfit":9,"payable":4179},{"ticker":"HT1","quarter":1,"year":2023,"shortAsset":2331,"cash":547,"shortInvest":15,"shortReceivable":809,"inventory":835,"longAsset":6926,"fixedAsset":5335,"asset":9257,"debt":4240,"shortDebt":2317,"longDebt":0,"equity":5017,"capital":3816,"centralBankDeposit":null,"otherBankDeposit":null,"otherBankLoan":null,"stockInvest":null,"customerLoan":null,"badLoan":null,"provision":null,"netCustomerLoan":null,"otherAsset":null,"otherBankCredit":null,"oweOtherBank":null,"oweCentralBank":null,"valuablePaper":null,"payableInterest":null,"receivableInterest":null,"deposit":null,"otherDebt":354,"fund":null,"unDistributedIncome":0,"minorShareHolderProfit":9,"payable":4240}]