[{"ticker":"HT1","quarter":2,"year":2024,"investCost":-95,"fromInvest":-81,"fromFinancial":-420,"fromSale":649,"freeCashFlow":-362},{"ticker":"HT1","quarter":1,"year":2024,"investCost":-15,"fromInvest":-15,"fromFinancial":-36,"fromSale":-132,"freeCashFlow":471},{"ticker":"HT1","quarter":4,"year":2023,"investCost":-67,"fromInvest":-66,"fromFinancial":-505,"fromSale":867,"freeCashFlow":477},{"ticker":"HT1","quarter":3,"year":2023,"investCost":2,"fromInvest":5,"fromFinancial":-90,"fromSale":59,"freeCashFlow":235},{"ticker":"HT1","quarter":2,"year":2023,"investCost":-24,"fromInvest":-24,"fromFinancial":-255,"fromSale":69,"freeCashFlow":296},{"ticker":"HT1","quarter":1,"year":2023,"investCost":-59,"fromInvest":-59,"fromFinancial":442,"fromSale":-512,"freeCashFlow":792}]