[{"ticker":"HT1","quarter":2,"year":2024,"priceToEarning":66.9,"priceToBook":0.9,"valueBeforeEbitda":7.1,"dividend":null,"roe":0.013,"roa":0.007,"daysReceivable":-94,"daysInventory":47,"daysPayable":76,"ebitOnInterest":4,"earningPerShare":170,"bookValuePerShare":12648,"interestMargin":null,"nonInterestOnToi":null,"badDebtPercentage":null,"provisionOnBadDebt":null,"costOfFinancing":null,"equityOnTotalAsset":0.584,"equityOnLoan":null,"costToIncome":null,"equityOnLiability":1.4,"currentPayment":0.5,"quickPayment":0.3,"epsChange":-0.165,"ebitdaOnStock":1880,"grossProfitMargin":0.092,"operatingProfitMargin":0.031,"postTaxMargin":0.024,"debtOnEquity":0.3,"debtOnAsset":0.2,"debtOnEbitda":2.4,"shortOnLongDebt":null,"assetOnEquity":1.7,"capitalBalance":-1651,"cashOnEquity":0.118,"cashOnCapitalize":0.132,"cashCirculation":-124,"revenueOnWorkCapital":null,"capexOnFixedAsset":-0.035,"revenueOnAsset":0.8,"postTaxOnPreTax":1,"ebitOnRevenue":0.031,"preTaxOnEbit":0.8,"preProvisionOnToi":null,"postTaxOnToi":null,"loanOnEarnAsset":null,"loanOnAsset":null,"loanOnDeposit":null,"depositOnEarnAsset":null,"badDebtOnAsset":null,"liquidityOnLiability":null,"payableOnEquity":0.7,"cancelDebt":null,"ebitdaOnStockChange":-0.057,"bookValuePerShareChange":0.006,"creditGrowth":null},{"ticker":"HT1","quarter":1,"year":2024,"priceToEarning":65.4,"priceToBook":1.1,"valueBeforeEbitda":8.5,"dividend":null,"roe":0.016,"roa":0.009,"daysReceivable":-95,"daysInventory":47,"daysPayable":67,"ebitOnInterest":-0.2,"earningPerShare":204,"bookValuePerShare":12575,"interestMargin":null,"nonInterestOnToi":null,"badDebtPercentage":null,"provisionOnBadDebt":null,"costOfFinancing":null,"equityOnTotalAsset":0.575,"equityOnLoan":null,"costToIncome":null,"equityOnLiability":1.4,"currentPayment":0.5,"quickPayment":0.3,"epsChange":3.603,"ebitdaOnStock":1993,"grossProfitMargin":0.069,"operatingProfitMargin":null,"postTaxMargin":null,"debtOnEquity":0.3,"debtOnAsset":0.2,"debtOnEbitda":2.6,"shortOnLongDebt":null,"assetOnEquity":1.7,"capitalBalance":-1684,"cashOnEquity":0.088,"cashOnCapitalize":0.081,"cashCirculation":-115,"revenueOnWorkCapital":null,"capexOnFixedAsset":-0.02,"revenueOnAsset":0.8,"postTaxOnPreTax":null,"ebitOnRevenue":null,"preTaxOnEbit":5.6,"preProvisionOnToi":null,"postTaxOnToi":null,"loanOnEarnAsset":null,"loanOnAsset":null,"loanOnDeposit":null,"depositOnEarnAsset":null,"badDebtOnAsset":null,"liquidityOnLiability":null,"payableOnEquity":0.7,"cancelDebt":null,"ebitdaOnStockChange":0.033,"bookValuePerShareChange":-0.005,"creditGrowth":null},{"ticker":"HT1","quarter":4,"year":2023,"priceToEarning":270.7,"priceToBook":0.9,"valueBeforeEbitda":8.4,"dividend":null,"roe":0.003,"roa":0.002,"daysReceivable":-95,"daysInventory":54,"daysPayable":78,"ebitOnInterest":3.3,"earningPerShare":44,"bookValuePerShare":12638,"interestMargin":null,"nonInterestOnToi":null,"badDebtPercentage":null,"provisionOnBadDebt":null,"costOfFinancing":null,"equityOnTotalAsset":0.559,"equityOnLoan":null,"costToIncome":null,"equityOnLiability":1.3,"currentPayment":0.5,"quickPayment":0.3,"epsChange":-0.169,"ebitdaOnStock":1929,"grossProfitMargin":0.101,"operatingProfitMargin":0.041,"postTaxMargin":0.03,"debtOnEquity":0.3,"debtOnAsset":0.2,"debtOnEbitda":2.3,"shortOnLongDebt":null,"assetOnEquity":1.8,"capitalBalance":-1802,"cashOnEquity":0.126,"cashOnCapitalize":0.137,"cashCirculation":-120,"revenueOnWorkCapital":null,"capexOnFixedAsset":-0.028,"revenueOnAsset":0.8,"postTaxOnPreTax":1,"ebitOnRevenue":0.041,"preTaxOnEbit":0.8,"preProvisionOnToi":null,"postTaxOnToi":null,"loanOnEarnAsset":null,"loanOnAsset":null,"loanOnDeposit":null,"depositOnEarnAsset":null,"badDebtOnAsset":null,"liquidityOnLiability":null,"payableOnEquity":0.8,"cancelDebt":null,"ebitdaOnStockChange":-0.045,"bookValuePerShareChange":-0.02,"creditGrowth":null},{"ticker":"HT1","quarter":3,"year":2023,"priceToEarning":247.2,"priceToBook":1,"valueBeforeEbitda":8.5,"dividend":null,"roe":0.004,"roa":0.002,"daysReceivable":-90,"daysInventory":49,"daysPayable":65,"ebitOnInterest":1.2,"earningPerShare":53,"bookValuePerShare":12896,"interestMargin":null,"nonInterestOnToi":null,"badDebtPercentage":null,"provisionOnBadDebt":null,"costOfFinancing":null,"equityOnTotalAsset":0.556,"equityOnLoan":null,"costToIncome":null,"equityOnLiability":1.3,"currentPayment":0.5,"quickPayment":0.3,"epsChange":-0.697,"ebitdaOnStock":2021,"grossProfitMargin":0.09,"operatingProfitMargin":0.024,"postTaxMargin":null,"debtOnEquity":0.4,"debtOnAsset":0.2,"debtOnEbitda":2.4,"shortOnLongDebt":null,"assetOnEquity":1.8,"capitalBalance":-1772,"cashOnEquity":0.063,"cashOnCapitalize":0.065,"cashCirculation":-105,"revenueOnWorkCapital":null,"capexOnFixedAsset":-0.029,"revenueOnAsset":0.8,"postTaxOnPreTax":null,"ebitOnRevenue":0.024,"preTaxOnEbit":-0.3,"preProvisionOnToi":null,"postTaxOnToi":null,"loanOnEarnAsset":null,"loanOnAsset":null,"loanOnDeposit":null,"depositOnEarnAsset":null,"badDebtOnAsset":null,"liquidityOnLiability":null,"payableOnEquity":0.8,"cancelDebt":null,"ebitdaOnStockChange":-0.059,"bookValuePerShareChange":-0.002,"creditGrowth":null},{"ticker":"HT1","quarter":2,"year":2023,"priceToEarning":89,"priceToBook":1.2,"valueBeforeEbitda":7.9,"dividend":null,"roe":0.013,"roa":0.007,"daysReceivable":-82,"daysInventory":39,"daysPayable":58,"ebitOnInterest":3,"earningPerShare":175,"bookValuePerShare":12923,"interestMargin":null,"nonInterestOnToi":null,"badDebtPercentage":null,"provisionOnBadDebt":null,"costOfFinancing":null,"equityOnTotalAsset":0.541,"equityOnLoan":null,"costToIncome":null,"equityOnLiability":1.2,"currentPayment":0.6,"quickPayment":0.3,"epsChange":-0.556,"ebitdaOnStock":2148,"grossProfitMargin":0.103,"operatingProfitMargin":0.051,"postTaxMargin":0.029,"debtOnEquity":0.4,"debtOnAsset":0.2,"debtOnEbitda":2.2,"shortOnLongDebt":null,"assetOnEquity":1.8,"capitalBalance":-1846,"cashOnEquity":0.068,"cashOnCapitalize":0.073,"cashCirculation":-102,"revenueOnWorkCapital":null,"capexOnFixedAsset":-0.04,"revenueOnAsset":0.9,"postTaxOnPreTax":1.1,"ebitOnRevenue":0.051,"preTaxOnEbit":0.5,"preProvisionOnToi":null,"postTaxOnToi":null,"loanOnEarnAsset":null,"loanOnAsset":null,"loanOnDeposit":null,"depositOnEarnAsset":null,"badDebtOnAsset":null,"liquidityOnLiability":null,"payableOnEquity":0.8,"cancelDebt":null,"ebitdaOnStockChange":-0.127,"bookValuePerShareChange":-0.015,"creditGrowth":null},{"ticker":"HT1","quarter":1,"year":2023,"priceToEarning":36.9,"priceToBook":1.1,"valueBeforeEbitda":8.7,"dividend":null,"roe":0.03,"roa":0.017,"daysReceivable":-81,"daysInventory":32,"daysPayable":52,"ebitOnInterest":-0.8,"earningPerShare":395,"bookValuePerShare":13123,"interestMargin":null,"nonInterestOnToi":null,"badDebtPercentage":null,"provisionOnBadDebt":null,"costOfFinancing":null,"equityOnTotalAsset":0.541,"equityOnLoan":null,"costToIncome":null,"equityOnLiability":1.2,"currentPayment":0.6,"quickPayment":0.4,"epsChange":-0.422,"ebitdaOnStock":2459,"grossProfitMargin":0.045,"operatingProfitMargin":null,"postTaxMargin":null,"debtOnEquity":0.5,"debtOnAsset":0.3,"debtOnEbitda":2.2,"shortOnLongDebt":null,"assetOnEquity":1.8,"capitalBalance":-1892,"cashOnEquity":0.109,"cashOnCapitalize":0.086,"cashCirculation":-101,"revenueOnWorkCapital":null,"capexOnFixedAsset":-0.044,"revenueOnAsset":1,"postTaxOnPreTax":null,"ebitOnRevenue":null,"preTaxOnEbit":2.9,"preProvisionOnToi":null,"postTaxOnToi":null,"loanOnEarnAsset":null,"loanOnAsset":null,"loanOnDeposit":null,"depositOnEarnAsset":null,"badDebtOnAsset":null,"liquidityOnLiability":null,"payableOnEquity":0.8,"cancelDebt":null,"ebitdaOnStockChange":-0.1,"bookValuePerShareChange":-0.019,"creditGrowth":null}]