[{"ticker":"HT1","quarter":2,"year":2024,"revenue":1909,"yearRevenueGrowth":-0.045,"quarterRevenueGrowth":0.277,"costOfGoodSold":-1732,"grossProfit":176,"operationExpense":-116,"operationProfit":60,"yearOperationProfitGrowth":-0.419,"quarterOperationProfitGrowth":null,"interestExpense":-15,"preTaxProfit":45,"postTaxProfit":46,"shareHolderIncome":46,"yearShareHolderIncomeGrowth":-0.219,"quarterShareHolderIncomeGrowth":null,"investProfit":null,"serviceProfit":null,"otherProfit":null,"provisionExpense":null,"operationIncome":null,"ebitda":196},{"ticker":"HT1","quarter":1,"year":2024,"revenue":1495,"yearRevenueGrowth":-0.116,"quarterRevenueGrowth":-0.162,"costOfGoodSold":-1391,"grossProfit":103,"operationExpense":-107,"operationProfit":-3,"yearOperationProfitGrowth":null,"quarterOperationProfitGrowth":null,"interestExpense":-15,"preTaxProfit":-18,"postTaxProfit":-25,"shareHolderIncome":-25,"yearShareHolderIncomeGrowth":null,"quarterShareHolderIncomeGrowth":null,"investProfit":null,"serviceProfit":null,"otherProfit":null,"provisionExpense":null,"operationIncome":null,"ebitda":133},{"ticker":"HT1","quarter":4,"year":2023,"revenue":1783,"yearRevenueGrowth":-0.23,"quarterRevenueGrowth":0.131,"costOfGoodSold":-1603,"grossProfit":180,"operationExpense":-107,"operationProfit":73,"yearOperationProfitGrowth":-0.321,"quarterOperationProfitGrowth":0.905,"interestExpense":-22,"preTaxProfit":55,"postTaxProfit":54,"shareHolderIncome":54,"yearShareHolderIncomeGrowth":-0.06,"quarterShareHolderIncomeGrowth":null,"investProfit":null,"serviceProfit":null,"otherProfit":null,"provisionExpense":null,"operationIncome":null,"ebitda":211},{"ticker":"HT1","quarter":3,"year":2023,"revenue":1576,"yearRevenueGrowth":-0.303,"quarterRevenueGrowth":-0.211,"costOfGoodSold":-1434,"grossProfit":142,"operationExpense":-104,"operationProfit":38,"yearOperationProfitGrowth":-0.529,"quarterOperationProfitGrowth":-0.627,"interestExpense":-32,"preTaxProfit":-10,"postTaxProfit":-10,"shareHolderIncome":-10,"yearShareHolderIncomeGrowth":null,"quarterShareHolderIncomeGrowth":null,"investProfit":null,"serviceProfit":null,"otherProfit":null,"provisionExpense":null,"operationIncome":null,"ebitda":177},{"ticker":"HT1","quarter":2,"year":2023,"revenue":1999,"yearRevenueGrowth":-0.162,"quarterRevenueGrowth":0.182,"costOfGoodSold":-1793,"grossProfit":206,"operationExpense":-103,"operationProfit":103,"yearOperationProfitGrowth":-0.515,"quarterOperationProfitGrowth":null,"interestExpense":-35,"preTaxProfit":55,"postTaxProfit":59,"shareHolderIncome":59,"yearShareHolderIncomeGrowth":-0.588,"quarterShareHolderIncomeGrowth":null,"investProfit":null,"serviceProfit":null,"otherProfit":null,"provisionExpense":null,"operationIncome":null,"ebitda":239},{"ticker":"HT1","quarter":1,"year":2023,"revenue":1691,"yearRevenueGrowth":-0.136,"quarterRevenueGrowth":-0.27,"costOfGoodSold":-1615,"grossProfit":76,"operationExpense":-102,"operationProfit":-26,"yearOperationProfitGrowth":null,"quarterOperationProfitGrowth":null,"interestExpense":-35,"preTaxProfit":-76,"postTaxProfit":-86,"shareHolderIncome":-86,"yearShareHolderIncomeGrowth":null,"quarterShareHolderIncomeGrowth":null,"investProfit":null,"serviceProfit":null,"otherProfit":null,"provisionExpense":null,"operationIncome":null,"ebitda":109}]