{"exchange":"HOSE","shortName":"VICEM Hà Tiên","industryID":180,"industryIDv2":"2353","industryIdLevel2":"2300","industryIdLevel4":"2353","industry":"Xây dựng và Vật liệu","industryEn":"Construction & Materials","establishedYear":"2007","noEmployees":2434,"noShareholders":9672,"foreignPercent":0.019,"website":"https://www.vicemhatien.com.vn","stockRating":2,"deltaInWeek":-0.019,"deltaInMonth":-0.067,"deltaInYear":-0.272,"outstandingShare":381.6,"issueShare":381.6,"companyType":"CT","ticker":"HT1"}