{"capitalize":4350,"tradeVolume":403547,"priceToEarning":66.9,"priceToBook":0.9,"valueBeforeEbitda":7.1,"dividend":0,"roe":0.013,"profitGrowthAvarage":-0.511,"ageOfReceivable":-94.4,"ageOfInventory":47,"payableOnEquity":0.7,"payableOnEbitda":2.4,"ebitOnInterest":4,"shortOnLongTermPayable":null,"revenue":6763,"operationProfit":168,"netProfit":65,"earningPerShare":170,"asset":8263,"liability":3427,"equity":4836,"bookValuePerShare":12649,"profitMargin":null,"nonInterestOnToi":null,"loanOnDeposit":null,"creditGrowth":null,"badDebtPercentage":null,"provisionOnBadDebt":null,"customerCredit":null,"betaIndex":null,"ticker":"HT1"}