[{"ticker":"HCM","quarter":3,"year":2024,"shortAsset":32541,"cash":2242,"shortInvest":27988,"shortReceivable":1966,"inventory":0,"longAsset":175,"fixedAsset":45,"asset":32715,"debt":22658,"shortDebt":22148,"longDebt":0,"equity":10057,"capital":7048,"centralBankDeposit":null,"otherBankDeposit":null,"otherBankLoan":null,"stockInvest":null,"customerLoan":null,"badLoan":null,"provision":null,"netCustomerLoan":null,"otherAsset":null,"otherBankCredit":null,"oweOtherBank":null,"oweCentralBank":null,"valuablePaper":null,"payableInterest":null,"receivableInterest":null,"deposit":null,"otherDebt":22,"fund":null,"unDistributedIncome":0,"minorShareHolderProfit":0,"payable":22658},{"ticker":"HCM","quarter":2,"year":2024,"shortAsset":27574,"cash":2584,"shortInvest":24448,"shortReceivable":148,"inventory":0,"longAsset":182,"fixedAsset":50,"asset":27756,"debt":17093,"shortDebt":16278,"longDebt":0,"equity":10664,"capital":7048,"centralBankDeposit":null,"otherBankDeposit":null,"otherBankLoan":null,"stockInvest":null,"customerLoan":null,"badLoan":null,"provision":null,"netCustomerLoan":null,"otherAsset":null,"otherBankCredit":null,"oweOtherBank":null,"oweCentralBank":null,"valuablePaper":null,"payableInterest":null,"receivableInterest":null,"deposit":null,"otherDebt":37,"fund":null,"unDistributedIncome":0,"minorShareHolderProfit":0,"payable":17093},{"ticker":"HCM","quarter":1,"year":2024,"shortAsset":20220,"cash":3361,"shortInvest":16474,"shortReceivable":233,"inventory":0,"longAsset":189,"fixedAsset":55,"asset":20409,"debt":11820,"shortDebt":9662,"longDebt":0,"equity":8589,"capital":5266,"centralBankDeposit":null,"otherBankDeposit":null,"otherBankLoan":null,"stockInvest":null,"customerLoan":null,"badLoan":null,"provision":null,"netCustomerLoan":null,"otherAsset":null,"otherBankCredit":null,"oweOtherBank":null,"oweCentralBank":null,"valuablePaper":null,"payableInterest":null,"receivableInterest":null,"deposit":null,"otherDebt":1811,"fund":null,"unDistributedIncome":0,"minorShareHolderProfit":0,"payable":11820},{"ticker":"HCM","quarter":4,"year":2023,"shortAsset":17728,"cash":2825,"shortInvest":14357,"shortReceivable":363,"inventory":0,"longAsset":182,"fixedAsset":55,"asset":17911,"debt":9599,"shortDebt":9160,"longDebt":0,"equity":8312,"capital":4581,"centralBankDeposit":null,"otherBankDeposit":null,"otherBankLoan":null,"stockInvest":null,"customerLoan":null,"badLoan":null,"provision":null,"netCustomerLoan":null,"otherAsset":null,"otherBankCredit":null,"oweOtherBank":null,"oweCentralBank":null,"valuablePaper":null,"payableInterest":null,"receivableInterest":null,"deposit":null,"otherDebt":57,"fund":null,"unDistributedIncome":0,"minorShareHolderProfit":0,"payable":9599},{"ticker":"HCM","quarter":3,"year":2023,"shortAsset":16481,"cash":2516,"shortInvest":13497,"shortReceivable":358,"inventory":0,"longAsset":181,"fixedAsset":52,"asset":16663,"debt":8530,"shortDebt":7981,"longDebt":0,"equity":8133,"capital":4581,"centralBankDeposit":null,"otherBankDeposit":null,"otherBankLoan":null,"stockInvest":null,"customerLoan":null,"badLoan":null,"provision":null,"netCustomerLoan":null,"otherAsset":null,"otherBankCredit":null,"oweOtherBank":null,"oweCentralBank":null,"valuablePaper":null,"payableInterest":null,"receivableInterest":null,"deposit":null,"otherDebt":35,"fund":null,"unDistributedIncome":0,"minorShareHolderProfit":0,"payable":8530},{"ticker":"HCM","quarter":2,"year":2023,"shortAsset":14116,"cash":3041,"shortInvest":10739,"shortReceivable":265,"inventory":0,"longAsset":184,"fixedAsset":60,"asset":14300,"debt":6381,"shortDebt":5939,"longDebt":0,"equity":7919,"capital":4581,"centralBankDeposit":null,"otherBankDeposit":null,"otherBankLoan":null,"stockInvest":null,"customerLoan":null,"badLoan":null,"provision":null,"netCustomerLoan":null,"otherAsset":null,"otherBankCredit":null,"oweOtherBank":null,"oweCentralBank":null,"valuablePaper":null,"payableInterest":null,"receivableInterest":null,"deposit":null,"otherDebt":30,"fund":null,"unDistributedIncome":0,"minorShareHolderProfit":0,"payable":6381}]