[{"ticker":"HCM","quarter":3,"year":2024,"investCost":-3,"fromInvest":-3,"fromFinancial":5041,"fromSale":-5381,"freeCashFlow":null},{"ticker":"HCM","quarter":2,"year":2024,"investCost":-3,"fromInvest":-2,"fromFinancial":8397,"fromSale":-9172,"freeCashFlow":2693},{"ticker":"HCM","quarter":1,"year":2024,"investCost":-10,"fromInvest":-10,"fromFinancial":502,"fromSale":45,"freeCashFlow":-995},{"ticker":"HCM","quarter":4,"year":2023,"investCost":-11,"fromInvest":-11,"fromFinancial":1179,"fromSale":-860,"freeCashFlow":537},{"ticker":"HCM","quarter":3,"year":2023,"investCost":0,"fromInvest":0,"fromFinancial":2042,"fromSale":-2567,"freeCashFlow":575},{"ticker":"HCM","quarter":2,"year":2023,"investCost":-5,"fromInvest":-5,"fromFinancial":197,"fromSale":-1979,"freeCashFlow":791}]