[{"ticker":"HCM","quarter":3,"year":2024,"priceToEarning":22.1,"priceToBook":2.2,"valueBeforeEbitda":null,"dividend":null,"roe":0.109,"roa":0.04,"daysReceivable":823,"daysInventory":null,"daysPayable":1,"ebitOnInterest":null,"earningPerShare":1377,"bookValuePerShare":13968,"interestMargin":null,"nonInterestOnToi":null,"badDebtPercentage":null,"provisionOnBadDebt":null,"costOfFinancing":null,"equityOnTotalAsset":0.307,"equityOnLoan":null,"costToIncome":null,"equityOnLiability":0.4,"currentPayment":1.4,"quickPayment":1.4,"epsChange":0.008,"ebitdaOnStock":2174,"grossProfitMargin":0.331,"operatingProfitMargin":0.242,"postTaxMargin":0.195,"debtOnEquity":2.2,"debtOnAsset":0.7,"debtOnEbitda":11.9,"shortOnLongDebt":null,"assetOnEquity":3.3,"capitalBalance":9882,"cashOnEquity":0.223,"cashOnCapitalize":null,"cashCirculation":null,"revenueOnWorkCapital":0.4,"capexOnFixedAsset":-0.54,"revenueOnAsset":0.2,"postTaxOnPreTax":0.8,"ebitOnRevenue":0.242,"preTaxOnEbit":1,"preProvisionOnToi":null,"postTaxOnToi":null,"loanOnEarnAsset":null,"loanOnAsset":null,"loanOnDeposit":null,"depositOnEarnAsset":null,"badDebtOnAsset":null,"liquidityOnLiability":null,"payableOnEquity":2.3,"cancelDebt":null,"ebitdaOnStockChange":0.007,"bookValuePerShareChange":-0.057,"creditGrowth":null},{"ticker":"HCM","quarter":2,"year":2024,"priceToEarning":18.4,"priceToBook":1.7,"valueBeforeEbitda":28.4,"dividend":null,"roe":0.106,"roa":0.047,"daysReceivable":913,"daysInventory":null,"daysPayable":2,"ebitOnInterest":null,"earningPerShare":1366,"bookValuePerShare":14811,"interestMargin":null,"nonInterestOnToi":null,"badDebtPercentage":null,"provisionOnBadDebt":null,"costOfFinancing":null,"equityOnTotalAsset":0.384,"equityOnLoan":null,"costToIncome":null,"equityOnLiability":0.6,"currentPayment":1.6,"quickPayment":1.6,"epsChange":0.189,"ebitdaOnStock":2160,"grossProfitMargin":0.464,"operatingProfitMargin":0.355,"postTaxMargin":0.286,"debtOnEquity":1.5,"debtOnAsset":0.6,"debtOnEbitda":8.8,"shortOnLongDebt":null,"assetOnEquity":2.6,"capitalBalance":10482,"cashOnEquity":0.242,"cashOnCapitalize":0.118,"cashCirculation":null,"revenueOnWorkCapital":0.4,"capexOnFixedAsset":-0.434,"revenueOnAsset":0.2,"postTaxOnPreTax":0.8,"ebitOnRevenue":0.355,"preTaxOnEbit":1,"preProvisionOnToi":null,"postTaxOnToi":null,"loanOnEarnAsset":null,"loanOnAsset":null,"loanOnDeposit":null,"depositOnEarnAsset":null,"badDebtOnAsset":null,"liquidityOnLiability":null,"payableOnEquity":1.6,"cancelDebt":null,"ebitdaOnStockChange":0.001,"bookValuePerShareChange":0.242,"creditGrowth":null},{"ticker":"HCM","quarter":1,"year":2024,"priceToEarning":24.6,"priceToBook":2.4,"valueBeforeEbitda":23.2,"dividend":null,"roe":0.1,"roa":0.048,"daysReceivable":944,"daysInventory":null,"daysPayable":1,"ebitOnInterest":null,"earningPerShare":1149,"bookValuePerShare":11929,"interestMargin":null,"nonInterestOnToi":null,"badDebtPercentage":null,"provisionOnBadDebt":null,"costOfFinancing":null,"equityOnTotalAsset":0.421,"equityOnLoan":null,"costToIncome":null,"equityOnLiability":0.7,"currentPayment":1.7,"quickPayment":1.7,"epsChange":0.227,"ebitdaOnStock":2158,"grossProfitMargin":0.52,"operatingProfitMargin":0.399,"postTaxMargin":0.321,"debtOnEquity":1.1,"debtOnAsset":0.5,"debtOnEbitda":7.1,"shortOnLongDebt":null,"assetOnEquity":2.4,"capitalBalance":8400,"cashOnEquity":0.391,"cashOnCapitalize":0.184,"cashCirculation":null,"revenueOnWorkCapital":0.4,"capexOnFixedAsset":-0.444,"revenueOnAsset":0.2,"postTaxOnPreTax":0.8,"ebitOnRevenue":0.399,"preTaxOnEbit":1,"preProvisionOnToi":null,"postTaxOnToi":null,"loanOnEarnAsset":null,"loanOnAsset":null,"loanOnDeposit":null,"depositOnEarnAsset":null,"badDebtOnAsset":null,"liquidityOnLiability":null,"payableOnEquity":1.4,"cancelDebt":null,"ebitdaOnStockChange":0.135,"bookValuePerShareChange":0.033,"creditGrowth":null},{"ticker":"HCM","quarter":4,"year":2023,"priceToEarning":24.3,"priceToBook":2,"valueBeforeEbitda":26.4,"dividend":null,"roe":0.083,"roa":0.04,"daysReceivable":996,"daysInventory":null,"daysPayable":1,"ebitOnInterest":null,"earningPerShare":936,"bookValuePerShare":11545,"interestMargin":null,"nonInterestOnToi":null,"badDebtPercentage":null,"provisionOnBadDebt":null,"costOfFinancing":null,"equityOnTotalAsset":0.464,"equityOnLoan":null,"costToIncome":null,"equityOnLiability":0.9,"currentPayment":1.8,"quickPayment":1.8,"epsChange":0.087,"ebitdaOnStock":1901,"grossProfitMargin":0.386,"operatingProfitMargin":0.261,"postTaxMargin":0.208,"debtOnEquity":1.1,"debtOnAsset":0.5,"debtOnEbitda":9.2,"shortOnLongDebt":null,"assetOnEquity":2.2,"capitalBalance":8130,"cashOnEquity":0.34,"cashOnCapitalize":0.161,"cashCirculation":null,"revenueOnWorkCapital":0.4,"capexOnFixedAsset":-0.491,"revenueOnAsset":0.2,"postTaxOnPreTax":0.8,"ebitOnRevenue":0.261,"preTaxOnEbit":1,"preProvisionOnToi":null,"postTaxOnToi":null,"loanOnEarnAsset":null,"loanOnAsset":null,"loanOnDeposit":null,"depositOnEarnAsset":null,"badDebtOnAsset":null,"liquidityOnLiability":null,"payableOnEquity":1.2,"cancelDebt":null,"ebitdaOnStockChange":0.083,"bookValuePerShareChange":0.022,"creditGrowth":null},{"ticker":"HCM","quarter":3,"year":2023,"priceToEarning":23.6,"priceToBook":1.8,"valueBeforeEbitda":29.7,"dividend":null,"roe":0.077,"roa":0.033,"daysReceivable":983,"daysInventory":null,"daysPayable":1,"ebitOnInterest":null,"earningPerShare":861,"bookValuePerShare":11296,"interestMargin":null,"nonInterestOnToi":null,"badDebtPercentage":null,"provisionOnBadDebt":null,"costOfFinancing":null,"equityOnTotalAsset":0.488,"equityOnLoan":null,"costToIncome":null,"equityOnLiability":1,"currentPayment":1.9,"quickPayment":1.9,"epsChange":0.086,"ebitdaOnStock":1756,"grossProfitMargin":0.43,"operatingProfitMargin":0.323,"postTaxMargin":0.26,"debtOnEquity":1,"debtOnAsset":0.5,"debtOnEbitda":11.8,"shortOnLongDebt":null,"assetOnEquity":2,"capitalBalance":7951,"cashOnEquity":0.309,"cashOnCapitalize":0.137,"cashCirculation":null,"revenueOnWorkCapital":0.4,"capexOnFixedAsset":-0.659,"revenueOnAsset":0.2,"postTaxOnPreTax":0.8,"ebitOnRevenue":0.323,"preTaxOnEbit":1,"preProvisionOnToi":null,"postTaxOnToi":null,"loanOnEarnAsset":null,"loanOnAsset":null,"loanOnDeposit":null,"depositOnEarnAsset":null,"badDebtOnAsset":null,"liquidityOnLiability":null,"payableOnEquity":1,"cancelDebt":null,"ebitdaOnStockChange":0.084,"bookValuePerShareChange":0.027,"creditGrowth":null},{"ticker":"HCM","quarter":2,"year":2023,"priceToEarning":23.6,"priceToBook":1.7,"valueBeforeEbitda":21.7,"dividend":null,"roe":0.073,"roa":0.034,"daysReceivable":980,"daysInventory":null,"daysPayable":1,"ebitOnInterest":null,"earningPerShare":793,"bookValuePerShare":10998,"interestMargin":null,"nonInterestOnToi":null,"badDebtPercentage":null,"provisionOnBadDebt":null,"costOfFinancing":null,"equityOnTotalAsset":0.554,"equityOnLoan":null,"costToIncome":null,"equityOnLiability":1.2,"currentPayment":2.2,"quickPayment":2.2,"epsChange":-0.176,"ebitdaOnStock":1620,"grossProfitMargin":0.478,"operatingProfitMargin":0.333,"postTaxMargin":0.268,"debtOnEquity":0.8,"debtOnAsset":0.4,"debtOnEbitda":10.9,"shortOnLongDebt":null,"assetOnEquity":1.8,"capitalBalance":7735,"cashOnEquity":0.384,"cashOnCapitalize":0.23,"cashCirculation":null,"revenueOnWorkCapital":0.4,"capexOnFixedAsset":-0.755,"revenueOnAsset":0.2,"postTaxOnPreTax":0.8,"ebitOnRevenue":0.333,"preTaxOnEbit":1,"preProvisionOnToi":null,"postTaxOnToi":null,"loanOnEarnAsset":null,"loanOnAsset":null,"loanOnDeposit":null,"depositOnEarnAsset":null,"badDebtOnAsset":null,"liquidityOnLiability":null,"payableOnEquity":0.8,"cancelDebt":null,"ebitdaOnStockChange":-0.169,"bookValuePerShareChange":-0.012,"creditGrowth":null}]