[{"ticker":"HCM","quarter":3,"year":2024,"revenue":1138,"yearRevenueGrowth":0.381,"quarterRevenueGrowth":0.04,"costOfGoodSold":-761,"grossProfit":376,"operationExpense":-101,"operationProfit":275,"yearOperationProfitGrowth":0.033,"quarterOperationProfitGrowth":-0.293,"interestExpense":0,"preTaxProfit":275,"postTaxProfit":222,"shareHolderIncome":222,"yearShareHolderIncomeGrowth":0.039,"quarterShareHolderIncomeGrowth":-0.29,"investProfit":null,"serviceProfit":null,"otherProfit":null,"provisionExpense":null,"operationIncome":null,"ebitda":282},{"ticker":"HCM","quarter":2,"year":2024,"revenue":1094,"yearRevenueGrowth":0.862,"quarterRevenueGrowth":0.267,"costOfGoodSold":-586,"grossProfit":508,"operationExpense":-119,"operationProfit":389,"yearOperationProfitGrowth":0.985,"quarterOperationProfitGrowth":0.128,"interestExpense":0,"preTaxProfit":390,"postTaxProfit":313,"shareHolderIncome":313,"yearShareHolderIncomeGrowth":0.993,"quarterShareHolderIncomeGrowth":0.132,"investProfit":null,"serviceProfit":null,"otherProfit":null,"provisionExpense":null,"operationIncome":null,"ebitda":397},{"ticker":"HCM","quarter":1,"year":2024,"revenue":863,"yearRevenueGrowth":0.369,"quarterRevenueGrowth":0.002,"costOfGoodSold":-414,"grossProfit":449,"operationExpense":-105,"operationProfit":345,"yearOperationProfitGrowth":1.25,"quarterOperationProfitGrowth":0.533,"interestExpense":0,"preTaxProfit":346,"postTaxProfit":277,"shareHolderIncome":277,"yearShareHolderIncomeGrowth":1.237,"quarterShareHolderIncomeGrowth":0.544,"investProfit":null,"serviceProfit":null,"otherProfit":null,"provisionExpense":null,"operationIncome":null,"ebitda":352},{"ticker":"HCM","quarter":4,"year":2023,"revenue":861,"yearRevenueGrowth":-0.028,"quarterRevenueGrowth":0.046,"costOfGoodSold":-529,"grossProfit":333,"operationExpense":-108,"operationProfit":225,"yearOperationProfitGrowth":0.413,"quarterOperationProfitGrowth":-0.155,"interestExpense":0,"preTaxProfit":225,"postTaxProfit":179,"shareHolderIncome":179,"yearShareHolderIncomeGrowth":0.43,"quarterShareHolderIncomeGrowth":-0.163,"investProfit":null,"serviceProfit":null,"otherProfit":null,"provisionExpense":null,"operationIncome":null,"ebitda":233},{"ticker":"HCM","quarter":3,"year":2023,"revenue":824,"yearRevenueGrowth":0.085,"quarterRevenueGrowth":0.402,"costOfGoodSold":-469,"grossProfit":354,"operationExpense":-88,"operationProfit":266,"yearOperationProfitGrowth":0.296,"quarterOperationProfitGrowth":0.359,"interestExpense":0,"preTaxProfit":266,"postTaxProfit":214,"shareHolderIncome":214,"yearShareHolderIncomeGrowth":0.297,"quarterShareHolderIncomeGrowth":0.362,"investProfit":null,"serviceProfit":null,"otherProfit":null,"provisionExpense":null,"operationIncome":null,"ebitda":274},{"ticker":"HCM","quarter":2,"year":2023,"revenue":588,"yearRevenueGrowth":-0.505,"quarterRevenueGrowth":-0.068,"costOfGoodSold":-307,"grossProfit":281,"operationExpense":-85,"operationProfit":196,"yearOperationProfitGrowth":-0.438,"quarterOperationProfitGrowth":0.279,"interestExpense":0,"preTaxProfit":196,"postTaxProfit":157,"shareHolderIncome":157,"yearShareHolderIncomeGrowth":-0.437,"quarterShareHolderIncomeGrowth":0.27,"investProfit":null,"serviceProfit":null,"otherProfit":null,"provisionExpense":null,"operationIncome":null,"ebitda":204}]