{"capitalize":21923,"tradeVolume":11182259,"priceToEarning":22.1,"priceToBook":2.2,"valueBeforeEbitda":null,"dividend":0.023,"roe":0.109,"profitGrowthAvarage":0,"ageOfReceivable":822.7,"ageOfInventory":null,"payableOnEquity":2.3,"payableOnEbitda":11.9,"ebitOnInterest":null,"shortOnLongTermPayable":null,"revenue":3956,"operationProfit":1233,"netProfit":992,"earningPerShare":1378,"asset":32715,"liability":22658,"equity":10057,"bookValuePerShare":13968,"profitMargin":null,"nonInterestOnToi":null,"loanOnDeposit":null,"creditGrowth":null,"badDebtPercentage":null,"provisionOnBadDebt":null,"customerCredit":null,"betaIndex":null,"ticker":"HCM"}