[{"ticker":"BMP","quarter":3,"year":2024,"shortAsset":2918,"cash":821,"shortInvest":1470,"shortReceivable":209,"inventory":371,"longAsset":595,"fixedAsset":262,"asset":3514,"debt":573,"shortDebt":55,"longDebt":0,"equity":2941,"capital":819,"centralBankDeposit":null,"otherBankDeposit":null,"otherBankLoan":null,"stockInvest":null,"customerLoan":null,"badLoan":null,"provision":null,"netCustomerLoan":null,"otherAsset":null,"otherBankCredit":null,"oweOtherBank":null,"oweCentralBank":null,"valuablePaper":null,"payableInterest":null,"receivableInterest":null,"deposit":null,"otherDebt":2,"fund":null,"unDistributedIncome":0,"minorShareHolderProfit":0,"payable":573},{"ticker":"BMP","quarter":2,"year":2024,"shortAsset":2467,"cash":453,"shortInvest":1300,"shortReceivable":218,"inventory":442,"longAsset":618,"fixedAsset":277,"asset":3085,"debt":434,"shortDebt":55,"longDebt":0,"equity":2651,"capital":819,"centralBankDeposit":null,"otherBankDeposit":null,"otherBankLoan":null,"stockInvest":null,"customerLoan":null,"badLoan":null,"provision":null,"netCustomerLoan":null,"otherAsset":null,"otherBankCredit":null,"oweOtherBank":null,"oweCentralBank":null,"valuablePaper":null,"payableInterest":null,"receivableInterest":null,"deposit":null,"otherDebt":10,"fund":null,"unDistributedIncome":0,"minorShareHolderProfit":0,"payable":434},{"ticker":"BMP","quarter":1,"year":2024,"shortAsset":2870,"cash":988,"shortInvest":1260,"shortReceivable":205,"inventory":364,"longAsset":632,"fixedAsset":264,"asset":3502,"debt":622,"shortDebt":55,"longDebt":0,"equity":2880,"capital":819,"centralBankDeposit":null,"otherBankDeposit":null,"otherBankLoan":null,"stockInvest":null,"customerLoan":null,"badLoan":null,"provision":null,"netCustomerLoan":null,"otherAsset":null,"otherBankCredit":null,"oweOtherBank":null,"oweCentralBank":null,"valuablePaper":null,"payableInterest":null,"receivableInterest":null,"deposit":null,"otherDebt":6,"fund":null,"unDistributedIncome":0,"minorShareHolderProfit":0,"payable":622},{"ticker":"BMP","quarter":4,"year":2023,"shortAsset":2594,"cash":821,"shortInvest":1190,"shortReceivable":174,"inventory":364,"longAsset":661,"fixedAsset":286,"asset":3255,"debt":565,"shortDebt":55,"longDebt":0,"equity":2690,"capital":819,"centralBankDeposit":null,"otherBankDeposit":null,"otherBankLoan":null,"stockInvest":null,"customerLoan":null,"badLoan":null,"provision":null,"netCustomerLoan":null,"otherAsset":null,"otherBankCredit":null,"oweOtherBank":null,"oweCentralBank":null,"valuablePaper":null,"payableInterest":null,"receivableInterest":null,"deposit":null,"otherDebt":8,"fund":null,"unDistributedIncome":0,"minorShareHolderProfit":0,"payable":565},{"ticker":"BMP","quarter":3,"year":2023,"shortAsset":2794,"cash":675,"shortInvest":1360,"shortReceivable":241,"inventory":513,"longAsset":683,"fixedAsset":275,"asset":3477,"debt":512,"shortDebt":55,"longDebt":0,"equity":2965,"capital":819,"centralBankDeposit":null,"otherBankDeposit":null,"otherBankLoan":null,"stockInvest":null,"customerLoan":null,"badLoan":null,"provision":null,"netCustomerLoan":null,"otherAsset":null,"otherBankCredit":null,"oweOtherBank":null,"oweCentralBank":null,"valuablePaper":null,"payableInterest":null,"receivableInterest":null,"deposit":null,"otherDebt":6,"fund":null,"unDistributedIncome":0,"minorShareHolderProfit":0,"payable":512},{"ticker":"BMP","quarter":2,"year":2023,"shortAsset":2803,"cash":609,"shortInvest":1480,"shortReceivable":257,"inventory":449,"longAsset":723,"fixedAsset":313,"asset":3526,"debt":770,"shortDebt":55,"longDebt":0,"equity":2756,"capital":819,"centralBankDeposit":null,"otherBankDeposit":null,"otherBankLoan":null,"stockInvest":null,"customerLoan":null,"badLoan":null,"provision":null,"netCustomerLoan":null,"otherAsset":null,"otherBankCredit":null,"oweOtherBank":null,"oweCentralBank":null,"valuablePaper":null,"payableInterest":null,"receivableInterest":null,"deposit":null,"otherDebt":2,"fund":null,"unDistributedIncome":0,"minorShareHolderProfit":0,"payable":770}]