[{"ticker":"BMP","quarter":3,"year":2024,"investCost":-5,"fromInvest":-105,"fromFinancial":0,"fromSale":473,"freeCashFlow":937},{"ticker":"BMP","quarter":2,"year":2024,"investCost":-43,"fromInvest":-67,"fromFinancial":-500,"fromSale":32,"freeCashFlow":1202},{"ticker":"BMP","quarter":1,"year":2024,"investCost":-10,"fromInvest":-58,"fromFinancial":0,"fromSale":224,"freeCashFlow":921},{"ticker":"BMP","quarter":4,"year":2023,"investCost":-61,"fromInvest":160,"fromFinancial":-532,"fromSale":518,"freeCashFlow":629},{"ticker":"BMP","quarter":3,"year":2023,"investCost":-12,"fromInvest":130,"fromFinancial":0,"fromSale":-63,"freeCashFlow":1279},{"ticker":"BMP","quarter":2,"year":2023,"investCost":8,"fromInvest":-73,"fromFinancial":-434,"fromSale":478,"freeCashFlow":974}]