[{"ticker":"BMP","quarter":3,"year":2024,"priceToEarning":10.3,"priceToBook":3.6,"valueBeforeEbitda":6.6,"dividend":null,"roe":0.344,"roa":0.291,"daysReceivable":170,"daysInventory":56,"daysPayable":15,"ebitOnInterest":108359.9,"earningPerShare":12419,"bookValuePerShare":35922,"interestMargin":null,"nonInterestOnToi":null,"badDebtPercentage":null,"provisionOnBadDebt":null,"costOfFinancing":null,"equityOnTotalAsset":0.837,"equityOnLoan":null,"costToIncome":null,"equityOnLiability":5.1,"currentPayment":5.3,"quickPayment":4.6,"epsChange":0.086,"ebitdaOnStock":18087,"grossProfitMargin":0.431,"operatingProfitMargin":0.288,"postTaxMargin":0.206,"debtOnEquity":0,"debtOnAsset":0,"debtOnEbitda":0,"shortOnLongDebt":null,"assetOnEquity":1.2,"capitalBalance":2363,"cashOnEquity":0.279,"cashOnCapitalize":0.078,"cashCirculation":210,"revenueOnWorkCapital":2.2,"capexOnFixedAsset":-0.445,"revenueOnAsset":1.4,"postTaxOnPreTax":0.8,"ebitOnRevenue":0.288,"preTaxOnEbit":0.9,"preProvisionOnToi":null,"postTaxOnToi":null,"loanOnEarnAsset":null,"loanOnAsset":null,"loanOnDeposit":null,"depositOnEarnAsset":null,"badDebtOnAsset":null,"liquidityOnLiability":null,"payableOnEquity":0.2,"cancelDebt":null,"ebitdaOnStockChange":0.095,"bookValuePerShareChange":0.109,"creditGrowth":null},{"ticker":"BMP","quarter":2,"year":2024,"priceToEarning":8.7,"priceToBook":3.1,"valueBeforeEbitda":7.3,"dividend":null,"roe":0.346,"roa":0.283,"daysReceivable":165,"daysInventory":62,"daysPayable":17,"ebitOnInterest":57552.2,"earningPerShare":11431,"bookValuePerShare":32384,"interestMargin":null,"nonInterestOnToi":null,"badDebtPercentage":null,"provisionOnBadDebt":null,"costOfFinancing":null,"equityOnTotalAsset":0.859,"equityOnLoan":null,"costToIncome":null,"equityOnLiability":6.1,"currentPayment":5.9,"quickPayment":4.9,"epsChange":-0.015,"ebitdaOnStock":16512,"grossProfitMargin":0.438,"operatingProfitMargin":0.317,"postTaxMargin":0.243,"debtOnEquity":0,"debtOnAsset":0,"debtOnEbitda":0,"shortOnLongDebt":null,"assetOnEquity":1.2,"capitalBalance":2051,"cashOnEquity":0.171,"cashOnCapitalize":0.044,"cashCirculation":210,"revenueOnWorkCapital":2.2,"capexOnFixedAsset":-0.43,"revenueOnAsset":1.4,"postTaxOnPreTax":0.8,"ebitOnRevenue":0.317,"preTaxOnEbit":1,"preProvisionOnToi":null,"postTaxOnToi":null,"loanOnEarnAsset":null,"loanOnAsset":null,"loanOnDeposit":null,"depositOnEarnAsset":null,"badDebtOnAsset":null,"liquidityOnLiability":null,"payableOnEquity":0.2,"cancelDebt":null,"ebitdaOnStockChange":-0.013,"bookValuePerShareChange":-0.079,"creditGrowth":null},{"ticker":"BMP","quarter":1,"year":2024,"priceToEarning":9,"priceToBook":3,"valueBeforeEbitda":5.1,"dividend":null,"roe":0.329,"roa":0.274,"daysReceivable":171,"daysInventory":49,"daysPayable":18,"ebitOnInterest":34983.1,"earningPerShare":11606,"bookValuePerShare":35176,"interestMargin":null,"nonInterestOnToi":null,"badDebtPercentage":null,"provisionOnBadDebt":null,"costOfFinancing":null,"equityOnTotalAsset":0.822,"equityOnLoan":null,"costToIncome":null,"equityOnLiability":4.6,"currentPayment":4.8,"quickPayment":4.1,"epsChange":-0.087,"ebitdaOnStock":16731,"grossProfitMargin":0.424,"operatingProfitMargin":0.245,"postTaxMargin":0.189,"debtOnEquity":0,"debtOnAsset":0,"debtOnEbitda":0,"shortOnLongDebt":null,"assetOnEquity":1.2,"capitalBalance":2266,"cashOnEquity":0.343,"cashOnCapitalize":0.125,"cashCirculation":202,"revenueOnWorkCapital":2.1,"capexOnFixedAsset":-0.247,"revenueOnAsset":1.4,"postTaxOnPreTax":0.8,"ebitOnRevenue":0.245,"preTaxOnEbit":1,"preProvisionOnToi":null,"postTaxOnToi":null,"loanOnEarnAsset":null,"loanOnAsset":null,"loanOnDeposit":null,"depositOnEarnAsset":null,"badDebtOnAsset":null,"liquidityOnLiability":null,"payableOnEquity":0.2,"cancelDebt":null,"ebitdaOnStockChange":-0.09,"bookValuePerShareChange":0.071,"creditGrowth":null},{"ticker":"BMP","quarter":4,"year":2023,"priceToEarning":7.8,"priceToBook":3,"valueBeforeEbitda":5.6,"dividend":null,"roe":0.392,"roa":0.331,"daysReceivable":137,"daysInventory":56,"daysPayable":15,"ebitOnInterest":34423.1,"earningPerShare":12716,"bookValuePerShare":32857,"interestMargin":null,"nonInterestOnToi":null,"badDebtPercentage":null,"provisionOnBadDebt":null,"costOfFinancing":null,"equityOnTotalAsset":0.826,"equityOnLoan":null,"costToIncome":null,"equityOnLiability":4.8,"currentPayment":4.7,"quickPayment":4.1,"epsChange":0.008,"ebitdaOnStock":18392,"grossProfitMargin":0.406,"operatingProfitMargin":0.227,"postTaxMargin":0.177,"debtOnEquity":0,"debtOnAsset":0,"debtOnEbitda":0,"shortOnLongDebt":null,"assetOnEquity":1.2,"capitalBalance":2048,"cashOnEquity":0.305,"cashOnCapitalize":0.091,"cashCirculation":177,"revenueOnWorkCapital":2.7,"capexOnFixedAsset":-0.238,"revenueOnAsset":1.6,"postTaxOnPreTax":0.8,"ebitOnRevenue":0.227,"preTaxOnEbit":1,"preProvisionOnToi":null,"postTaxOnToi":null,"loanOnEarnAsset":null,"loanOnAsset":null,"loanOnDeposit":null,"depositOnEarnAsset":null,"badDebtOnAsset":null,"liquidityOnLiability":null,"payableOnEquity":0.2,"cancelDebt":null,"ebitdaOnStockChange":0,"bookValuePerShareChange":-0.093,"creditGrowth":null},{"ticker":"BMP","quarter":3,"year":2023,"priceToEarning":6,"priceToBook":2.1,"valueBeforeEbitda":5.5,"dividend":null,"roe":0.369,"roa":0.316,"daysReceivable":147,"daysInventory":66,"daysPayable":14,"ebitOnInterest":26574.6,"earningPerShare":12613,"bookValuePerShare":36219,"interestMargin":null,"nonInterestOnToi":null,"badDebtPercentage":null,"provisionOnBadDebt":null,"costOfFinancing":null,"equityOnTotalAsset":0.853,"equityOnLoan":null,"costToIncome":null,"equityOnLiability":5.8,"currentPayment":5.7,"quickPayment":4.6,"epsChange":0.034,"ebitdaOnStock":18386,"grossProfitMargin":0.43,"operatingProfitMargin":0.286,"postTaxMargin":0.225,"debtOnEquity":0,"debtOnAsset":0,"debtOnEbitda":0,"shortOnLongDebt":null,"assetOnEquity":1.2,"capitalBalance":2301,"cashOnEquity":0.228,"cashOnCapitalize":0.076,"cashCirculation":198,"revenueOnWorkCapital":2.5,"capexOnFixedAsset":-0.103,"revenueOnAsset":1.6,"postTaxOnPreTax":0.8,"ebitOnRevenue":0.286,"preTaxOnEbit":1,"preProvisionOnToi":null,"postTaxOnToi":null,"loanOnEarnAsset":null,"loanOnAsset":null,"loanOnDeposit":null,"depositOnEarnAsset":null,"badDebtOnAsset":null,"liquidityOnLiability":null,"payableOnEquity":0.2,"cancelDebt":null,"ebitdaOnStockChange":0.008,"bookValuePerShareChange":0.076,"creditGrowth":null},{"ticker":"BMP","quarter":2,"year":2023,"priceToEarning":6.7,"priceToBook":2.4,"valueBeforeEbitda":4.3,"dividend":null,"roe":0.383,"roa":0.309,"daysReceivable":121,"daysInventory":57,"daysPayable":17,"ebitOnInterest":38136.9,"earningPerShare":12202,"bookValuePerShare":33668,"interestMargin":null,"nonInterestOnToi":null,"badDebtPercentage":null,"provisionOnBadDebt":null,"costOfFinancing":null,"equityOnTotalAsset":0.782,"equityOnLoan":null,"costToIncome":null,"equityOnLiability":3.6,"currentPayment":3.7,"quickPayment":3.1,"epsChange":0.176,"ebitdaOnStock":18242,"grossProfitMargin":0.428,"operatingProfitMargin":0.277,"postTaxMargin":0.22,"debtOnEquity":0,"debtOnAsset":0,"debtOnEbitda":0,"shortOnLongDebt":null,"assetOnEquity":1.3,"capitalBalance":2053,"cashOnEquity":0.221,"cashOnCapitalize":0.088,"cashCirculation":160,"revenueOnWorkCapital":3,"capexOnFixedAsset":-0.383,"revenueOnAsset":1.8,"postTaxOnPreTax":0.8,"ebitOnRevenue":0.277,"preTaxOnEbit":1,"preProvisionOnToi":null,"postTaxOnToi":null,"loanOnEarnAsset":null,"loanOnAsset":null,"loanOnDeposit":null,"depositOnEarnAsset":null,"badDebtOnAsset":null,"liquidityOnLiability":null,"payableOnEquity":0.3,"cancelDebt":null,"ebitdaOnStockChange":0.12,"bookValuePerShareChange":-0.05,"creditGrowth":null}]