[{"ticker":"BMP","quarter":3,"year":2024,"revenue":1407,"yearRevenueGrowth":0.519,"quarterRevenueGrowth":0.22,"costOfGoodSold":-801,"grossProfit":606,"operationExpense":-200,"operationProfit":406,"yearOperationProfitGrowth":0.534,"quarterOperationProfitGrowth":0.111,"interestExpense":0,"preTaxProfit":362,"postTaxProfit":290,"shareHolderIncome":290,"yearShareHolderIncomeGrowth":0.387,"quarterShareHolderIncomeGrowth":0.033,"investProfit":null,"serviceProfit":null,"otherProfit":null,"provisionExpense":null,"operationIncome":null,"ebitda":434},{"ticker":"BMP","quarter":2,"year":2024,"revenue":1153,"yearRevenueGrowth":-0.137,"quarterRevenueGrowth":0.15,"costOfGoodSold":-648,"grossProfit":506,"operationExpense":-141,"operationProfit":365,"yearOperationProfitGrowth":-0.016,"quarterOperationProfitGrowth":0.483,"interestExpense":0,"preTaxProfit":350,"postTaxProfit":280,"shareHolderIncome":280,"yearShareHolderIncomeGrowth":-0.049,"quarterShareHolderIncomeGrowth":0.476,"investProfit":null,"serviceProfit":null,"otherProfit":null,"provisionExpense":null,"operationIncome":null,"ebitda":395},{"ticker":"BMP","quarter":1,"year":2024,"revenue":1003,"yearRevenueGrowth":-0.304,"quarterRevenueGrowth":-0.311,"costOfGoodSold":-578,"grossProfit":425,"operationExpense":-179,"operationProfit":246,"yearOperationProfitGrowth":-0.331,"quarterOperationProfitGrowth":-0.254,"interestExpense":0,"preTaxProfit":237,"postTaxProfit":190,"shareHolderIncome":190,"yearShareHolderIncomeGrowth":-0.324,"quarterShareHolderIncomeGrowth":-0.261,"investProfit":null,"serviceProfit":null,"otherProfit":null,"provisionExpense":null,"operationIncome":null,"ebitda":276},{"ticker":"BMP","quarter":4,"year":2023,"revenue":1454,"yearRevenueGrowth":0.033,"quarterRevenueGrowth":0.57,"costOfGoodSold":-864,"grossProfit":591,"operationExpense":-261,"operationProfit":330,"yearOperationProfitGrowth":-0.005,"quarterOperationProfitGrowth":0.248,"interestExpense":0,"preTaxProfit":319,"postTaxProfit":257,"shareHolderIncome":257,"yearShareHolderIncomeGrowth":0.034,"quarterShareHolderIncomeGrowth":0.23,"investProfit":null,"serviceProfit":null,"otherProfit":null,"provisionExpense":null,"operationIncome":null,"ebitda":376},{"ticker":"BMP","quarter":3,"year":2023,"revenue":926,"yearRevenueGrowth":-0.381,"quarterRevenueGrowth":-0.307,"costOfGoodSold":-528,"grossProfit":398,"operationExpense":-134,"operationProfit":264,"yearOperationProfitGrowth":0.056,"quarterOperationProfitGrowth":-0.287,"interestExpense":0,"preTaxProfit":269,"postTaxProfit":209,"shareHolderIncome":209,"yearShareHolderIncomeGrowth":0.192,"quarterShareHolderIncomeGrowth":-0.291,"investProfit":null,"serviceProfit":null,"otherProfit":null,"provisionExpense":null,"operationIncome":null,"ebitda":305},{"ticker":"BMP","quarter":2,"year":2023,"revenue":1336,"yearRevenueGrowth":-0.141,"quarterRevenueGrowth":-0.072,"costOfGoodSold":-764,"grossProfit":573,"operationExpense":-202,"operationProfit":371,"yearOperationProfitGrowth":0.761,"quarterOperationProfitGrowth":0.008,"interestExpense":0,"preTaxProfit":368,"postTaxProfit":295,"shareHolderIncome":295,"yearShareHolderIncomeGrowth":1.028,"quarterShareHolderIncomeGrowth":0.049,"investProfit":null,"serviceProfit":null,"otherProfit":null,"provisionExpense":null,"operationIncome":null,"ebitda":413}]