{"priceToEarning":{"top200AvgValue":"17.2","industryName":"Xây dựng và Vật liệu","industryAvgValue":"23.5"},"valueBeforeEbitda":{"top200AvgValue":"14.1","industryName":"Xây dựng và Vật liệu","industryAvgValue":"11.9"},"priceToBook":{"top200AvgValue":"1.8","industryName":"Xây dựng và Vật liệu","industryAvgValue":"1.2"},"dividend":{"top200AvgValue":"0","industryName":"Xây dựng và Vật liệu","industryAvgValue":"0"},"roe":{"top200AvgValue":"0.105","industryName":"Xây dựng và Vật liệu","industryAvgValue":"0.027"},"roa":{"top200AvgValue":"0.038","industryName":"Xây dựng và Vật liệu","industryAvgValue":"0.004"},"grossProfitMargin":{"top200AvgValue":"0.28","industryName":"Xây dựng và Vật liệu","industryAvgValue":"0.13"},"operatingProfitMargin":{"top200AvgValue":"0.166","industryName":"Xây dựng và Vật liệu","industryAvgValue":"0.064"},"postTaxMargin":{"top200AvgValue":"0.143","industryName":"Xây dựng và Vật liệu","industryAvgValue":"0.038"},"debtOnEquity":{"top200AvgValue":"1.3","industryName":"Xây dựng và Vật liệu","industryAvgValue":"1.8"},"debtOnAsset":{"top200AvgValue":"0.6","industryName":"Xây dựng và Vật liệu","industryAvgValue":"0.6"},"debtOnEbitda":{"top200AvgValue":"2.2","industryName":"Xây dựng và Vật liệu","industryAvgValue":"1.5"},"shortOnLongDebt":{"top200AvgValue":"1.1","industryName":"Xây dựng và Vật liệu","industryAvgValue":"2.7"},"ebitOnInterest":{"top200AvgValue":"5.6","industryName":"Xây dựng và Vật liệu","industryAvgValue":"1"},"assetOnEquity":{"top200AvgValue":"2.4","industryName":"Xây dựng và Vật liệu","industryAvgValue":"2.9"},"cashOnEquity":{"top200AvgValue":"0.107","industryName":"Xây dựng và Vật liệu","industryAvgValue":"0.055"},"cashOnCapitalize":{"top200AvgValue":"0.059","industryName":"Xây dựng và Vật liệu","industryAvgValue":"0.075"},"currentPayment":{"top200AvgValue":"1.7","industryName":"Xây dựng và Vật liệu","industryAvgValue":"1.2"},"quickPayment":{"top200AvgValue":"1.3","industryName":"Xây dựng và Vật liệu","industryAvgValue":"0.8"},"daysReceivable":{"top200AvgValue":"145","industryName":"Xây dựng và Vật liệu","industryAvgValue":"102"},"daysInventory":{"top200AvgValue":"73","industryName":"Xây dựng và Vật liệu","industryAvgValue":"157"},"daysPayable":{"top200AvgValue":"34","industryName":"Xây dựng và Vật liệu","industryAvgValue":"86"},"cashCirculation":{"top200AvgValue":"0.2","industryName":"Xây dựng và Vật liệu","industryAvgValue":"0"},"revenueOnWorkCapital":{"top200AvgValue":"2.2","industryName":"Xây dựng và Vật liệu","industryAvgValue":"2.2"},"revenueOnAsset":{"top200AvgValue":"0.5","industryName":"Xây dựng và Vật liệu","industryAvgValue":"0.4"},"ebitOnRevenue":{"top200AvgValue":"0.166","industryName":"Xây dựng và Vật liệu","industryAvgValue":"0.064"},"netDebtOnEbitda":{"top200AvgValue":"2.2","industryName":"Xây dựng và Vật liệu","industryAvgValue":"1.5"},"netDebtOnEquity":{"top200AvgValue":"0.5","industryName":"Xây dựng và Vật liệu","industryAvgValue":"0.4"},"priceToSales":{"top200AvgValue":"2.3","industryName":"Xây dựng và Vật liệu","industryAvgValue":"0.6"}}