{"exchange":"HOSE","shortName":"Nhựa Bình Minh","industryID":180,"industryIDv2":"2353","industryIdLevel2":"2300","industryIdLevel4":"2353","industry":"Xây dựng và Vật liệu","industryEn":"Construction & Materials","establishedYear":"1998","noEmployees":1145,"noShareholders":3451,"foreignPercent":0.838,"website":"http://www.binhminhplastic.com","stockRating":3.7,"deltaInWeek":0.047,"deltaInMonth":0.089,"deltaInYear":0.483,"outstandingShare":81.9,"issueShare":81.9,"companyType":"CT","ticker":"BMP"}