{"capitalize":10511,"tradeVolume":253803,"priceToEarning":10.3,"priceToBook":3.6,"valueBeforeEbitda":6.6,"dividend":0.127,"roe":0.344,"profitGrowthAvarage":0.195,"ageOfReceivable":169.7,"ageOfInventory":55.9,"payableOnEquity":0.2,"payableOnEbitda":0,"ebitOnInterest":108359.9,"shortOnLongTermPayable":null,"revenue":5017,"operationProfit":1347,"netProfit":1017,"earningPerShare":12419,"asset":3514,"liability":573,"equity":2941,"bookValuePerShare":35922,"profitMargin":null,"nonInterestOnToi":null,"loanOnDeposit":null,"creditGrowth":null,"badDebtPercentage":null,"provisionOnBadDebt":null,"customerCredit":null,"betaIndex":null,"ticker":"BMP"}