[{"ticker":"CMG","quarter":2,"year":2024,"shortAsset":3588,"cash":475,"shortInvest":1164,"shortReceivable":1607,"inventory":189,"longAsset":3716,"fixedAsset":2292,"asset":7304,"debt":3863,"shortDebt":771,"longDebt":858,"equity":3441,"capital":1904,"centralBankDeposit":null,"otherBankDeposit":null,"otherBankLoan":null,"stockInvest":null,"customerLoan":null,"badLoan":null,"provision":null,"netCustomerLoan":null,"otherAsset":null,"otherBankCredit":null,"oweOtherBank":null,"oweCentralBank":null,"valuablePaper":null,"payableInterest":null,"receivableInterest":null,"deposit":null,"otherDebt":123,"fund":null,"unDistributedIncome":0,"minorShareHolderProfit":720,"payable":3863},{"ticker":"CMG","quarter":1,"year":2024,"shortAsset":3247,"cash":526,"shortInvest":1099,"shortReceivable":1395,"inventory":117,"longAsset":3675,"fixedAsset":2368,"asset":6922,"debt":3581,"shortDebt":793,"longDebt":769,"equity":3342,"capital":1900,"centralBankDeposit":null,"otherBankDeposit":null,"otherBankLoan":null,"stockInvest":null,"customerLoan":null,"badLoan":null,"provision":null,"netCustomerLoan":null,"otherAsset":null,"otherBankCredit":null,"oweOtherBank":null,"oweCentralBank":null,"valuablePaper":null,"payableInterest":null,"receivableInterest":null,"deposit":null,"otherDebt":114,"fund":null,"unDistributedIncome":0,"minorShareHolderProfit":700,"payable":3581},{"ticker":"CMG","quarter":4,"year":2023,"shortAsset":3678,"cash":609,"shortInvest":1043,"shortReceivable":1682,"inventory":237,"longAsset":3601,"fixedAsset":2254,"asset":7279,"debt":4006,"shortDebt":949,"longDebt":820,"equity":3274,"capital":1900,"centralBankDeposit":null,"otherBankDeposit":null,"otherBankLoan":null,"stockInvest":null,"customerLoan":null,"badLoan":null,"provision":null,"netCustomerLoan":null,"otherAsset":null,"otherBankCredit":null,"oweOtherBank":null,"oweCentralBank":null,"valuablePaper":null,"payableInterest":null,"receivableInterest":null,"deposit":null,"otherDebt":135,"fund":null,"unDistributedIncome":0,"minorShareHolderProfit":669,"payable":4006},{"ticker":"CMG","quarter":3,"year":2023,"shortAsset":3316,"cash":393,"shortInvest":937,"shortReceivable":1634,"inventory":255,"longAsset":3584,"fixedAsset":2289,"asset":6900,"debt":3665,"shortDebt":874,"longDebt":756,"equity":3235,"capital":1506,"centralBankDeposit":null,"otherBankDeposit":null,"otherBankLoan":null,"stockInvest":null,"customerLoan":null,"badLoan":null,"provision":null,"netCustomerLoan":null,"otherAsset":null,"otherBankCredit":null,"oweOtherBank":null,"oweCentralBank":null,"valuablePaper":null,"payableInterest":null,"receivableInterest":null,"deposit":null,"otherDebt":100,"fund":null,"unDistributedIncome":0,"minorShareHolderProfit":675,"payable":3665},{"ticker":"CMG","quarter":2,"year":2023,"shortAsset":3235,"cash":253,"shortInvest":833,"shortReceivable":1726,"inventory":285,"longAsset":3739,"fixedAsset":2332,"asset":6974,"debt":3803,"shortDebt":854,"longDebt":720,"equity":3171,"capital":1506,"centralBankDeposit":null,"otherBankDeposit":null,"otherBankLoan":null,"stockInvest":null,"customerLoan":null,"badLoan":null,"provision":null,"netCustomerLoan":null,"otherAsset":null,"otherBankCredit":null,"oweOtherBank":null,"oweCentralBank":null,"valuablePaper":null,"payableInterest":null,"receivableInterest":null,"deposit":null,"otherDebt":91,"fund":null,"unDistributedIncome":0,"minorShareHolderProfit":662,"payable":3803},{"ticker":"CMG","quarter":1,"year":2023,"shortAsset":3536,"cash":371,"shortInvest":1238,"shortReceivable":1560,"inventory":288,"longAsset":3026,"fixedAsset":2355,"asset":6562,"debt":3439,"shortDebt":882,"longDebt":443,"equity":3123,"capital":1506,"centralBankDeposit":null,"otherBankDeposit":null,"otherBankLoan":null,"stockInvest":null,"customerLoan":null,"badLoan":null,"provision":null,"netCustomerLoan":null,"otherAsset":null,"otherBankCredit":null,"oweOtherBank":null,"oweCentralBank":null,"valuablePaper":null,"payableInterest":null,"receivableInterest":null,"deposit":null,"otherDebt":87,"fund":null,"unDistributedIncome":0,"minorShareHolderProfit":649,"payable":3439}]