[{"ticker":"CMG","quarter":2,"year":2024,"investCost":-139,"fromInvest":-183,"fromFinancial":68,"fromSale":79,"freeCashFlow":363},{"ticker":"CMG","quarter":1,"year":2024,"investCost":-39,"fromInvest":-5,"fromFinancial":-200,"fromSale":116,"freeCashFlow":409},{"ticker":"CMG","quarter":4,"year":2023,"investCost":-135,"fromInvest":-229,"fromFinancial":57,"fromSale":396,"freeCashFlow":-19},{"ticker":"CMG","quarter":4,"year":2023,"investCost":-135,"fromInvest":-229,"fromFinancial":57,"fromSale":396,"freeCashFlow":122},{"ticker":"CMG","quarter":3,"year":2023,"investCost":5,"fromInvest":77,"fromFinancial":57,"fromSale":-2,"freeCashFlow":523},{"ticker":"CMG","quarter":2,"year":2023,"investCost":-670,"fromInvest":-389,"fromFinancial":248,"fromSale":25,"freeCashFlow":-129}]