[{"ticker":"CMG","quarter":2,"year":2024,"priceToEarning":30.6,"priceToBook":3.6,"valueBeforeEbitda":15.5,"dividend":null,"roe":0.124,"roa":0.045,"daysReceivable":22,"daysInventory":15,"daysPayable":59,"ebitOnInterest":5.6,"earningPerShare":1703,"bookValuePerShare":14287,"interestMargin":null,"nonInterestOnToi":null,"badDebtPercentage":null,"provisionOnBadDebt":null,"costOfFinancing":null,"equityOnTotalAsset":0.372,"equityOnLoan":null,"costToIncome":null,"equityOnLiability":0.9,"currentPayment":1.2,"quickPayment":1.2,"epsChange":-0.002,"ebitdaOnStock":4453,"grossProfitMargin":0.189,"operatingProfitMargin":0.057,"postTaxMargin":0.046,"debtOnEquity":0.5,"debtOnAsset":0.2,"debtOnEbitda":2.1,"shortOnLongDebt":0.9,"assetOnEquity":2.7,"capitalBalance":661,"cashOnEquity":0.138,"cashOnCapitalize":0.048,"cashCirculation":-22,"revenueOnWorkCapital":16.3,"capexOnFixedAsset":-0.133,"revenueOnAsset":1,"postTaxOnPreTax":0.7,"ebitOnRevenue":0.057,"preTaxOnEbit":1.1,"preProvisionOnToi":null,"postTaxOnToi":null,"loanOnEarnAsset":null,"loanOnAsset":null,"loanOnDeposit":null,"depositOnEarnAsset":null,"badDebtOnAsset":null,"liquidityOnLiability":null,"payableOnEquity":1.1,"cancelDebt":null,"ebitdaOnStockChange":0.016,"bookValuePerShareChange":0.03,"creditGrowth":null},{"ticker":"CMG","quarter":1,"year":2024,"priceToEarning":23.4,"priceToBook":2.9,"valueBeforeEbitda":16.5,"dividend":null,"roe":0.127,"roa":0.048,"daysReceivable":28,"daysInventory":12,"daysPayable":49,"ebitOnInterest":3.6,"earningPerShare":1706,"bookValuePerShare":13871,"interestMargin":null,"nonInterestOnToi":null,"badDebtPercentage":null,"provisionOnBadDebt":null,"costOfFinancing":null,"equityOnTotalAsset":0.382,"equityOnLoan":null,"costToIncome":null,"equityOnLiability":0.9,"currentPayment":1.2,"quickPayment":1.1,"epsChange":0.002,"ebitdaOnStock":4382,"grossProfitMargin":0.202,"operatingProfitMargin":0.035,"postTaxMargin":0.026,"debtOnEquity":0.5,"debtOnAsset":0.2,"debtOnEbitda":1.9,"shortOnLongDebt":1,"assetOnEquity":2.6,"capitalBalance":515,"cashOnEquity":0.157,"cashOnCapitalize":0.05,"cashCirculation":-9,"revenueOnWorkCapital":13.1,"capexOnFixedAsset":-0.355,"revenueOnAsset":1.1,"postTaxOnPreTax":0.6,"ebitOnRevenue":0.035,"preTaxOnEbit":1.3,"preProvisionOnToi":null,"postTaxOnToi":null,"loanOnEarnAsset":null,"loanOnAsset":null,"loanOnDeposit":null,"depositOnEarnAsset":null,"badDebtOnAsset":null,"liquidityOnLiability":null,"payableOnEquity":1.1,"cancelDebt":null,"ebitdaOnStockChange":0.005,"bookValuePerShareChange":0.014,"creditGrowth":null},{"ticker":"CMG","quarter":4,"year":2023,"priceToEarning":25.5,"priceToBook":3.2,"valueBeforeEbitda":14,"dividend":null,"roe":0.129,"roa":0.046,"daysReceivable":37,"daysInventory":15,"daysPayable":51,"ebitOnInterest":6.3,"earningPerShare":1703,"bookValuePerShare":13677,"interestMargin":null,"nonInterestOnToi":null,"badDebtPercentage":null,"provisionOnBadDebt":null,"costOfFinancing":null,"equityOnTotalAsset":0.358,"equityOnLoan":null,"costToIncome":null,"equityOnLiability":0.8,"currentPayment":1.2,"quickPayment":1.1,"epsChange":0.06,"ebitdaOnStock":4358,"grossProfitMargin":0.192,"operatingProfitMargin":0.074,"postTaxMargin":0.061,"debtOnEquity":0.5,"debtOnAsset":0.2,"debtOnEbitda":2.1,"shortOnLongDebt":1.2,"assetOnEquity":2.8,"capitalBalance":583,"cashOnEquity":0.186,"cashOnCapitalize":0.072,"cashCirculation":1,"revenueOnWorkCapital":10,"capexOnFixedAsset":-0.379,"revenueOnAsset":1.1,"postTaxOnPreTax":0.7,"ebitOnRevenue":0.074,"preTaxOnEbit":1.1,"preProvisionOnToi":null,"postTaxOnToi":null,"loanOnEarnAsset":null,"loanOnAsset":null,"loanOnDeposit":null,"depositOnEarnAsset":null,"badDebtOnAsset":null,"liquidityOnLiability":null,"payableOnEquity":1.2,"cancelDebt":null,"ebitdaOnStockChange":-0.08,"bookValuePerShareChange":0.017,"creditGrowth":null},{"ticker":"CMG","quarter":3,"year":2023,"priceToEarning":23.3,"priceToBook":2.8,"valueBeforeEbitda":13.4,"dividend":null,"roe":0.125,"roa":0.046,"daysReceivable":27,"daysInventory":19,"daysPayable":48,"ebitOnInterest":2.4,"earningPerShare":1606,"bookValuePerShare":13447,"interestMargin":null,"nonInterestOnToi":null,"badDebtPercentage":null,"provisionOnBadDebt":null,"costOfFinancing":null,"equityOnTotalAsset":0.371,"equityOnLoan":null,"costToIncome":null,"equityOnLiability":0.9,"currentPayment":1.2,"quickPayment":1.1,"epsChange":-0.027,"ebitdaOnStock":4738,"grossProfitMargin":0.175,"operatingProfitMargin":0.038,"postTaxMargin":0.038,"debtOnEquity":0.5,"debtOnAsset":0.2,"debtOnEbitda":2.1,"shortOnLongDebt":1.2,"assetOnEquity":2.7,"capitalBalance":490,"cashOnEquity":0.122,"cashOnCapitalize":0.052,"cashCirculation":-2,"revenueOnWorkCapital":13.5,"capexOnFixedAsset":-0.404,"revenueOnAsset":1.1,"postTaxOnPreTax":0.8,"ebitOnRevenue":0.038,"preTaxOnEbit":1.3,"preProvisionOnToi":null,"postTaxOnToi":null,"loanOnEarnAsset":null,"loanOnAsset":null,"loanOnDeposit":null,"depositOnEarnAsset":null,"badDebtOnAsset":null,"liquidityOnLiability":null,"payableOnEquity":1.1,"cancelDebt":null,"ebitdaOnStockChange":-0.176,"bookValuePerShareChange":0.02,"creditGrowth":null},{"ticker":"CMG","quarter":2,"year":2023,"priceToEarning":21.9,"priceToBook":2.7,"valueBeforeEbitda":11.7,"dividend":null,"roe":0.131,"roa":0.047,"daysReceivable":22,"daysInventory":18,"daysPayable":53,"ebitOnInterest":4.8,"earningPerShare":1651,"bookValuePerShare":13179,"interestMargin":null,"nonInterestOnToi":null,"badDebtPercentage":null,"provisionOnBadDebt":null,"costOfFinancing":null,"equityOnTotalAsset":0.36,"equityOnLoan":null,"costToIncome":null,"equityOnLiability":0.8,"currentPayment":1.1,"quickPayment":1,"epsChange":0.013,"ebitdaOnStock":5747,"grossProfitMargin":0.172,"operatingProfitMargin":0.055,"postTaxMargin":0.047,"debtOnEquity":0.5,"debtOnAsset":0.2,"debtOnEbitda":2,"shortOnLongDebt":1.2,"assetOnEquity":2.8,"capitalBalance":240,"cashOnEquity":0.08,"cashOnCapitalize":0.037,"cashCirculation":-13,"revenueOnWorkCapital":16.7,"capexOnFixedAsset":-0.486,"revenueOnAsset":1.2,"postTaxOnPreTax":0.8,"ebitOnRevenue":0.055,"preTaxOnEbit":1.1,"preProvisionOnToi":null,"postTaxOnToi":null,"loanOnEarnAsset":null,"loanOnAsset":null,"loanOnDeposit":null,"depositOnEarnAsset":null,"badDebtOnAsset":null,"liquidityOnLiability":null,"payableOnEquity":1.2,"cancelDebt":null,"ebitdaOnStockChange":0.026,"bookValuePerShareChange":0.014,"creditGrowth":null},{"ticker":"CMG","quarter":1,"year":2023,"priceToEarning":19.1,"priceToBook":2.4,"valueBeforeEbitda":12.2,"dividend":null,"roe":0.134,"roa":0.048,"daysReceivable":36,"daysInventory":22,"daysPayable":48,"ebitOnInterest":1.7,"earningPerShare":1630,"bookValuePerShare":12992,"interestMargin":null,"nonInterestOnToi":null,"badDebtPercentage":null,"provisionOnBadDebt":null,"costOfFinancing":null,"equityOnTotalAsset":0.377,"equityOnLoan":null,"costToIncome":null,"equityOnLiability":0.9,"currentPayment":1.2,"quickPayment":1.1,"epsChange":0.031,"ebitdaOnStock":5601,"grossProfitMargin":0.193,"operatingProfitMargin":0.029,"postTaxMargin":0.023,"debtOnEquity":0.4,"debtOnAsset":0.2,"debtOnEbitda":2,"shortOnLongDebt":2,"assetOnEquity":2.7,"capitalBalance":605,"cashOnEquity":0.119,"cashOnCapitalize":0.051,"cashCirculation":10,"revenueOnWorkCapital":10.1,"capexOnFixedAsset":-0.211,"revenueOnAsset":1.2,"postTaxOnPreTax":0.8,"ebitOnRevenue":0.029,"preTaxOnEbit":1.1,"preProvisionOnToi":null,"postTaxOnToi":null,"loanOnEarnAsset":null,"loanOnAsset":null,"loanOnDeposit":null,"depositOnEarnAsset":null,"badDebtOnAsset":null,"liquidityOnLiability":null,"payableOnEquity":1.1,"cancelDebt":null,"ebitdaOnStockChange":-0.014,"bookValuePerShareChange":0.018,"creditGrowth":null}]