[{"ticker":"CMG","quarter":2,"year":2024,"revenue":1793,"yearRevenueGrowth":0.012,"quarterRevenueGrowth":0.088,"costOfGoodSold":-1454,"grossProfit":339,"operationExpense":-237,"operationProfit":102,"yearOperationProfitGrowth":0.041,"quarterOperationProfitGrowth":0.777,"interestExpense":-18,"preTaxProfit":113,"postTaxProfit":97,"shareHolderIncome":83,"yearShareHolderIncomeGrowth":-0.008,"quarterShareHolderIncomeGrowth":0.914,"investProfit":null,"serviceProfit":null,"otherProfit":null,"provisionExpense":null,"operationIncome":null,"ebitda":199},{"ticker":"CMG","quarter":1,"year":2024,"revenue":1649,"yearRevenueGrowth":-0.099,"quarterRevenueGrowth":-0.221,"costOfGoodSold":-1316,"grossProfit":333,"operationExpense":-275,"operationProfit":58,"yearOperationProfitGrowth":0.086,"quarterOperationProfitGrowth":-0.633,"interestExpense":-16,"preTaxProfit":77,"postTaxProfit":60,"shareHolderIncome":43,"yearShareHolderIncomeGrowth":0.013,"quarterShareHolderIncomeGrowth":-0.666,"investProfit":null,"serviceProfit":null,"otherProfit":null,"provisionExpense":null,"operationIncome":null,"ebitda":159},{"ticker":"CMG","quarter":4,"year":2023,"revenue":2117,"yearRevenueGrowth":-0.081,"quarterRevenueGrowth":0.185,"costOfGoodSold":-1710,"grossProfit":407,"operationExpense":-250,"operationProfit":157,"yearOperationProfitGrowth":0.173,"quarterOperationProfitGrowth":1.298,"interestExpense":-25,"preTaxProfit":174,"postTaxProfit":153,"shareHolderIncome":130,"yearShareHolderIncomeGrowth":0.166,"quarterShareHolderIncomeGrowth":0.926,"investProfit":null,"serviceProfit":null,"otherProfit":null,"provisionExpense":null,"operationIncome":null,"ebitda":245},{"ticker":"CMG","quarter":3,"year":2023,"revenue":1786,"yearRevenueGrowth":-0.02,"quarterRevenueGrowth":0.008,"costOfGoodSold":-1473,"grossProfit":313,"operationExpense":-245,"operationProfit":68,"yearOperationProfitGrowth":-0.346,"quarterOperationProfitGrowth":-0.306,"interestExpense":-29,"preTaxProfit":88,"postTaxProfit":81,"shareHolderIncome":68,"yearShareHolderIncomeGrowth":-0.113,"quarterShareHolderIncomeGrowth":-0.195,"investProfit":null,"serviceProfit":null,"otherProfit":null,"provisionExpense":null,"operationIncome":null,"ebitda":156},{"ticker":"CMG","quarter":2,"year":2023,"revenue":1771,"yearRevenueGrowth":0.036,"quarterRevenueGrowth":-0.032,"costOfGoodSold":-1467,"grossProfit":305,"operationExpense":-206,"operationProfit":98,"yearOperationProfitGrowth":-0.066,"quarterOperationProfitGrowth":0.855,"interestExpense":-20,"preTaxProfit":110,"postTaxProfit":97,"shareHolderIncome":84,"yearShareHolderIncomeGrowth":0.05,"quarterShareHolderIncomeGrowth":0.956,"investProfit":null,"serviceProfit":null,"otherProfit":null,"provisionExpense":null,"operationIncome":null,"ebitda":186},{"ticker":"CMG","quarter":1,"year":2023,"revenue":1831,"yearRevenueGrowth":0.031,"quarterRevenueGrowth":-0.205,"costOfGoodSold":-1478,"grossProfit":353,"operationExpense":-300,"operationProfit":53,"yearOperationProfitGrowth":-0.268,"quarterOperationProfitGrowth":-0.604,"interestExpense":-31,"preTaxProfit":56,"postTaxProfit":49,"shareHolderIncome":43,"yearShareHolderIncomeGrowth":0.276,"quarterShareHolderIncomeGrowth":-0.616,"investProfit":null,"serviceProfit":null,"otherProfit":null,"provisionExpense":null,"operationIncome":null,"ebitda":154}]