{"priceToEarning":{"top200AvgValue":"17.2","industryName":"Công nghệ Thông tin","industryAvgValue":"28.6"},"valueBeforeEbitda":{"top200AvgValue":"14.1","industryName":"Công nghệ Thông tin","industryAvgValue":"18.2"},"priceToBook":{"top200AvgValue":"1.8","industryName":"Công nghệ Thông tin","industryAvgValue":"4.5"},"dividend":{"top200AvgValue":"0","industryName":"Công nghệ Thông tin","industryAvgValue":"0"},"roe":{"top200AvgValue":"0.105","industryName":"Công nghệ Thông tin","industryAvgValue":"0.016"},"roa":{"top200AvgValue":"0.038","industryName":"Công nghệ Thông tin","industryAvgValue":"0.005"},"grossProfitMargin":{"top200AvgValue":"0.28","industryName":"Công nghệ Thông tin","industryAvgValue":"0.116"},"operatingProfitMargin":{"top200AvgValue":"0.166","industryName":"Công nghệ Thông tin","industryAvgValue":"0.031"},"postTaxMargin":{"top200AvgValue":"0.143","industryName":"Công nghệ Thông tin","industryAvgValue":"0.028"},"debtOnEquity":{"top200AvgValue":"1.3","industryName":"Công nghệ Thông tin","industryAvgValue":"1.2"},"debtOnAsset":{"top200AvgValue":"0.6","industryName":"Công nghệ Thông tin","industryAvgValue":"0.5"},"debtOnEbitda":{"top200AvgValue":"2.2","industryName":"Công nghệ Thông tin","industryAvgValue":"2.6"},"shortOnLongDebt":{"top200AvgValue":"1.1","industryName":"Công nghệ Thông tin","industryAvgValue":"6.5"},"ebitOnInterest":{"top200AvgValue":"5.6","industryName":"Công nghệ Thông tin","industryAvgValue":"1.3"},"assetOnEquity":{"top200AvgValue":"2.4","industryName":"Công nghệ Thông tin","industryAvgValue":"2.3"},"cashOnEquity":{"top200AvgValue":"0.107","industryName":"Công nghệ Thông tin","industryAvgValue":"0.128"},"cashOnCapitalize":{"top200AvgValue":"0.059","industryName":"Công nghệ Thông tin","industryAvgValue":"0.165"},"currentPayment":{"top200AvgValue":"1.7","industryName":"Công nghệ Thông tin","industryAvgValue":"1.6"},"quickPayment":{"top200AvgValue":"1.3","industryName":"Công nghệ Thông tin","industryAvgValue":"1.2"},"daysReceivable":{"top200AvgValue":"145","industryName":"Công nghệ Thông tin","industryAvgValue":"138"},"daysInventory":{"top200AvgValue":"73","industryName":"Công nghệ Thông tin","industryAvgValue":"75"},"daysPayable":{"top200AvgValue":"34","industryName":"Công nghệ Thông tin","industryAvgValue":"56"},"cashCirculation":{"top200AvgValue":"0.2","industryName":"Công nghệ Thông tin","industryAvgValue":"0.2"},"revenueOnWorkCapital":{"top200AvgValue":"2.2","industryName":"Công nghệ Thông tin","industryAvgValue":"2.6"},"revenueOnAsset":{"top200AvgValue":"0.5","industryName":"Công nghệ Thông tin","industryAvgValue":"0.9"},"ebitOnRevenue":{"top200AvgValue":"0.166","industryName":"Công nghệ Thông tin","industryAvgValue":"0.031"},"netDebtOnEbitda":{"top200AvgValue":"2.2","industryName":"Công nghệ Thông tin","industryAvgValue":"2.6"},"netDebtOnEquity":{"top200AvgValue":"0.5","industryName":"Công nghệ Thông tin","industryAvgValue":"0.4"},"priceToSales":{"top200AvgValue":"2.3","industryName":"Công nghệ Thông tin","industryAvgValue":"0.5"}}