{"capitalize":9920,"tradeVolume":406925,"priceToEarning":30.6,"priceToBook":3.6,"valueBeforeEbitda":15.5,"dividend":0,"roe":0.124,"profitGrowthAvarage":0.187,"ageOfReceivable":22.4,"ageOfInventory":14.5,"payableOnEquity":1.1,"payableOnEbitda":2.1,"ebitOnInterest":5.6,"shortOnLongTermPayable":0.9,"revenue":7345,"operationProfit":385,"netProfit":324,"earningPerShare":1703,"asset":7304,"liability":3863,"equity":3441,"bookValuePerShare":14287,"profitMargin":null,"nonInterestOnToi":null,"loanOnDeposit":null,"creditGrowth":null,"badDebtPercentage":null,"provisionOnBadDebt":null,"customerCredit":null,"betaIndex":null,"ticker":"CMG"}