[{"ticker":"GEX","quarter":2,"year":2024,"shortAsset":22400,"cash":4316,"shortInvest":3945,"shortReceivable":3697,"inventory":9290,"longAsset":30041,"fixedAsset":13215,"asset":52441,"debt":30163,"shortDebt":9214,"longDebt":8114,"equity":22278,"capital":8515,"centralBankDeposit":null,"otherBankDeposit":null,"otherBankLoan":null,"stockInvest":null,"customerLoan":null,"badLoan":null,"provision":null,"netCustomerLoan":null,"otherAsset":null,"otherBankCredit":null,"oweOtherBank":null,"oweCentralBank":null,"valuablePaper":null,"payableInterest":null,"receivableInterest":null,"deposit":null,"otherDebt":1061,"fund":null,"unDistributedIncome":0,"minorShareHolderProfit":9012,"payable":30163},{"ticker":"GEX","quarter":1,"year":2024,"shortAsset":19475,"cash":3212,"shortInvest":3186,"shortReceivable":3673,"inventory":8358,"longAsset":34419,"fixedAsset":18502,"asset":53893,"debt":32459,"shortDebt":9278,"longDebt":10770,"equity":21434,"capital":8515,"centralBankDeposit":null,"otherBankDeposit":null,"otherBankLoan":null,"stockInvest":null,"customerLoan":null,"badLoan":null,"provision":null,"netCustomerLoan":null,"otherAsset":null,"otherBankCredit":null,"oweOtherBank":null,"oweCentralBank":null,"valuablePaper":null,"payableInterest":null,"receivableInterest":null,"deposit":null,"otherDebt":1888,"fund":null,"unDistributedIncome":0,"minorShareHolderProfit":8975,"payable":32459},{"ticker":"GEX","quarter":4,"year":2023,"shortAsset":20261,"cash":3316,"shortInvest":4120,"shortReceivable":3425,"inventory":8325,"longAsset":34815,"fixedAsset":18799,"asset":55076,"debt":33852,"shortDebt":9863,"longDebt":10127,"equity":21225,"capital":8515,"centralBankDeposit":null,"otherBankDeposit":null,"otherBankLoan":null,"stockInvest":null,"customerLoan":null,"badLoan":null,"provision":null,"netCustomerLoan":null,"otherAsset":null,"otherBankCredit":null,"oweOtherBank":null,"oweCentralBank":null,"valuablePaper":null,"payableInterest":null,"receivableInterest":null,"deposit":null,"otherDebt":2215,"fund":null,"unDistributedIncome":0,"minorShareHolderProfit":8872,"payable":33852},{"ticker":"GEX","quarter":3,"year":2023,"shortAsset":20591,"cash":3895,"shortInvest":2812,"shortReceivable":4443,"inventory":8489,"longAsset":33693,"fixedAsset":18418,"asset":54284,"debt":32666,"shortDebt":8254,"longDebt":10580,"equity":21617,"capital":8515,"centralBankDeposit":null,"otherBankDeposit":null,"otherBankLoan":null,"stockInvest":null,"customerLoan":null,"badLoan":null,"provision":null,"netCustomerLoan":null,"otherAsset":null,"otherBankCredit":null,"oweOtherBank":null,"oweCentralBank":null,"valuablePaper":null,"payableInterest":null,"receivableInterest":null,"deposit":null,"otherDebt":2307,"fund":null,"unDistributedIncome":0,"minorShareHolderProfit":9244,"payable":32666},{"ticker":"GEX","quarter":2,"year":2023,"shortAsset":19907,"cash":3644,"shortInvest":3225,"shortReceivable":3883,"inventory":8231,"longAsset":32530,"fixedAsset":17946,"asset":52438,"debt":31035,"shortDebt":7430,"longDebt":10411,"equity":21403,"capital":8515,"centralBankDeposit":null,"otherBankDeposit":null,"otherBankLoan":null,"stockInvest":null,"customerLoan":null,"badLoan":null,"provision":null,"netCustomerLoan":null,"otherAsset":null,"otherBankCredit":null,"oweOtherBank":null,"oweCentralBank":null,"valuablePaper":null,"payableInterest":null,"receivableInterest":null,"deposit":null,"otherDebt":1435,"fund":null,"unDistributedIncome":0,"minorShareHolderProfit":9152,"payable":31035},{"ticker":"GEX","quarter":1,"year":2023,"shortAsset":20196,"cash":4066,"shortInvest":2423,"shortReceivable":4345,"inventory":8410,"longAsset":32422,"fixedAsset":17623,"asset":52619,"debt":31588,"shortDebt":8366,"longDebt":9947,"equity":21030,"capital":8515,"centralBankDeposit":null,"otherBankDeposit":null,"otherBankLoan":null,"stockInvest":null,"customerLoan":null,"badLoan":null,"provision":null,"netCustomerLoan":null,"otherAsset":null,"otherBankCredit":null,"oweOtherBank":null,"oweCentralBank":null,"valuablePaper":null,"payableInterest":null,"receivableInterest":null,"deposit":null,"otherDebt":1397,"fund":null,"unDistributedIncome":0,"minorShareHolderProfit":9051,"payable":31588}]