[{"ticker":"GEX","quarter":2,"year":2024,"investCost":-545,"fromInvest":1933,"fromFinancial":200,"fromSale":-1032,"freeCashFlow":2410},{"ticker":"GEX","quarter":1,"year":2024,"investCost":-809,"fromInvest":-731,"fromFinancial":13,"fromSale":619,"freeCashFlow":2056},{"ticker":"GEX","quarter":4,"year":2023,"investCost":-1458,"fromInvest":-1517,"fromFinancial":741,"fromSale":197,"freeCashFlow":-1272},{"ticker":"GEX","quarter":3,"year":2023,"investCost":-1446,"fromInvest":-2043,"fromFinancial":1009,"fromSale":1286,"freeCashFlow":432},{"ticker":"GEX","quarter":2,"year":2023,"investCost":-1264,"fromInvest":-2541,"fromFinancial":-589,"fromSale":2707,"freeCashFlow":-572},{"ticker":"GEX","quarter":1,"year":2023,"investCost":-1196,"fromInvest":-845,"fromFinancial":1456,"fromSale":300,"freeCashFlow":674}]