{"OriginStock":{"Cumulative_Return_3_Month":-0.0889,"Cumulative_Return_6_Month":0.054,"Cumulative_Return_12_Month":0.0302,"Volatility_12_Month":0.3589,"SharpeRatio_3_Month":-1.3846,"SharpeRatio_6_Month":0.3034,"SharpeRatio_12_Month":0.0095,"Maximum_Drawdown_12_Month":0.2373},"SimilarStock":[{"correlation":0.239,"beta":0.509,"pe":24.036,"price_volatility_1_month_compareWith_VNINDEX":0.068,"price_volatility_3_month_compareWith_VNINDEX":0.013,"price_volatility_6_month_compareWith_VNINDEX":0.283,"companyName":"Tổng Công ty Cảng Hàng không Việt Nam - CTCP","industryName":"Hàng & Dịch vụ Công nghiệp","exchangeName":"UpCom","ticker":"ACV"},{"correlation":0.366,"beta":0.276,"pe":9.295,"price_volatility_1_month_compareWith_VNINDEX":-0.003,"price_volatility_3_month_compareWith_VNINDEX":-0.032,"price_volatility_6_month_compareWith_VNINDEX":0.145,"companyName":"Tổng Công ty Máy động lực và Máy nông nghiệp Việt Nam - CTCP","industryName":"Hàng & Dịch vụ Công nghiệp","exchangeName":"UpCom","ticker":"VEA"},{"correlation":0.064,"beta":0.126,"pe":24.209,"price_volatility_1_month_compareWith_VNINDEX":-0.05,"price_volatility_3_month_compareWith_VNINDEX":-0.179,"price_volatility_6_month_compareWith_VNINDEX":0.998,"companyName":"Tổng Công ty Hàng hải Việt Nam - CTCP","industryName":"Hàng & Dịch vụ Công nghiệp","exchangeName":"UpCom","ticker":"MVN"},{"correlation":0.401,"beta":0.904,"pe":17.71,"price_volatility_1_month_compareWith_VNINDEX":-0.086,"price_volatility_3_month_compareWith_VNINDEX":-0.127,"price_volatility_6_month_compareWith_VNINDEX":-0.162,"companyName":"Công ty Cổ phần Gemadept","industryName":"Hàng & Dịch vụ Công nghiệp","exchangeName":"HOSE","ticker":"GMD"},{"correlation":0.55,"beta":1.585,"pe":29.934,"price_volatility_1_month_compareWith_VNINDEX":0.167,"price_volatility_3_month_compareWith_VNINDEX":0.09,"price_volatility_6_month_compareWith_VNINDEX":0.217,"companyName":"Tổng Công ty Cổ phần Bưu chính Viettel","industryName":"Hàng & Dịch vụ Công nghiệp","exchangeName":"HOSE","ticker":"VTP"},{"correlation":0.038,"beta":0.228,"pe":8.454,"price_volatility_1_month_compareWith_VNINDEX":0.017,"price_volatility_3_month_compareWith_VNINDEX":-0.194,"price_volatility_6_month_compareWith_VNINDEX":0.109,"companyName":"Công ty Cổ phần Điện lực Gelex","industryName":"Hàng & Dịch vụ Công nghiệp","exchangeName":"HOSE","ticker":"GEE"},{"correlation":0.635,"beta":1.162,"pe":9.965,"price_volatility_1_month_compareWith_VNINDEX":0.003,"price_volatility_3_month_compareWith_VNINDEX":-0.036,"price_volatility_6_month_compareWith_VNINDEX":0.066,"companyName":"Tổng Công ty Cổ phần Vận tải Dầu khí","industryName":"Hàng & Dịch vụ Công nghiệp","exchangeName":"HOSE","ticker":"PVT"},{"correlation":0.223,"beta":0.337,"pe":15.939,"price_volatility_1_month_compareWith_VNINDEX":-0.002,"price_volatility_3_month_compareWith_VNINDEX":-0.025,"price_volatility_6_month_compareWith_VNINDEX":0.239,"companyName":"Công ty Cổ phần Cảng Hải Phòng","industryName":"Hàng & Dịch vụ Công nghiệp","exchangeName":"UpCom","ticker":"PHP"},{"correlation":0.086,"beta":0.217,"pe":32.364,"price_volatility_1_month_compareWith_VNINDEX":-0.035,"price_volatility_3_month_compareWith_VNINDEX":-0.035,"price_volatility_6_month_compareWith_VNINDEX":-0.209,"companyName":"Công ty Cổ phần Transimex","industryName":"Hàng & Dịch vụ Công nghiệp","exchangeName":"HOSE","ticker":"TMS"},{"correlation":0.178,"beta":0.444,"pe":18.617,"price_volatility_1_month_compareWith_VNINDEX":-0.087,"price_volatility_3_month_compareWith_VNINDEX":-0.107,"price_volatility_6_month_compareWith_VNINDEX":0.217,"companyName":"Công ty Cổ phần Cảng Sài Gòn","industryName":"Hàng & Dịch vụ Công nghiệp","exchangeName":"UpCom","ticker":"SGP"}]}