[{"ticker":"GEX","quarter":2,"year":2024,"priceToEarning":16.6,"priceToBook":1.3,"valueBeforeEbitda":6.6,"dividend":null,"roe":0.083,"roa":0.02,"daysReceivable":55,"daysInventory":127,"daysPayable":38,"ebitOnInterest":2.9,"earningPerShare":1233,"bookValuePerShare":15435,"interestMargin":null,"nonInterestOnToi":null,"badDebtPercentage":null,"provisionOnBadDebt":null,"costOfFinancing":null,"equityOnTotalAsset":0.253,"equityOnLoan":null,"costToIncome":null,"equityOnLiability":0.7,"currentPayment":1.3,"quickPayment":0.8,"epsChange":0.993,"ebitdaOnStock":7019,"grossProfitMargin":0.181,"operatingProfitMargin":0.095,"postTaxMargin":0.103,"debtOnEquity":0.8,"debtOnAsset":0.3,"debtOnEbitda":2.9,"shortOnLongDebt":1.1,"assetOnEquity":4,"capitalBalance":5609,"cashOnEquity":0.194,"cashOnCapitalize":0.245,"cashCirculation":143,"revenueOnWorkCapital":6.6,"capexOnFixedAsset":-0.273,"revenueOnAsset":0.6,"postTaxOnPreTax":0.6,"ebitOnRevenue":0.095,"preTaxOnEbit":1.8,"preProvisionOnToi":null,"postTaxOnToi":null,"loanOnEarnAsset":null,"loanOnAsset":null,"loanOnDeposit":null,"depositOnEarnAsset":null,"badDebtOnAsset":null,"liquidityOnLiability":null,"payableOnEquity":1.4,"cancelDebt":null,"ebitdaOnStockChange":-0.124,"bookValuePerShareChange":0.065,"creditGrowth":null},{"ticker":"GEX","quarter":1,"year":2024,"priceToEarning":40.2,"priceToBook":1.7,"valueBeforeEbitda":6.6,"dividend":null,"roe":0.044,"roa":0.01,"daysReceivable":34,"daysInventory":123,"daysPayable":34,"ebitOnInterest":2.1,"earningPerShare":618,"bookValuePerShare":14497,"interestMargin":null,"nonInterestOnToi":null,"badDebtPercentage":null,"provisionOnBadDebt":null,"costOfFinancing":null,"equityOnTotalAsset":0.231,"equityOnLoan":null,"costToIncome":null,"equityOnLiability":0.7,"currentPayment":1.2,"quickPayment":0.7,"epsChange":0.607,"ebitdaOnStock":8014,"grossProfitMargin":0.18,"operatingProfitMargin":0.096,"postTaxMargin":0.016,"debtOnEquity":0.9,"debtOnAsset":0.4,"debtOnEbitda":2.8,"shortOnLongDebt":0.9,"assetOnEquity":4.3,"capitalBalance":2719,"cashOnEquity":0.15,"cashOnCapitalize":0.167,"cashCirculation":124,"revenueOnWorkCapital":10.7,"capexOnFixedAsset":-0.276,"revenueOnAsset":0.6,"postTaxOnPreTax":0.3,"ebitOnRevenue":0.096,"preTaxOnEbit":0.6,"preProvisionOnToi":null,"postTaxOnToi":null,"loanOnEarnAsset":null,"loanOnAsset":null,"loanOnDeposit":null,"depositOnEarnAsset":null,"badDebtOnAsset":null,"liquidityOnLiability":null,"payableOnEquity":1.5,"cancelDebt":null,"ebitdaOnStockChange":-0.024,"bookValuePerShareChange":0.009,"creditGrowth":null},{"ticker":"GEX","quarter":4,"year":2023,"priceToEarning":61.3,"priceToBook":1.6,"valueBeforeEbitda":5.9,"dividend":null,"roe":0.027,"roa":0.006,"daysReceivable":25,"daysInventory":130,"daysPayable":43,"ebitOnInterest":1,"earningPerShare":385,"bookValuePerShare":14373,"interestMargin":null,"nonInterestOnToi":null,"badDebtPercentage":null,"provisionOnBadDebt":null,"costOfFinancing":null,"equityOnTotalAsset":0.224,"equityOnLoan":null,"costToIncome":null,"equityOnLiability":0.6,"currentPayment":1.1,"quickPayment":0.6,"epsChange":-0.239,"ebitdaOnStock":8211,"grossProfitMargin":0.143,"operatingProfitMargin":0.04,"postTaxMargin":null,"debtOnEquity":0.9,"debtOnAsset":0.4,"debtOnEbitda":2.6,"shortOnLongDebt":1,"assetOnEquity":4.5,"capitalBalance":1544,"cashOnEquity":0.156,"cashOnCapitalize":0.191,"cashCirculation":112,"revenueOnWorkCapital":14.6,"capexOnFixedAsset":-0.3,"revenueOnAsset":0.6,"postTaxOnPreTax":null,"ebitOnRevenue":0.04,"preTaxOnEbit":0,"preProvisionOnToi":null,"postTaxOnToi":null,"loanOnEarnAsset":null,"loanOnAsset":null,"loanOnDeposit":null,"depositOnEarnAsset":null,"badDebtOnAsset":null,"liquidityOnLiability":null,"payableOnEquity":1.6,"cancelDebt":null,"ebitdaOnStockChange":-0.028,"bookValuePerShareChange":-0.002,"creditGrowth":null},{"ticker":"GEX","quarter":3,"year":2023,"priceToEarning":41.1,"priceToBook":1.4,"valueBeforeEbitda":6,"dividend":null,"roe":0.035,"roa":0.008,"daysReceivable":42,"daysInventory":140,"daysPayable":44,"ebitOnInterest":2,"earningPerShare":506,"bookValuePerShare":14397,"interestMargin":null,"nonInterestOnToi":null,"badDebtPercentage":null,"provisionOnBadDebt":null,"costOfFinancing":null,"equityOnTotalAsset":0.228,"equityOnLoan":null,"costToIncome":null,"equityOnLiability":0.7,"currentPayment":1.2,"quickPayment":0.7,"epsChange":0.328,"ebitdaOnStock":8452,"grossProfitMargin":0.186,"operatingProfitMargin":0.097,"postTaxMargin":0.016,"debtOnEquity":0.9,"debtOnAsset":0.3,"debtOnEbitda":2.5,"shortOnLongDebt":0.8,"assetOnEquity":4.4,"capitalBalance":3119,"cashOnEquity":0.18,"cashOnCapitalize":0.209,"cashCirculation":139,"revenueOnWorkCapital":8.6,"capexOnFixedAsset":-0.329,"revenueOnAsset":0.5,"postTaxOnPreTax":0.3,"ebitOnRevenue":0.097,"preTaxOnEbit":0.5,"preProvisionOnToi":null,"postTaxOnToi":null,"loanOnEarnAsset":null,"loanOnAsset":null,"loanOnDeposit":null,"depositOnEarnAsset":null,"badDebtOnAsset":null,"liquidityOnLiability":null,"payableOnEquity":1.5,"cancelDebt":null,"ebitdaOnStockChange":0.11,"bookValuePerShareChange":0.01,"creditGrowth":null},{"ticker":"GEX","quarter":2,"year":2023,"priceToEarning":50.8,"priceToBook":1.4,"valueBeforeEbitda":6,"dividend":null,"roe":0.026,"roa":0.006,"daysReceivable":56,"daysInventory":144,"daysPayable":49,"ebitOnInterest":3.1,"earningPerShare":380,"bookValuePerShare":14254,"interestMargin":null,"nonInterestOnToi":null,"badDebtPercentage":null,"provisionOnBadDebt":null,"costOfFinancing":null,"equityOnTotalAsset":0.234,"equityOnLoan":null,"costToIncome":null,"equityOnLiability":0.7,"currentPayment":1.2,"quickPayment":0.7,"epsChange":15.969,"ebitdaOnStock":7614,"grossProfitMargin":0.211,"operatingProfitMargin":0.134,"postTaxMargin":0.04,"debtOnEquity":0.8,"debtOnAsset":0.3,"debtOnEbitda":2.9,"shortOnLongDebt":0.7,"assetOnEquity":4.3,"capitalBalance":3632,"cashOnEquity":0.17,"cashOnCapitalize":0.231,"cashCirculation":151,"revenueOnWorkCapital":6.5,"capexOnFixedAsset":-0.26,"revenueOnAsset":0.5,"postTaxOnPreTax":0.4,"ebitOnRevenue":0.134,"preTaxOnEbit":0.8,"preProvisionOnToi":null,"postTaxOnToi":null,"loanOnEarnAsset":null,"loanOnAsset":null,"loanOnDeposit":null,"depositOnEarnAsset":null,"badDebtOnAsset":null,"liquidityOnLiability":null,"payableOnEquity":1.5,"cancelDebt":null,"ebitdaOnStockChange":-0.02,"bookValuePerShareChange":0.023,"creditGrowth":null},{"ticker":"GEX","quarter":1,"year":2023,"priceToEarning":552.4,"priceToBook":0.9,"valueBeforeEbitda":6.4,"dividend":null,"roe":0.002,"roa":0,"daysReceivable":75,"daysInventory":137,"daysPayable":42,"ebitOnInterest":1.9,"earningPerShare":22,"bookValuePerShare":13938,"interestMargin":null,"nonInterestOnToi":null,"badDebtPercentage":null,"provisionOnBadDebt":null,"costOfFinancing":null,"equityOnTotalAsset":0.228,"equityOnLoan":null,"costToIncome":null,"equityOnLiability":0.7,"currentPayment":1.2,"quickPayment":0.7,"epsChange":-0.949,"ebitdaOnStock":7766,"grossProfitMargin":0.198,"operatingProfitMargin":0.104,"postTaxMargin":null,"debtOnEquity":0.9,"debtOnAsset":0.3,"debtOnEbitda":3.1,"shortOnLongDebt":0.8,"assetOnEquity":4.4,"capitalBalance":2962,"cashOnEquity":0.193,"cashOnCapitalize":0.21,"cashCirculation":170,"revenueOnWorkCapital":4.9,"capexOnFixedAsset":-0.247,"revenueOnAsset":0.5,"postTaxOnPreTax":null,"ebitOnRevenue":0.104,"preTaxOnEbit":0.2,"preProvisionOnToi":null,"postTaxOnToi":null,"loanOnEarnAsset":null,"loanOnAsset":null,"loanOnDeposit":null,"depositOnEarnAsset":null,"badDebtOnAsset":null,"liquidityOnLiability":null,"payableOnEquity":1.5,"cancelDebt":null,"ebitdaOnStockChange":-0.034,"bookValuePerShareChange":-0.009,"creditGrowth":null}]