[{"ticker":"GEX","quarter":2,"year":2024,"revenue":8248,"yearRevenueGrowth":0.032,"quarterRevenueGrowth":0.238,"costOfGoodSold":-6752,"grossProfit":1496,"operationExpense":-709,"operationProfit":787,"yearOperationProfitGrowth":-0.267,"quarterOperationProfitGrowth":0.227,"interestExpense":-273,"preTaxProfit":1383,"postTaxProfit":1103,"shareHolderIncome":849,"yearShareHolderIncomeGrowth":1.645,"quarterShareHolderIncomeGrowth":6.825,"investProfit":null,"serviceProfit":null,"otherProfit":null,"provisionExpense":null,"operationIncome":null,"ebitda":1470},{"ticker":"GEX","quarter":1,"year":2024,"revenue":6660,"yearRevenueGrowth":0.039,"quarterRevenueGrowth":-0.178,"costOfGoodSold":-5460,"grossProfit":1200,"operationExpense":-558,"operationProfit":641,"yearOperationProfitGrowth":-0.04,"quarterOperationProfitGrowth":0.96,"interestExpense":-303,"preTaxProfit":385,"postTaxProfit":253,"shareHolderIncome":109,"yearShareHolderIncomeGrowth":null,"quarterShareHolderIncomeGrowth":null,"investProfit":null,"serviceProfit":null,"otherProfit":null,"provisionExpense":null,"operationIncome":null,"ebitda":1643},{"ticker":"GEX","quarter":4,"year":2023,"revenue":8105,"yearRevenueGrowth":0.101,"quarterRevenueGrowth":0.083,"costOfGoodSold":-6946,"grossProfit":1159,"operationExpense":-832,"operationProfit":327,"yearOperationProfitGrowth":-0.474,"quarterOperationProfitGrowth":-0.549,"interestExpense":-326,"preTaxProfit":10,"postTaxProfit":-80,"shareHolderIncome":-20,"yearShareHolderIncomeGrowth":null,"quarterShareHolderIncomeGrowth":null,"investProfit":null,"serviceProfit":null,"otherProfit":null,"provisionExpense":null,"operationIncome":null,"ebitda":1083},{"ticker":"GEX","quarter":3,"year":2023,"revenue":7487,"yearRevenueGrowth":0.067,"quarterRevenueGrowth":-0.064,"costOfGoodSold":-6092,"grossProfit":1395,"operationExpense":-669,"operationProfit":726,"yearOperationProfitGrowth":0.329,"quarterOperationProfitGrowth":-0.324,"interestExpense":-359,"preTaxProfit":374,"postTaxProfit":258,"shareHolderIncome":122,"yearShareHolderIncomeGrowth":7.408,"quarterShareHolderIncomeGrowth":-0.62,"investProfit":null,"serviceProfit":null,"otherProfit":null,"provisionExpense":null,"operationIncome":null,"ebitda":1780},{"ticker":"GEX","quarter":2,"year":2023,"revenue":7996,"yearRevenueGrowth":-0.118,"quarterRevenueGrowth":0.247,"costOfGoodSold":-6308,"grossProfit":1688,"operationExpense":-614,"operationProfit":1074,"yearOperationProfitGrowth":-0.131,"quarterOperationProfitGrowth":0.609,"interestExpense":-350,"preTaxProfit":870,"postTaxProfit":652,"shareHolderIncome":321,"yearShareHolderIncomeGrowth":23.592,"quarterShareHolderIncomeGrowth":null,"investProfit":null,"serviceProfit":null,"otherProfit":null,"provisionExpense":null,"operationIncome":null,"ebitda":2318},{"ticker":"GEX","quarter":1,"year":2023,"revenue":6410,"yearRevenueGrowth":-0.259,"quarterRevenueGrowth":-0.129,"costOfGoodSold":-5141,"grossProfit":1269,"operationExpense":-601,"operationProfit":668,"yearOperationProfitGrowth":-0.4,"quarterOperationProfitGrowth":0.073,"interestExpense":-344,"preTaxProfit":144,"postTaxProfit":34,"shareHolderIncome":-92,"yearShareHolderIncomeGrowth":null,"quarterShareHolderIncomeGrowth":null,"investProfit":null,"serviceProfit":null,"otherProfit":null,"provisionExpense":null,"operationIncome":null,"ebitda":1810}]