{"priceToEarning":{"top200AvgValue":"17.2","industryName":"Hàng & Dịch vụ Công nghiệp","industryAvgValue":"17.4"},"valueBeforeEbitda":{"top200AvgValue":"14.1","industryName":"Hàng & Dịch vụ Công nghiệp","industryAvgValue":"14"},"priceToBook":{"top200AvgValue":"1.8","industryName":"Hàng & Dịch vụ Công nghiệp","industryAvgValue":"2.3"},"dividend":{"top200AvgValue":"0","industryName":"Hàng & Dịch vụ Công nghiệp","industryAvgValue":"0"},"roe":{"top200AvgValue":"0.105","industryName":"Hàng & Dịch vụ Công nghiệp","industryAvgValue":"0.09"},"roa":{"top200AvgValue":"0.038","industryName":"Hàng & Dịch vụ Công nghiệp","industryAvgValue":"0.046"},"grossProfitMargin":{"top200AvgValue":"0.28","industryName":"Hàng & Dịch vụ Công nghiệp","industryAvgValue":"0.142"},"operatingProfitMargin":{"top200AvgValue":"0.166","industryName":"Hàng & Dịch vụ Công nghiệp","industryAvgValue":"0.057"},"postTaxMargin":{"top200AvgValue":"0.143","industryName":"Hàng & Dịch vụ Công nghiệp","industryAvgValue":"0.048"},"debtOnEquity":{"top200AvgValue":"1.3","industryName":"Hàng & Dịch vụ Công nghiệp","industryAvgValue":"0.7"},"debtOnAsset":{"top200AvgValue":"0.6","industryName":"Hàng & Dịch vụ Công nghiệp","industryAvgValue":"0.4"},"debtOnEbitda":{"top200AvgValue":"2.2","industryName":"Hàng & Dịch vụ Công nghiệp","industryAvgValue":"0.6"},"shortOnLongDebt":{"top200AvgValue":"1.1","industryName":"Hàng & Dịch vụ Công nghiệp","industryAvgValue":"0.9"},"ebitOnInterest":{"top200AvgValue":"5.6","industryName":"Hàng & Dịch vụ Công nghiệp","industryAvgValue":"3.6"},"assetOnEquity":{"top200AvgValue":"2.4","industryName":"Hàng & Dịch vụ Công nghiệp","industryAvgValue":"1.8"},"cashOnEquity":{"top200AvgValue":"0.107","industryName":"Hàng & Dịch vụ Công nghiệp","industryAvgValue":"0.105"},"cashOnCapitalize":{"top200AvgValue":"0.059","industryName":"Hàng & Dịch vụ Công nghiệp","industryAvgValue":"0.109"},"currentPayment":{"top200AvgValue":"1.7","industryName":"Hàng & Dịch vụ Công nghiệp","industryAvgValue":"1.7"},"quickPayment":{"top200AvgValue":"1.3","industryName":"Hàng & Dịch vụ Công nghiệp","industryAvgValue":"1.5"},"daysReceivable":{"top200AvgValue":"145","industryName":"Hàng & Dịch vụ Công nghiệp","industryAvgValue":"79"},"daysInventory":{"top200AvgValue":"73","industryName":"Hàng & Dịch vụ Công nghiệp","industryAvgValue":"29"},"daysPayable":{"top200AvgValue":"34","industryName":"Hàng & Dịch vụ Công nghiệp","industryAvgValue":"34"},"cashCirculation":{"top200AvgValue":"0.2","industryName":"Hàng & Dịch vụ Công nghiệp","industryAvgValue":"0.2"},"revenueOnWorkCapital":{"top200AvgValue":"2.2","industryName":"Hàng & Dịch vụ Công nghiệp","industryAvgValue":"4"},"revenueOnAsset":{"top200AvgValue":"0.5","industryName":"Hàng & Dịch vụ Công nghiệp","industryAvgValue":"0.9"},"ebitOnRevenue":{"top200AvgValue":"0.166","industryName":"Hàng & Dịch vụ Công nghiệp","industryAvgValue":"0.057"},"netDebtOnEbitda":{"top200AvgValue":"2.2","industryName":"Hàng & Dịch vụ Công nghiệp","industryAvgValue":"0.6"},"netDebtOnEquity":{"top200AvgValue":"0.5","industryName":"Hàng & Dịch vụ Công nghiệp","industryAvgValue":"0.1"},"priceToSales":{"top200AvgValue":"2.3","industryName":"Hàng & Dịch vụ Công nghiệp","industryAvgValue":"0.6"}}