{"exchange":"HOSE","shortName":"Tập đoàn Gelex","industryID":187,"industryIDv2":"2737","industryIdLevel2":"2700","industryIdLevel4":"2737","industry":"Hàng & Dịch vụ Công nghiệp","industryEn":"Industrial Goods & Services","establishedYear":"2012","noEmployees":8752,"noShareholders":3914,"foreignPercent":0.075,"website":"https://gelex.vn","stockRating":2.4,"deltaInWeek":-0.022,"deltaInMonth":-0.035,"deltaInYear":-0.131,"outstandingShare":859.4,"issueShare":851.5,"companyType":"CT","ticker":"GEX"}