{"capitalize":17618,"tradeVolume":4054436,"priceToEarning":16.6,"priceToBook":1.3,"valueBeforeEbitda":6.6,"dividend":0,"roe":0.083,"profitGrowthAvarage":-0.189,"ageOfReceivable":55.3,"ageOfInventory":126.6,"payableOnEquity":1.4,"payableOnEbitda":2.9,"ebitOnInterest":2.9,"shortOnLongTermPayable":1.1,"revenue":30501,"operationProfit":2481,"netProfit":1060,"earningPerShare":1234,"asset":52441,"liability":30163,"equity":22278,"bookValuePerShare":15435,"profitMargin":null,"nonInterestOnToi":null,"loanOnDeposit":null,"creditGrowth":null,"badDebtPercentage":null,"provisionOnBadDebt":null,"customerCredit":null,"betaIndex":null,"ticker":"GEX"}