[{"ticker":"FPT","quarter":2,"year":2024,"shortAsset":40835,"cash":6836,"shortInvest":19916,"shortReceivable":10993,"inventory":1884,"longAsset":24451,"fixedAsset":14178,"asset":65286,"debt":32550,"shortDebt":16024,"longDebt":478,"equity":32736,"capital":14604,"centralBankDeposit":null,"otherBankDeposit":null,"otherBankLoan":null,"stockInvest":null,"customerLoan":null,"badLoan":null,"provision":null,"netCustomerLoan":null,"otherAsset":null,"otherBankCredit":null,"oweOtherBank":null,"oweCentralBank":null,"valuablePaper":null,"payableInterest":null,"receivableInterest":null,"deposit":null,"otherDebt":836,"fund":null,"unDistributedIncome":0,"minorShareHolderProfit":5250,"payable":32550},{"ticker":"FPT","quarter":1,"year":2024,"shortAsset":37679,"cash":6341,"shortInvest":18230,"shortReceivable":10055,"inventory":1856,"longAsset":24346,"fixedAsset":13814,"asset":62025,"debt":30298,"shortDebt":15984,"longDebt":525,"equity":31727,"capital":12700,"centralBankDeposit":null,"otherBankDeposit":null,"otherBankLoan":null,"stockInvest":null,"customerLoan":null,"badLoan":null,"provision":null,"netCustomerLoan":null,"otherAsset":null,"otherBankCredit":null,"oweOtherBank":null,"oweCentralBank":null,"valuablePaper":null,"payableInterest":null,"receivableInterest":null,"deposit":null,"otherDebt":741,"fund":null,"unDistributedIncome":0,"minorShareHolderProfit":4893,"payable":30298},{"ticker":"FPT","quarter":4,"year":2023,"shortAsset":36710,"cash":8279,"shortInvest":16104,"shortReceivable":9534,"inventory":1593,"longAsset":23616,"fixedAsset":13643,"asset":60325,"debt":30377,"shortDebt":13838,"longDebt":208,"equity":29948,"capital":12700,"centralBankDeposit":null,"otherBankDeposit":null,"otherBankLoan":null,"stockInvest":null,"customerLoan":null,"badLoan":null,"provision":null,"netCustomerLoan":null,"otherAsset":null,"otherBankCredit":null,"oweOtherBank":null,"oweCentralBank":null,"valuablePaper":null,"payableInterest":null,"receivableInterest":null,"deposit":null,"otherDebt":1007,"fund":null,"unDistributedIncome":0,"minorShareHolderProfit":4958,"payable":30377},{"ticker":"FPT","quarter":3,"year":2023,"shortAsset":39532,"cash":7154,"shortInvest":19618,"shortReceivable":9819,"inventory":1758,"longAsset":22581,"fixedAsset":13262,"asset":62113,"debt":33707,"shortDebt":18938,"longDebt":172,"equity":28406,"capital":12700,"centralBankDeposit":null,"otherBankDeposit":null,"otherBankLoan":null,"stockInvest":null,"customerLoan":null,"badLoan":null,"provision":null,"netCustomerLoan":null,"otherAsset":null,"otherBankCredit":null,"oweOtherBank":null,"oweCentralBank":null,"valuablePaper":null,"payableInterest":null,"receivableInterest":null,"deposit":null,"otherDebt":681,"fund":null,"unDistributedIncome":0,"minorShareHolderProfit":4772,"payable":33707},{"ticker":"FPT","quarter":2,"year":2023,"shortAsset":38758,"cash":6236,"shortInvest":20452,"shortReceivable":9006,"inventory":2028,"longAsset":21766,"fixedAsset":12232,"asset":60524,"debt":31929,"shortDebt":19307,"longDebt":215,"equity":28595,"capital":11043,"centralBankDeposit":null,"otherBankDeposit":null,"otherBankLoan":null,"stockInvest":null,"customerLoan":null,"badLoan":null,"provision":null,"netCustomerLoan":null,"otherAsset":null,"otherBankCredit":null,"oweOtherBank":null,"oweCentralBank":null,"valuablePaper":null,"payableInterest":null,"receivableInterest":null,"deposit":null,"otherDebt":618,"fund":null,"unDistributedIncome":0,"minorShareHolderProfit":4445,"payable":31929},{"ticker":"FPT","quarter":1,"year":2023,"shortAsset":29524,"cash":3289,"shortInvest":13861,"shortReceivable":9294,"inventory":2085,"longAsset":21217,"fixedAsset":11983,"asset":50741,"debt":23680,"shortDebt":12043,"longDebt":313,"equity":27061,"capital":10970,"centralBankDeposit":null,"otherBankDeposit":null,"otherBankLoan":null,"stockInvest":null,"customerLoan":null,"badLoan":null,"provision":null,"netCustomerLoan":null,"otherAsset":null,"otherBankCredit":null,"oweOtherBank":null,"oweCentralBank":null,"valuablePaper":null,"payableInterest":null,"receivableInterest":null,"deposit":null,"otherDebt":634,"fund":null,"unDistributedIncome":0,"minorShareHolderProfit":4472,"payable":23680}]