[{"ticker":"FPT","quarter":2,"year":2024,"investCost":-913,"fromInvest":-2019,"fromFinancial":-1214,"fromSale":3729,"freeCashFlow":5772},{"ticker":"FPT","quarter":1,"year":2024,"investCost":-647,"fromInvest":-3212,"fromFinancial":1969,"fromSale":-658,"freeCashFlow":9619},{"ticker":"FPT","quarter":4,"year":2023,"investCost":-936,"fromInvest":2232,"fromFinancial":-5126,"fromSale":3975,"freeCashFlow":4443},{"ticker":"FPT","quarter":3,"year":2023,"investCost":-1123,"fromInvest":-103,"fromFinancial":-2708,"fromSale":3704,"freeCashFlow":4256},{"ticker":"FPT","quarter":2,"year":2023,"investCost":-1295,"fromInvest":-7117,"fromFinancial":6834,"fromSale":3268,"freeCashFlow":3974},{"ticker":"FPT","quarter":1,"year":2023,"investCost":-624,"fromInvest":-1559,"fromFinancial":-168,"fromSale":-1427,"freeCashFlow":8661}]