{"OriginStock":{"Cumulative_Return_3_Month":0.0873,"Cumulative_Return_6_Month":0.4126,"Cumulative_Return_12_Month":0.7243,"Volatility_12_Month":0.2544,"SharpeRatio_3_Month":1.6572,"SharpeRatio_6_Month":3.8033,"SharpeRatio_12_Month":2.7374,"Maximum_Drawdown_12_Month":0.1504},"SimilarStock":[{"correlation":0.613,"beta":1.591,"pe":30.587,"price_volatility_1_month_compareWith_VNINDEX":0.003,"price_volatility_3_month_compareWith_VNINDEX":-0.086,"price_volatility_6_month_compareWith_VNINDEX":0.103,"companyName":"Công ty Cổ phần Tập đoàn Công nghệ CMC","industryName":"Công nghệ Thông tin","exchangeName":"HOSE","ticker":"CMG"},{"correlation":0.281,"beta":0.655,"pe":33.652,"price_volatility_1_month_compareWith_VNINDEX":-0.023,"price_volatility_3_month_compareWith_VNINDEX":-0.059,"price_volatility_6_month_compareWith_VNINDEX":-0.037,"companyName":"Công ty Cổ phần SAM Holdings","industryName":"Công nghệ Thông tin","exchangeName":"HOSE","ticker":"SAM"},{"correlation":0.05,"beta":0.356,"pe":60.237,"price_volatility_1_month_compareWith_VNINDEX":0.027,"price_volatility_3_month_compareWith_VNINDEX":0.12,"price_volatility_6_month_compareWith_VNINDEX":0.214,"companyName":"Công ty Cổ phần Công nghệ Viễn thông Sài Gòn","industryName":"Công nghệ Thông tin","exchangeName":"HOSE","ticker":"SGT"},{"correlation":0.483,"beta":1.438,"pe":25.691,"price_volatility_1_month_compareWith_VNINDEX":0.025,"price_volatility_3_month_compareWith_VNINDEX":0.058,"price_volatility_6_month_compareWith_VNINDEX":0.097,"companyName":"Công ty Cổ phần Công nghệ - Viễn thông ELCOM","industryName":"Công nghệ Thông tin","exchangeName":"HOSE","ticker":"ELC"},{"correlation":0.39,"beta":0.625,"pe":11.651,"price_volatility_1_month_compareWith_VNINDEX":-0.004,"price_volatility_3_month_compareWith_VNINDEX":-0.07,"price_volatility_6_month_compareWith_VNINDEX":-0.024,"companyName":"Công ty Cổ phần Viễn thông - Tin học Bưu điện","industryName":"Công nghệ Thông tin","exchangeName":"HOSE","ticker":"ICT"},{"correlation":0.212,"beta":0.398,"pe":149.719,"price_volatility_1_month_compareWith_VNINDEX":-0.047,"price_volatility_3_month_compareWith_VNINDEX":-0.08,"price_volatility_6_month_compareWith_VNINDEX":-0.139,"companyName":"Tổng Công ty Cổ phần Điện tử và Tin học Việt Nam","industryName":"Công nghệ Thông tin","exchangeName":"UpCom","ticker":"VEC"},{"correlation":-0.073,"beta":0.314,"pe":176.005,"price_volatility_1_month_compareWith_VNINDEX":-0.071,"price_volatility_3_month_compareWith_VNINDEX":-0.058,"price_volatility_6_month_compareWith_VNINDEX":-0.178,"companyName":"Công ty Cổ phần Thiết bị Bưu điện","industryName":"Công nghệ Thông tin","exchangeName":"HNX","ticker":"POT"},{"correlation":0.417,"beta":0.791,"pe":-5.872,"price_volatility_1_month_compareWith_VNINDEX":0.113,"price_volatility_3_month_compareWith_VNINDEX":-0.159,"price_volatility_6_month_compareWith_VNINDEX":0.251,"companyName":"Công ty Cổ phần Công nghệ Tiên Phong","industryName":"Công nghệ Thông tin","exchangeName":"HOSE","ticker":"ITD"},{"correlation":0.067,"beta":-0.095,"pe":10.064,"price_volatility_1_month_compareWith_VNINDEX":-0.021,"price_volatility_3_month_compareWith_VNINDEX":0.027,"price_volatility_6_month_compareWith_VNINDEX":0.181,"companyName":"Công ty Cổ phần Tập đoàn HIPT","industryName":"Công nghệ Thông tin","exchangeName":"UpCom","ticker":"HIG"},{"correlation":0.336,"beta":0.828,"pe":11.085,"price_volatility_1_month_compareWith_VNINDEX":-0.044,"price_volatility_3_month_compareWith_VNINDEX":-0.107,"price_volatility_6_month_compareWith_VNINDEX":-0.124,"companyName":"Công ty Cổ phần Tập đoàn ST8","industryName":"Công nghệ Thông tin","exchangeName":"HOSE","ticker":"ST8"}]}