[{"ticker":"FPT","quarter":2,"year":2024,"priceToEarning":28.2,"priceToBook":7.3,"valueBeforeEbitda":18.4,"dividend":null,"roe":0.277,"roa":0.114,"daysReceivable":54,"daysInventory":20,"daysPayable":30,"ebitOnInterest":15.7,"earningPerShare":4854,"bookValuePerShare":18684,"interestMargin":null,"nonInterestOnToi":null,"badDebtPercentage":null,"provisionOnBadDebt":null,"costOfFinancing":null,"equityOnTotalAsset":0.421,"equityOnLoan":null,"costToIncome":null,"equityOnLiability":1,"currentPayment":1.3,"quickPayment":1.2,"epsChange":0.054,"ebitdaOnStock":9182,"grossProfitMargin":0.371,"operatingProfitMargin":0.154,"postTaxMargin":0.123,"debtOnEquity":0.5,"debtOnAsset":0.3,"debtOnEbitda":1.5,"shortOnLongDebt":33.5,"assetOnEquity":2.4,"capitalBalance":9482,"cashOnEquity":0.209,"cashOnCapitalize":0.034,"cashCirculation":43,"revenueOnWorkCapital":6.8,"capexOnFixedAsset":-0.274,"revenueOnAsset":0.9,"postTaxOnPreTax":0.7,"ebitOnRevenue":0.154,"preTaxOnEbit":1.1,"preProvisionOnToi":null,"postTaxOnToi":null,"loanOnEarnAsset":null,"loanOnAsset":null,"loanOnDeposit":null,"depositOnEarnAsset":null,"badDebtOnAsset":null,"liquidityOnLiability":null,"payableOnEquity":1,"cancelDebt":null,"ebitdaOnStockChange":-0.035,"bookValuePerShareChange":0.024,"creditGrowth":null},{"ticker":"FPT","quarter":1,"year":2024,"priceToEarning":21.8,"priceToBook":5.5,"valueBeforeEbitda":17.9,"dividend":null,"roe":0.274,"roa":0.12,"daysReceivable":50,"daysInventory":21,"daysPayable":32,"ebitOnInterest":16.8,"earningPerShare":4605,"bookValuePerShare":18241,"interestMargin":null,"nonInterestOnToi":null,"badDebtPercentage":null,"provisionOnBadDebt":null,"costOfFinancing":null,"equityOnTotalAsset":0.433,"equityOnLoan":null,"costToIncome":null,"equityOnLiability":1,"currentPayment":1.3,"quickPayment":1.2,"epsChange":0.047,"ebitdaOnStock":9511,"grossProfitMargin":0.391,"operatingProfitMargin":0.164,"postTaxMargin":0.128,"debtOnEquity":0.5,"debtOnAsset":0.3,"debtOnEbitda":1.3,"shortOnLongDebt":30.4,"assetOnEquity":2.3,"capitalBalance":8646,"cashOnEquity":0.2,"cashOnCapitalize":0.034,"cashCirculation":40,"revenueOnWorkCapital":7.3,"capexOnFixedAsset":-0.31,"revenueOnAsset":1,"postTaxOnPreTax":0.7,"ebitOnRevenue":0.164,"preTaxOnEbit":1.1,"preProvisionOnToi":null,"postTaxOnToi":null,"loanOnEarnAsset":null,"loanOnAsset":null,"loanOnDeposit":null,"depositOnEarnAsset":null,"badDebtOnAsset":null,"liquidityOnLiability":null,"payableOnEquity":1,"cancelDebt":null,"ebitdaOnStockChange":0.052,"bookValuePerShareChange":0.074,"creditGrowth":null},{"ticker":"FPT","quarter":4,"year":2023,"priceToEarning":18.9,"priceToBook":4.9,"valueBeforeEbitda":14.6,"dividend":null,"roe":0.281,"roa":0.116,"daysReceivable":47,"daysInventory":20,"daysPayable":33,"ebitOnInterest":11.3,"earningPerShare":4398,"bookValuePerShare":16987,"interestMargin":null,"nonInterestOnToi":null,"badDebtPercentage":null,"provisionOnBadDebt":null,"costOfFinancing":null,"equityOnTotalAsset":0.414,"equityOnLoan":null,"costToIncome":null,"equityOnLiability":1,"currentPayment":1.2,"quickPayment":1.2,"epsChange":0.062,"ebitdaOnStock":9045,"grossProfitMargin":0.383,"operatingProfitMargin":0.159,"postTaxMargin":0.118,"debtOnEquity":0.5,"debtOnAsset":0.2,"debtOnEbitda":1.2,"shortOnLongDebt":66.5,"assetOnEquity":2.4,"capitalBalance":7042,"cashOnEquity":0.276,"cashOnCapitalize":0.059,"cashCirculation":34,"revenueOnWorkCapital":7.8,"capexOnFixedAsset":-0.31,"revenueOnAsset":0.9,"postTaxOnPreTax":0.7,"ebitOnRevenue":0.159,"preTaxOnEbit":1,"preProvisionOnToi":null,"postTaxOnToi":null,"loanOnEarnAsset":null,"loanOnAsset":null,"loanOnDeposit":null,"depositOnEarnAsset":null,"badDebtOnAsset":null,"liquidityOnLiability":null,"payableOnEquity":1,"cancelDebt":null,"ebitdaOnStockChange":0.05,"bookValuePerShareChange":0.057,"creditGrowth":null},{"ticker":"FPT","quarter":3,"year":2023,"priceToEarning":19.3,"priceToBook":5,"valueBeforeEbitda":13.5,"dividend":null,"roe":0.28,"roa":0.104,"daysReceivable":47,"daysInventory":23,"daysPayable":32,"ebitOnInterest":8.6,"earningPerShare":4142,"bookValuePerShare":16065,"interestMargin":null,"nonInterestOnToi":null,"badDebtPercentage":null,"provisionOnBadDebt":null,"costOfFinancing":null,"equityOnTotalAsset":0.381,"equityOnLoan":null,"costToIncome":null,"equityOnLiability":0.8,"currentPayment":1.2,"quickPayment":1.1,"epsChange":0.049,"ebitdaOnStock":8610,"grossProfitMargin":0.399,"operatingProfitMargin":0.166,"postTaxMargin":0.126,"debtOnEquity":0.7,"debtOnAsset":0.3,"debtOnEbitda":1.8,"shortOnLongDebt":110.1,"assetOnEquity":2.6,"capitalBalance":6482,"cashOnEquity":0.252,"cashOnCapitalize":0.059,"cashCirculation":38,"revenueOnWorkCapital":7.8,"capexOnFixedAsset":-0.348,"revenueOnAsset":0.9,"postTaxOnPreTax":0.7,"ebitOnRevenue":0.166,"preTaxOnEbit":1.1,"preProvisionOnToi":null,"postTaxOnToi":null,"loanOnEarnAsset":null,"loanOnAsset":null,"loanOnDeposit":null,"depositOnEarnAsset":null,"badDebtOnAsset":null,"liquidityOnLiability":null,"payableOnEquity":1.2,"cancelDebt":null,"ebitdaOnStockChange":-0.009,"bookValuePerShareChange":-0.021,"creditGrowth":null},{"ticker":"FPT","quarter":2,"year":2023,"priceToEarning":16,"priceToBook":3.8,"valueBeforeEbitda":14.1,"dividend":null,"roe":0.266,"roa":0.099,"daysReceivable":54,"daysInventory":26,"daysPayable":32,"ebitOnInterest":9,"earningPerShare":3948,"bookValuePerShare":16417,"interestMargin":null,"nonInterestOnToi":null,"badDebtPercentage":null,"provisionOnBadDebt":null,"costOfFinancing":null,"equityOnTotalAsset":0.399,"equityOnLoan":null,"costToIncome":null,"equityOnLiability":0.9,"currentPayment":1.2,"quickPayment":1.2,"epsChange":0.047,"ebitdaOnStock":8691,"grossProfitMargin":0.371,"operatingProfitMargin":0.154,"postTaxMargin":0.121,"debtOnEquity":0.7,"debtOnAsset":0.3,"debtOnEbitda":2.2,"shortOnLongDebt":90,"assetOnEquity":2.5,"capitalBalance":7471,"cashOnEquity":0.218,"cashOnCapitalize":0.053,"cashCirculation":48,"revenueOnWorkCapital":6.8,"capexOnFixedAsset":-0.342,"revenueOnAsset":0.8,"postTaxOnPreTax":0.7,"ebitOnRevenue":0.154,"preTaxOnEbit":1.2,"preProvisionOnToi":null,"postTaxOnToi":null,"loanOnEarnAsset":null,"loanOnAsset":null,"loanOnDeposit":null,"depositOnEarnAsset":null,"badDebtOnAsset":null,"liquidityOnLiability":null,"payableOnEquity":1.1,"cancelDebt":null,"ebitdaOnStockChange":-0.046,"bookValuePerShareChange":0.069,"creditGrowth":null},{"ticker":"FPT","quarter":1,"year":2023,"priceToEarning":15.4,"priceToBook":3.8,"valueBeforeEbitda":12.4,"dividend":null,"roe":0.266,"roa":0.104,"daysReceivable":51,"daysInventory":26,"daysPayable":34,"ebitOnInterest":12.7,"earningPerShare":3772,"bookValuePerShare":15355,"interestMargin":null,"nonInterestOnToi":null,"badDebtPercentage":null,"provisionOnBadDebt":null,"costOfFinancing":null,"equityOnTotalAsset":0.445,"equityOnLoan":null,"costToIncome":null,"equityOnLiability":1.1,"currentPayment":1.3,"quickPayment":1.2,"epsChange":0.048,"ebitdaOnStock":9111,"grossProfitMargin":0.391,"operatingProfitMargin":0.16,"postTaxMargin":0.128,"debtOnEquity":0.5,"debtOnAsset":0.2,"debtOnEbitda":1.9,"shortOnLongDebt":38.5,"assetOnEquity":2.2,"capitalBalance":6481,"cashOnEquity":0.122,"cashOnCapitalize":0.033,"cashCirculation":43,"revenueOnWorkCapital":7.1,"capexOnFixedAsset":-0.295,"revenueOnAsset":0.9,"postTaxOnPreTax":0.7,"ebitOnRevenue":0.16,"preTaxOnEbit":1.1,"preProvisionOnToi":null,"postTaxOnToi":null,"loanOnEarnAsset":null,"loanOnAsset":null,"loanOnDeposit":null,"depositOnEarnAsset":null,"badDebtOnAsset":null,"liquidityOnLiability":null,"payableOnEquity":0.9,"cancelDebt":null,"ebitdaOnStockChange":0.063,"bookValuePerShareChange":0.074,"creditGrowth":null}]