[{"ticker":"FPT","quarter":2,"year":2024,"revenue":15245,"yearRevenueGrowth":0.221,"quarterRevenueGrowth":0.082,"costOfGoodSold":-9594,"grossProfit":5651,"operationExpense":-3301,"operationProfit":2350,"yearOperationProfitGrowth":0.224,"quarterOperationProfitGrowth":0.014,"interestExpense":-150,"preTaxProfit":2669,"postTaxProfit":2288,"shareHolderIncome":1875,"yearShareHolderIncomeGrowth":0.242,"quarterShareHolderIncomeGrowth":0.043,"investProfit":null,"serviceProfit":null,"otherProfit":null,"provisionExpense":null,"operationIncome":null,"ebitda":2981},{"ticker":"FPT","quarter":1,"year":2024,"revenue":14093,"yearRevenueGrowth":0.206,"quarterRevenueGrowth":-0.041,"costOfGoodSold":-8582,"grossProfit":5510,"operationExpense":-3192,"operationProfit":2318,"yearOperationProfitGrowth":0.237,"quarterOperationProfitGrowth":-0.008,"interestExpense":-138,"preTaxProfit":2534,"postTaxProfit":2160,"shareHolderIncome":1798,"yearShareHolderIncomeGrowth":0.204,"quarterShareHolderIncomeGrowth":0.04,"investProfit":null,"serviceProfit":null,"otherProfit":null,"provisionExpense":null,"operationIncome":null,"ebitda":2935},{"ticker":"FPT","quarter":4,"year":2023,"revenue":14690,"yearRevenueGrowth":0.126,"quarterRevenueGrowth":0.067,"costOfGoodSold":-9059,"grossProfit":5632,"operationExpense":-3296,"operationProfit":2336,"yearOperationProfitGrowth":0.169,"quarterOperationProfitGrowth":0.021,"interestExpense":-207,"preTaxProfit":2435,"postTaxProfit":2051,"shareHolderIncome":1728,"yearShareHolderIncomeGrowth":0.279,"quarterShareHolderIncomeGrowth":-0.006,"investProfit":null,"serviceProfit":null,"otherProfit":null,"provisionExpense":null,"operationIncome":null,"ebitda":3012},{"ticker":"FPT","quarter":3,"year":2023,"revenue":13762,"yearRevenueGrowth":0.234,"quarterRevenueGrowth":0.102,"costOfGoodSold":-8265,"grossProfit":5496,"operationExpense":-3208,"operationProfit":2289,"yearOperationProfitGrowth":0.295,"quarterOperationProfitGrowth":0.192,"interestExpense":-266,"preTaxProfit":2429,"postTaxProfit":2076,"shareHolderIncome":1739,"yearShareHolderIncomeGrowth":0.196,"quarterShareHolderIncomeGrowth":0.152,"investProfit":null,"serviceProfit":null,"otherProfit":null,"provisionExpense":null,"operationIncome":null,"ebitda":2846},{"ticker":"FPT","quarter":2,"year":2023,"revenue":12484,"yearRevenueGrowth":0.237,"quarterRevenueGrowth":0.069,"costOfGoodSold":-7851,"grossProfit":4634,"operationExpense":-2714,"operationProfit":1920,"yearOperationProfitGrowth":0.215,"quarterOperationProfitGrowth":0.025,"interestExpense":-212,"preTaxProfit":2218,"postTaxProfit":1856,"shareHolderIncome":1509,"yearShareHolderIncomeGrowth":0.207,"quarterShareHolderIncomeGrowth":0.01,"investProfit":null,"serviceProfit":null,"otherProfit":null,"provisionExpense":null,"operationIncome":null,"ebitda":2462},{"ticker":"FPT","quarter":1,"year":2023,"revenue":11681,"yearRevenueGrowth":0.201,"quarterRevenueGrowth":-0.104,"costOfGoodSold":-7113,"grossProfit":4568,"operationExpense":-2694,"operationProfit":1874,"yearOperationProfitGrowth":0.323,"quarterOperationProfitGrowth":-0.062,"interestExpense":-148,"preTaxProfit":2121,"postTaxProfit":1810,"shareHolderIncome":1494,"yearShareHolderIncomeGrowth":0.206,"quarterShareHolderIncomeGrowth":0.105,"investProfit":null,"serviceProfit":null,"otherProfit":null,"provisionExpense":null,"operationIncome":null,"ebitda":2384}]