{"capitalize":201536,"tradeVolume":2175065,"priceToEarning":28.2,"priceToBook":7.3,"valueBeforeEbitda":18.4,"dividend":0.024,"roe":0.277,"profitGrowthAvarage":0.198,"ageOfReceivable":53.5,"ageOfInventory":20.1,"payableOnEquity":1,"payableOnEbitda":1.5,"ebitOnInterest":15.7,"shortOnLongTermPayable":33.5,"revenue":57790,"operationProfit":9293,"netProfit":7141,"earningPerShare":4854,"asset":65286,"liability":32550,"equity":32736,"bookValuePerShare":18685,"profitMargin":null,"nonInterestOnToi":null,"loanOnDeposit":null,"creditGrowth":null,"badDebtPercentage":null,"provisionOnBadDebt":null,"customerCredit":null,"betaIndex":null,"ticker":"FPT"}