[{"ticker":"DBC","quarter":3,"year":2024,"shortAsset":8036,"cash":541,"shortInvest":1343,"shortReceivable":605,"inventory":5453,"longAsset":6034,"fixedAsset":4849,"asset":14070,"debt":7543,"shortDebt":4759,"longDebt":926,"equity":6527,"capital":3347,"centralBankDeposit":null,"otherBankDeposit":null,"otherBankLoan":null,"stockInvest":null,"customerLoan":null,"badLoan":null,"provision":null,"netCustomerLoan":null,"otherAsset":null,"otherBankCredit":null,"oweOtherBank":null,"oweCentralBank":null,"valuablePaper":null,"payableInterest":null,"receivableInterest":null,"deposit":null,"otherDebt":441,"fund":null,"unDistributedIncome":0,"minorShareHolderProfit":1,"payable":7543},{"ticker":"DBC","quarter":2,"year":2024,"shortAsset":7385,"cash":524,"shortInvest":521,"shortReceivable":424,"inventory":5827,"longAsset":5941,"fixedAsset":4960,"asset":13326,"debt":8441,"shortDebt":5749,"longDebt":918,"equity":4885,"capital":2420,"centralBankDeposit":null,"otherBankDeposit":null,"otherBankLoan":null,"stockInvest":null,"customerLoan":null,"badLoan":null,"provision":null,"netCustomerLoan":null,"otherAsset":null,"otherBankCredit":null,"oweOtherBank":null,"oweCentralBank":null,"valuablePaper":null,"payableInterest":null,"receivableInterest":null,"deposit":null,"otherDebt":432,"fund":null,"unDistributedIncome":0,"minorShareHolderProfit":1,"payable":8441},{"ticker":"DBC","quarter":1,"year":2024,"shortAsset":6649,"cash":358,"shortInvest":493,"shortReceivable":452,"inventory":5250,"longAsset":5863,"fixedAsset":5044,"asset":12512,"debt":7773,"shortDebt":4507,"longDebt":1050,"equity":4739,"capital":2420,"centralBankDeposit":null,"otherBankDeposit":null,"otherBankLoan":null,"stockInvest":null,"customerLoan":null,"badLoan":null,"provision":null,"netCustomerLoan":null,"otherAsset":null,"otherBankCredit":null,"oweOtherBank":null,"oweCentralBank":null,"valuablePaper":null,"payableInterest":null,"receivableInterest":null,"deposit":null,"otherDebt":632,"fund":null,"unDistributedIncome":0,"minorShareHolderProfit":0,"payable":7773},{"ticker":"DBC","quarter":4,"year":2023,"shortAsset":7159,"cash":592,"shortInvest":490,"shortReceivable":424,"inventory":5552,"longAsset":5853,"fixedAsset":5148,"asset":13012,"debt":8345,"shortDebt":4841,"longDebt":1026,"equity":4666,"capital":2420,"centralBankDeposit":null,"otherBankDeposit":null,"otherBankLoan":null,"stockInvest":null,"customerLoan":null,"badLoan":null,"provision":null,"netCustomerLoan":null,"otherAsset":null,"otherBankCredit":null,"oweOtherBank":null,"oweCentralBank":null,"valuablePaper":null,"payableInterest":null,"receivableInterest":null,"deposit":null,"otherDebt":1037,"fund":null,"unDistributedIncome":0,"minorShareHolderProfit":0,"payable":8345},{"ticker":"DBC","quarter":3,"year":2023,"shortAsset":6329,"cash":320,"shortInvest":552,"shortReceivable":631,"inventory":4718,"longAsset":5895,"fixedAsset":5237,"asset":12224,"debt":7564,"shortDebt":3887,"longDebt":1146,"equity":4660,"capital":2420,"centralBankDeposit":null,"otherBankDeposit":null,"otherBankLoan":null,"stockInvest":null,"customerLoan":null,"badLoan":null,"provision":null,"netCustomerLoan":null,"otherAsset":null,"otherBankCredit":null,"oweOtherBank":null,"oweCentralBank":null,"valuablePaper":null,"payableInterest":null,"receivableInterest":null,"deposit":null,"otherDebt":277,"fund":null,"unDistributedIncome":0,"minorShareHolderProfit":0,"payable":7564},{"ticker":"DBC","quarter":2,"year":2023,"shortAsset":6533,"cash":397,"shortInvest":551,"shortReceivable":434,"inventory":5044,"longAsset":5988,"fixedAsset":4148,"asset":12521,"debt":7874,"shortDebt":4332,"longDebt":877,"equity":4647,"capital":2420,"centralBankDeposit":null,"otherBankDeposit":null,"otherBankLoan":null,"stockInvest":null,"customerLoan":null,"badLoan":null,"provision":null,"netCustomerLoan":null,"otherAsset":null,"otherBankCredit":null,"oweOtherBank":null,"oweCentralBank":null,"valuablePaper":null,"payableInterest":null,"receivableInterest":null,"deposit":null,"otherDebt":728,"fund":null,"unDistributedIncome":0,"minorShareHolderProfit":0,"payable":7874}]