[{"ticker":"DBC","quarter":3,"year":2024,"investCost":-303,"fromInvest":-1123,"fromFinancial":1045,"fromSale":93,"freeCashFlow":730},{"ticker":"DBC","quarter":2,"year":2024,"investCost":-176,"fromInvest":-194,"fromFinancial":413,"fromSale":-52,"freeCashFlow":642},{"ticker":"DBC","quarter":1,"year":2024,"investCost":-117,"fromInvest":-112,"fromFinancial":-310,"fromSale":187,"freeCashFlow":425},{"ticker":"DBC","quarter":4,"year":2023,"investCost":-103,"fromInvest":-25,"fromFinancial":834,"fromSale":-536,"freeCashFlow":1709},{"ticker":"DBC","quarter":3,"year":2023,"investCost":-101,"fromInvest":-107,"fromFinancial":-90,"fromSale":120,"freeCashFlow":-91},{"ticker":"DBC","quarter":2,"year":2023,"investCost":-79,"fromInvest":-56,"fromFinancial":-77,"fromSale":381,"freeCashFlow":333}]