[{"ticker":"DBC","quarter":3,"year":2024,"priceToEarning":18.4,"priceToBook":1.5,"valueBeforeEbitda":10.3,"dividend":null,"roe":0.096,"roa":0.041,"daysReceivable":25,"daysInventory":170,"daysPayable":36,"ebitOnInterest":5.5,"earningPerShare":1603,"bookValuePerShare":19500,"interestMargin":null,"nonInterestOnToi":null,"badDebtPercentage":null,"provisionOnBadDebt":null,"costOfFinancing":null,"equityOnTotalAsset":0.464,"equityOnLoan":null,"costToIncome":null,"equityOnLiability":0.9,"currentPayment":1.2,"quickPayment":0.4,"epsChange":1.265,"ebitdaOnStock":5059,"grossProfitMargin":0.177,"operatingProfitMargin":0.113,"postTaxMargin":0.089,"debtOnEquity":0.9,"debtOnAsset":0.4,"debtOnEbitda":3.7,"shortOnLongDebt":5.1,"assetOnEquity":2.2,"capitalBalance":1587,"cashOnEquity":0.083,"cashOnCapitalize":0.055,"cashCirculation":159,"revenueOnWorkCapital":14.7,"capexOnFixedAsset":-0.139,"revenueOnAsset":1,"postTaxOnPreTax":0.9,"ebitOnRevenue":0.113,"preTaxOnEbit":0.8,"preProvisionOnToi":null,"postTaxOnToi":null,"loanOnEarnAsset":null,"loanOnAsset":null,"loanOnDeposit":null,"depositOnEarnAsset":null,"badDebtOnAsset":null,"liquidityOnLiability":null,"payableOnEquity":1.2,"cancelDebt":null,"ebitdaOnStockChange":0.097,"bookValuePerShareChange":0.336,"creditGrowth":null},{"ticker":"DBC","quarter":2,"year":2024,"priceToEarning":41.3,"priceToBook":2,"valueBeforeEbitda":14.8,"dividend":null,"roe":0.05,"roa":0.018,"daysReceivable":-3,"daysInventory":190,"daysPayable":34,"ebitOnInterest":2.9,"earningPerShare":708,"bookValuePerShare":14594,"interestMargin":null,"nonInterestOnToi":null,"badDebtPercentage":null,"provisionOnBadDebt":null,"costOfFinancing":null,"equityOnTotalAsset":0.367,"equityOnLoan":null,"costToIncome":null,"equityOnLiability":0.6,"currentPayment":1,"quickPayment":0.2,"epsChange":-0.434,"ebitdaOnStock":4612,"grossProfitMargin":0.135,"operatingProfitMargin":0.071,"postTaxMargin":0.046,"debtOnEquity":1.4,"debtOnAsset":0.5,"debtOnEbitda":5.3,"shortOnLongDebt":6.3,"assetOnEquity":2.7,"capitalBalance":31,"cashOnEquity":0.107,"cashOnCapitalize":0.051,"cashCirculation":152,"revenueOnWorkCapital":null,"capexOnFixedAsset":-0.109,"revenueOnAsset":0.9,"postTaxOnPreTax":0.9,"ebitOnRevenue":0.071,"preTaxOnEbit":0.7,"preProvisionOnToi":null,"postTaxOnToi":null,"loanOnEarnAsset":null,"loanOnAsset":null,"loanOnDeposit":null,"depositOnEarnAsset":null,"badDebtOnAsset":null,"liquidityOnLiability":null,"payableOnEquity":1.7,"cancelDebt":null,"ebitdaOnStockChange":-0.132,"bookValuePerShareChange":0.031,"creditGrowth":null},{"ticker":"DBC","quarter":1,"year":2024,"priceToEarning":22.3,"priceToBook":2,"valueBeforeEbitda":11.1,"dividend":null,"roe":0.092,"roa":0.034,"daysReceivable":-6,"daysInventory":173,"daysPayable":32,"ebitOnInterest":3.3,"earningPerShare":1250,"bookValuePerShare":14159,"interestMargin":null,"nonInterestOnToi":null,"badDebtPercentage":null,"provisionOnBadDebt":null,"costOfFinancing":null,"equityOnTotalAsset":0.379,"equityOnLoan":null,"costToIncome":null,"equityOnLiability":0.6,"currentPayment":1,"quickPayment":0.2,"epsChange":15.729,"ebitdaOnStock":5313,"grossProfitMargin":0.107,"operatingProfitMargin":0.044,"postTaxMargin":0.022,"debtOnEquity":1.2,"debtOnAsset":0.4,"debtOnEbitda":4.2,"shortOnLongDebt":4.3,"assetOnEquity":2.6,"capitalBalance":102,"cashOnEquity":0.075,"cashOnCapitalize":0.04,"cashCirculation":135,"revenueOnWorkCapital":null,"capexOnFixedAsset":-0.086,"revenueOnAsset":1,"postTaxOnPreTax":0.7,"ebitOnRevenue":0.044,"preTaxOnEbit":0.7,"preProvisionOnToi":null,"postTaxOnToi":null,"loanOnEarnAsset":null,"loanOnAsset":null,"loanOnDeposit":null,"depositOnEarnAsset":null,"badDebtOnAsset":null,"liquidityOnLiability":null,"payableOnEquity":1.6,"cancelDebt":null,"ebitdaOnStockChange":0.482,"bookValuePerShareChange":0.016,"creditGrowth":null},{"ticker":"DBC","quarter":4,"year":2023,"priceToEarning":315.5,"priceToBook":1.7,"valueBeforeEbitda":13.3,"dividend":null,"roe":0.005,"roa":0.002,"daysReceivable":1,"daysInventory":188,"daysPayable":50,"ebitOnInterest":0.9,"earningPerShare":74,"bookValuePerShare":13942,"interestMargin":null,"nonInterestOnToi":null,"badDebtPercentage":null,"provisionOnBadDebt":null,"costOfFinancing":null,"equityOnTotalAsset":0.359,"equityOnLoan":null,"costToIncome":null,"equityOnLiability":0.6,"currentPayment":1,"quickPayment":0.2,"epsChange":-1.413,"ebitdaOnStock":3584,"grossProfitMargin":0.092,"operatingProfitMargin":0.023,"postTaxMargin":0.002,"debtOnEquity":1.3,"debtOnAsset":0.5,"debtOnEbitda":6,"shortOnLongDebt":4.7,"assetOnEquity":2.8,"capitalBalance":17,"cashOnEquity":0.127,"cashOnCapitalize":0.086,"cashCirculation":139,"revenueOnWorkCapital":644.8,"capexOnFixedAsset":-0.094,"revenueOnAsset":0.9,"postTaxOnPreTax":0.4,"ebitOnRevenue":0.023,"preTaxOnEbit":0.2,"preProvisionOnToi":null,"postTaxOnToi":null,"loanOnEarnAsset":null,"loanOnAsset":null,"loanOnDeposit":null,"depositOnEarnAsset":null,"badDebtOnAsset":null,"liquidityOnLiability":null,"payableOnEquity":1.8,"cancelDebt":null,"ebitdaOnStockChange":0.146,"bookValuePerShareChange":0.001,"creditGrowth":null},{"ticker":"DBC","quarter":3,"year":2023,"priceToEarning":-104.1,"priceToBook":1.4,"valueBeforeEbitda":14.5,"dividend":null,"roe":-0.013,"roa":-0.005,"daysReceivable":6,"daysInventory":156,"daysPayable":44,"ebitOnInterest":1.4,"earningPerShare":-181,"bookValuePerShare":13923,"interestMargin":null,"nonInterestOnToi":null,"badDebtPercentage":null,"provisionOnBadDebt":null,"costOfFinancing":null,"equityOnTotalAsset":0.381,"equityOnLoan":null,"costToIncome":null,"equityOnLiability":0.6,"currentPayment":1,"quickPayment":0.3,"epsChange":-1.455,"ebitdaOnStock":3127,"grossProfitMargin":0.104,"operatingProfitMargin":0.031,"postTaxMargin":0.005,"debtOnEquity":1.1,"debtOnAsset":0.4,"debtOnEbitda":6.1,"shortOnLongDebt":3.4,"assetOnEquity":2.6,"capitalBalance":129,"cashOnEquity":0.069,"cashOnCapitalize":0.051,"cashCirculation":118,"revenueOnWorkCapital":57.2,"capexOnFixedAsset":-0.155,"revenueOnAsset":1,"postTaxOnPreTax":0.5,"ebitOnRevenue":0.031,"preTaxOnEbit":0.3,"preProvisionOnToi":null,"postTaxOnToi":null,"loanOnEarnAsset":null,"loanOnAsset":null,"loanOnDeposit":null,"depositOnEarnAsset":null,"badDebtOnAsset":null,"liquidityOnLiability":null,"payableOnEquity":1.6,"cancelDebt":null,"ebitdaOnStockChange":-0.225,"bookValuePerShareChange":0.003,"creditGrowth":null},{"ticker":"DBC","quarter":2,"year":2023,"priceToEarning":46,"priceToBook":1.3,"valueBeforeEbitda":10.5,"dividend":null,"roe":0.029,"roa":0.011,"daysReceivable":-3,"daysInventory":157,"daysPayable":46,"ebitOnInterest":9.1,"earningPerShare":398,"bookValuePerShare":13886,"interestMargin":null,"nonInterestOnToi":null,"badDebtPercentage":null,"provisionOnBadDebt":null,"costOfFinancing":null,"equityOnTotalAsset":0.371,"equityOnLoan":null,"costToIncome":null,"equityOnLiability":0.6,"currentPayment":1,"quickPayment":0.2,"epsChange":-1.744,"ebitdaOnStock":4033,"grossProfitMargin":0.191,"operatingProfitMargin":0.124,"postTaxMargin":0.094,"debtOnEquity":1.1,"debtOnAsset":0.4,"debtOnEbitda":4.7,"shortOnLongDebt":4.9,"assetOnEquity":2.7,"capitalBalance":-243,"cashOnEquity":0.085,"cashOnCapitalize":0.077,"cashCirculation":107,"revenueOnWorkCapital":null,"capexOnFixedAsset":-0.226,"revenueOnAsset":1,"postTaxOnPreTax":0.9,"ebitOnRevenue":0.124,"preTaxOnEbit":0.9,"preProvisionOnToi":null,"postTaxOnToi":null,"loanOnEarnAsset":null,"loanOnAsset":null,"loanOnDeposit":null,"depositOnEarnAsset":null,"badDebtOnAsset":null,"liquidityOnLiability":null,"payableOnEquity":1.7,"cancelDebt":null,"ebitdaOnStockChange":0.182,"bookValuePerShareChange":0.076,"creditGrowth":null}]