[{"ticker":"DBC","quarter":3,"year":2024,"revenue":3525,"yearRevenueGrowth":0.301,"quarterRevenueGrowth":0.107,"costOfGoodSold":-2901,"grossProfit":624,"operationExpense":-226,"operationProfit":397,"yearOperationProfitGrowth":3.689,"quarterOperationProfitGrowth":0.766,"interestExpense":-72,"preTaxProfit":331,"postTaxProfit":312,"shareHolderIncome":312,"yearShareHolderIncomeGrowth":24.046,"quarterShareHolderIncomeGrowth":1.146,"investProfit":null,"serviceProfit":null,"otherProfit":null,"provisionExpense":null,"operationIncome":null,"ebitda":553},{"ticker":"DBC","quarter":2,"year":2024,"revenue":3185,"yearRevenueGrowth":-0.083,"quarterRevenueGrowth":-0.021,"costOfGoodSold":-2754,"grossProfit":431,"operationExpense":-205,"operationProfit":225,"yearOperationProfitGrowth":-0.479,"quarterOperationProfitGrowth":0.586,"interestExpense":-79,"preTaxProfit":157,"postTaxProfit":145,"shareHolderIncome":145,"yearShareHolderIncomeGrowth":-0.555,"quarterShareHolderIncomeGrowth":1.003,"investProfit":null,"serviceProfit":null,"otherProfit":null,"provisionExpense":null,"operationIncome":null,"ebitda":388},{"ticker":"DBC","quarter":1,"year":2024,"revenue":3253,"yearRevenueGrowth":0.406,"quarterRevenueGrowth":0.244,"costOfGoodSold":-2904,"grossProfit":349,"operationExpense":-207,"operationProfit":142,"yearOperationProfitGrowth":null,"quarterOperationProfitGrowth":1.385,"interestExpense":-44,"preTaxProfit":99,"postTaxProfit":73,"shareHolderIncome":73,"yearShareHolderIncomeGrowth":null,"quarterShareHolderIncomeGrowth":10.253,"investProfit":null,"serviceProfit":null,"otherProfit":null,"provisionExpense":null,"operationIncome":null,"ebitda":297},{"ticker":"DBC","quarter":4,"year":2023,"revenue":2614,"yearRevenueGrowth":-0.108,"quarterRevenueGrowth":-0.035,"costOfGoodSold":-2372,"grossProfit":242,"operationExpense":-182,"operationProfit":59,"yearOperationProfitGrowth":null,"quarterOperationProfitGrowth":-0.298,"interestExpense":-63,"preTaxProfit":15,"postTaxProfit":6,"shareHolderIncome":6,"yearShareHolderIncomeGrowth":null,"quarterShareHolderIncomeGrowth":-0.482,"investProfit":null,"serviceProfit":null,"otherProfit":null,"provisionExpense":null,"operationIncome":null,"ebitda":221},{"ticker":"DBC","quarter":3,"year":2023,"revenue":2709,"yearRevenueGrowth":-0.24,"quarterRevenueGrowth":-0.22,"costOfGoodSold":-2428,"grossProfit":281,"operationExpense":-196,"operationProfit":85,"yearOperationProfitGrowth":-0.705,"quarterOperationProfitGrowth":-0.804,"interestExpense":-61,"preTaxProfit":23,"postTaxProfit":12,"shareHolderIncome":12,"yearShareHolderIncomeGrowth":-0.94,"quarterShareHolderIncomeGrowth":-0.962,"investProfit":null,"serviceProfit":null,"otherProfit":null,"provisionExpense":null,"operationIncome":null,"ebitda":211},{"ticker":"DBC","quarter":2,"year":2023,"revenue":3473,"yearRevenueGrowth":0.171,"quarterRevenueGrowth":0.501,"costOfGoodSold":-2811,"grossProfit":662,"operationExpense":-230,"operationProfit":432,"yearOperationProfitGrowth":4.221,"quarterOperationProfitGrowth":null,"interestExpense":-48,"preTaxProfit":370,"postTaxProfit":327,"shareHolderIncome":327,"yearShareHolderIncomeGrowth":21.908,"quarterShareHolderIncomeGrowth":null,"investProfit":null,"serviceProfit":null,"otherProfit":null,"provisionExpense":null,"operationIncome":null,"ebitda":558}]