{"exchange":"HOSE","shortName":"Tập đoàn DABACO","industryID":217,"industryIDv2":"3573","industryIdLevel2":"3500","industryIdLevel4":"3573","industry":"Thực phẩm và đồ uống","industryEn":"Food & Beverage","establishedYear":"2004","noEmployees":6515,"noShareholders":0,"foreignPercent":0.113,"website":"http://www.dabaco.com.vn","stockRating":2.4,"deltaInWeek":-0.024,"deltaInMonth":-0.028,"deltaInYear":0.487,"outstandingShare":334.7,"issueShare":334.7,"companyType":"CT","ticker":"DBC"}