{"capitalize":9873,"tradeVolume":4112307,"priceToEarning":18.4,"priceToBook":1.5,"valueBeforeEbitda":10.3,"dividend":0,"roe":0.096,"profitGrowthAvarage":-0.413,"ageOfReceivable":24.9,"ageOfInventory":169.8,"payableOnEquity":1.2,"payableOnEbitda":3.7,"ebitOnInterest":5.5,"shortOnLongTermPayable":5.1,"revenue":12576,"operationProfit":824,"netProfit":537,"earningPerShare":1604,"asset":14070,"liability":7543,"equity":6527,"bookValuePerShare":19500,"profitMargin":null,"nonInterestOnToi":null,"loanOnDeposit":null,"creditGrowth":null,"badDebtPercentage":null,"provisionOnBadDebt":null,"customerCredit":null,"betaIndex":null,"ticker":"DBC"}