[{"ticker":"BWE","quarter":2,"year":2024,"shortAsset":2819,"cash":610,"shortInvest":226,"shortReceivable":678,"inventory":1209,"longAsset":9321,"fixedAsset":4424,"asset":12140,"debt":6967,"shortDebt":1448,"longDebt":3880,"equity":5173,"capital":2199,"centralBankDeposit":null,"otherBankDeposit":null,"otherBankLoan":null,"stockInvest":null,"customerLoan":null,"badLoan":null,"provision":null,"netCustomerLoan":null,"otherAsset":null,"otherBankCredit":null,"oweOtherBank":null,"oweCentralBank":null,"valuablePaper":null,"payableInterest":null,"receivableInterest":null,"deposit":null,"otherDebt":58,"fund":null,"unDistributedIncome":98,"minorShareHolderProfit":161,"payable":6967},{"ticker":"BWE","quarter":1,"year":2024,"shortAsset":2613,"cash":497,"shortInvest":255,"shortReceivable":694,"inventory":1081,"longAsset":9367,"fixedAsset":4423,"asset":11980,"debt":6952,"shortDebt":1201,"longDebt":4023,"equity":5028,"capital":1929,"centralBankDeposit":null,"otherBankDeposit":null,"otherBankLoan":null,"stockInvest":null,"customerLoan":null,"badLoan":null,"provision":null,"netCustomerLoan":null,"otherAsset":null,"otherBankCredit":null,"oweOtherBank":null,"oweCentralBank":null,"valuablePaper":null,"payableInterest":null,"receivableInterest":null,"deposit":null,"otherDebt":58,"fund":null,"unDistributedIncome":98,"minorShareHolderProfit":152,"payable":6952},{"ticker":"BWE","quarter":4,"year":2023,"shortAsset":2710,"cash":655,"shortInvest":265,"shortReceivable":785,"inventory":923,"longAsset":9398,"fixedAsset":4365,"asset":12108,"debt":7151,"shortDebt":1433,"longDebt":3997,"equity":4957,"capital":1929,"centralBankDeposit":null,"otherBankDeposit":null,"otherBankLoan":null,"stockInvest":null,"customerLoan":null,"badLoan":null,"provision":null,"netCustomerLoan":null,"otherAsset":null,"otherBankCredit":null,"oweOtherBank":null,"oweCentralBank":null,"valuablePaper":null,"payableInterest":null,"receivableInterest":null,"deposit":null,"otherDebt":43,"fund":null,"unDistributedIncome":98,"minorShareHolderProfit":158,"payable":7151},{"ticker":"BWE","quarter":3,"year":2023,"shortAsset":2424,"cash":242,"shortInvest":259,"shortReceivable":798,"inventory":1071,"longAsset":8911,"fixedAsset":4105,"asset":11335,"debt":6528,"shortDebt":1482,"longDebt":3434,"equity":4807,"capital":1929,"centralBankDeposit":null,"otherBankDeposit":null,"otherBankLoan":null,"stockInvest":null,"customerLoan":null,"badLoan":null,"provision":null,"netCustomerLoan":null,"otherAsset":null,"otherBankCredit":null,"oweOtherBank":null,"oweCentralBank":null,"valuablePaper":null,"payableInterest":null,"receivableInterest":null,"deposit":null,"otherDebt":37,"fund":null,"unDistributedIncome":98,"minorShareHolderProfit":153,"payable":6528},{"ticker":"BWE","quarter":2,"year":2023,"shortAsset":2306,"cash":143,"shortInvest":331,"shortReceivable":936,"inventory":842,"longAsset":8747,"fixedAsset":4172,"asset":11053,"debt":6441,"shortDebt":1615,"longDebt":3385,"equity":4611,"capital":1929,"centralBankDeposit":null,"otherBankDeposit":null,"otherBankLoan":null,"stockInvest":null,"customerLoan":null,"badLoan":null,"provision":null,"netCustomerLoan":null,"otherAsset":null,"otherBankCredit":null,"oweOtherBank":null,"oweCentralBank":null,"valuablePaper":null,"payableInterest":null,"receivableInterest":null,"deposit":null,"otherDebt":33,"fund":null,"unDistributedIncome":98,"minorShareHolderProfit":136,"payable":6441},{"ticker":"BWE","quarter":1,"year":2023,"shortAsset":2615,"cash":306,"shortInvest":398,"shortReceivable":1078,"inventory":819,"longAsset":7387,"fixedAsset":3499,"asset":10002,"debt":5701,"shortDebt":1486,"longDebt":2566,"equity":4301,"capital":1929,"centralBankDeposit":null,"otherBankDeposit":null,"otherBankLoan":null,"stockInvest":null,"customerLoan":null,"badLoan":null,"provision":null,"netCustomerLoan":null,"otherAsset":null,"otherBankCredit":null,"oweOtherBank":null,"oweCentralBank":null,"valuablePaper":null,"payableInterest":null,"receivableInterest":null,"deposit":null,"otherDebt":278,"fund":null,"unDistributedIncome":98,"minorShareHolderProfit":37,"payable":5701}]