[{"ticker":"BWE","quarter":2,"year":2024,"investCost":-142,"fromInvest":-103,"fromFinancial":22,"fromSale":194,"freeCashFlow":775},{"ticker":"BWE","quarter":1,"year":2024,"investCost":-98,"fromInvest":-79,"fromFinancial":-207,"fromSale":127,"freeCashFlow":932},{"ticker":"BWE","quarter":4,"year":2023,"investCost":-523,"fromInvest":-536,"fromFinancial":483,"fromSale":467,"freeCashFlow":297},{"ticker":"BWE","quarter":3,"year":2023,"investCost":-114,"fromInvest":-94,"fromFinancial":-70,"fromSale":263,"freeCashFlow":736},{"ticker":"BWE","quarter":2,"year":2023,"investCost":-214,"fromInvest":-564,"fromFinancial":77,"fromSale":326,"freeCashFlow":592},{"ticker":"BWE","quarter":1,"year":2023,"investCost":-97,"fromInvest":-9,"fromFinancial":34,"fromSale":6,"freeCashFlow":962}]