{"OriginStock":{"Cumulative_Return_3_Month":0.0673,"Cumulative_Return_6_Month":0.1969,"Cumulative_Return_12_Month":0.1489,"Volatility_12_Month":0.2145,"SharpeRatio_3_Month":1.0954,"SharpeRatio_6_Month":1.5696,"SharpeRatio_12_Month":0.5692,"Maximum_Drawdown_12_Month":0.1253},"SimilarStock":[{"correlation":0.257,"beta":0.74,"pe":15.364,"price_volatility_1_month_compareWith_VNINDEX":-0.035,"price_volatility_3_month_compareWith_VNINDEX":-0.003,"price_volatility_6_month_compareWith_VNINDEX":-0.028,"companyName":"Tổng Công ty Khí Việt Nam - Công ty Cổ phần","industryName":"Điện, nước & xăng dầu khí đốt","exchangeName":"HOSE","ticker":"GAS"},{"correlation":0.427,"beta":1.078,"pe":17.069,"price_volatility_1_month_compareWith_VNINDEX":-0.023,"price_volatility_3_month_compareWith_VNINDEX":-0.116,"price_volatility_6_month_compareWith_VNINDEX":0.164,"companyName":"Công ty Cổ phần Cơ điện Lạnh","industryName":"Điện, nước & xăng dầu khí đốt","exchangeName":"HOSE","ticker":"REE"},{"correlation":0.311,"beta":0.995,"pe":26.992,"price_volatility_1_month_compareWith_VNINDEX":-0.025,"price_volatility_3_month_compareWith_VNINDEX":-0.114,"price_volatility_6_month_compareWith_VNINDEX":0.064,"companyName":"Tổng Công ty Điện lực Dầu khí Việt Nam - CTCP","industryName":"Điện, nước & xăng dầu khí đốt","exchangeName":"HOSE","ticker":"POW"},{"correlation":0.389,"beta":0.425,"pe":-17.745,"price_volatility_1_month_compareWith_VNINDEX":-0.06,"price_volatility_3_month_compareWith_VNINDEX":-0.122,"price_volatility_6_month_compareWith_VNINDEX":-0.051,"companyName":"Tổng Công ty Phát điện 3 - Công ty Cổ phần","industryName":"Điện, nước & xăng dầu khí đốt","exchangeName":"HOSE","ticker":"PGV"},{"correlation":null,"beta":0.118,"pe":29.004,"price_volatility_1_month_compareWith_VNINDEX":0.05,"price_volatility_3_month_compareWith_VNINDEX":0.123,"price_volatility_6_month_compareWith_VNINDEX":-0.24,"companyName":"Công ty Cổ phần Thủy điện Đa Nhim - Hàm Thuận - Đa Mi","industryName":"Điện, nước & xăng dầu khí đốt","exchangeName":"UpCom","ticker":"DNH"},{"correlation":-0.191,"beta":0.122,"pe":36.842,"price_volatility_1_month_compareWith_VNINDEX":-0.015,"price_volatility_3_month_compareWith_VNINDEX":-0.059,"price_volatility_6_month_compareWith_VNINDEX":-0.028,"companyName":"Công ty Cổ phần Thủy điện Vĩnh Sơn - Sông Hinh","industryName":"Điện, nước & xăng dầu khí đốt","exchangeName":"HOSE","ticker":"VSH"},{"correlation":-0.01,"beta":0.074,"pe":14.352,"price_volatility_1_month_compareWith_VNINDEX":-0.115,"price_volatility_3_month_compareWith_VNINDEX":-0.179,"price_volatility_6_month_compareWith_VNINDEX":0.031,"companyName":"Tổng Công ty Điện lực TKV - Công ty Cổ phần","industryName":"Điện, nước & xăng dầu khí đốt","exchangeName":"HNX","ticker":"DTK"},{"correlation":0.241,"beta":0.083,"pe":21.98,"price_volatility_1_month_compareWith_VNINDEX":-0.017,"price_volatility_3_month_compareWith_VNINDEX":-0.073,"price_volatility_6_month_compareWith_VNINDEX":-0.138,"companyName":"Công ty Cổ phần Nhiệt điện Hải Phòng","industryName":"Điện, nước & xăng dầu khí đốt","exchangeName":"UpCom","ticker":"HND"},{"correlation":-0.115,"beta":0.088,"pe":20.006,"price_volatility_1_month_compareWith_VNINDEX":0.023,"price_volatility_3_month_compareWith_VNINDEX":-0.146,"price_volatility_6_month_compareWith_VNINDEX":-0.197,"companyName":"Công ty Cổ phần Thủy điện Sông Ba Hạ","industryName":"Điện, nước & xăng dầu khí đốt","exchangeName":"UpCom","ticker":"SBH"},{"correlation":0.276,"beta":0.274,"pe":10.259,"price_volatility_1_month_compareWith_VNINDEX":-0.026,"price_volatility_3_month_compareWith_VNINDEX":-0.097,"price_volatility_6_month_compareWith_VNINDEX":-0.145,"companyName":"Công ty Cổ phần Nhiệt điện Quảng Ninh","industryName":"Điện, nước & xăng dầu khí đốt","exchangeName":"UpCom","ticker":"QTP"}]}