[{"ticker":"BWE","quarter":2,"year":2024,"priceToEarning":15.6,"priceToBook":2,"valueBeforeEbitda":9.1,"dividend":null,"roe":0.134,"roa":0.055,"daysReceivable":26,"daysInventory":174,"daysPayable":49,"ebitOnInterest":3.9,"earningPerShare":2894,"bookValuePerShare":22789,"interestMargin":null,"nonInterestOnToi":null,"badDebtPercentage":null,"provisionOnBadDebt":null,"costOfFinancing":null,"equityOnTotalAsset":0.413,"equityOnLoan":null,"costToIncome":null,"equityOnLiability":0.7,"currentPayment":1.2,"quickPayment":0.7,"epsChange":-0.103,"ebitdaOnStock":7911,"grossProfitMargin":0.398,"operatingProfitMargin":0.246,"postTaxMargin":0.131,"debtOnEquity":1,"debtOnAsset":0.4,"debtOnEbitda":3.2,"shortOnLongDebt":0.4,"assetOnEquity":2.4,"capitalBalance":529,"cashOnEquity":0.118,"cashOnCapitalize":0.061,"cashCirculation":152,"revenueOnWorkCapital":13.8,"capexOnFixedAsset":-0.204,"revenueOnAsset":0.3,"postTaxOnPreTax":0.9,"ebitOnRevenue":0.246,"preTaxOnEbit":0.6,"preProvisionOnToi":null,"postTaxOnToi":null,"loanOnEarnAsset":null,"loanOnAsset":null,"loanOnDeposit":null,"depositOnEarnAsset":null,"badDebtOnAsset":null,"liquidityOnLiability":null,"payableOnEquity":1.3,"cancelDebt":null,"ebitdaOnStockChange":-0.041,"bookValuePerShareChange":0.028,"creditGrowth":null},{"ticker":"BWE","quarter":1,"year":2024,"priceToEarning":12.2,"priceToBook":1.8,"valueBeforeEbitda":9,"dividend":null,"roe":0.155,"roa":0.065,"daysReceivable":36,"daysInventory":172,"daysPayable":51,"ebitOnInterest":3.1,"earningPerShare":3228,"bookValuePerShare":22172,"interestMargin":null,"nonInterestOnToi":null,"badDebtPercentage":null,"provisionOnBadDebt":null,"costOfFinancing":null,"equityOnTotalAsset":0.407,"equityOnLoan":null,"costToIncome":null,"equityOnLiability":0.7,"currentPayment":1.2,"quickPayment":0.7,"epsChange":0.057,"ebitdaOnStock":8250,"grossProfitMargin":0.495,"operatingProfitMargin":0.318,"postTaxMargin":0.226,"debtOnEquity":1,"debtOnAsset":0.4,"debtOnEbitda":2.9,"shortOnLongDebt":0.3,"assetOnEquity":2.5,"capitalBalance":462,"cashOnEquity":0.099,"cashOnCapitalize":0.053,"cashCirculation":157,"revenueOnWorkCapital":10.2,"capexOnFixedAsset":-0.24,"revenueOnAsset":0.3,"postTaxOnPreTax":0.9,"ebitOnRevenue":0.318,"preTaxOnEbit":0.8,"preProvisionOnToi":null,"postTaxOnToi":null,"loanOnEarnAsset":null,"loanOnAsset":null,"loanOnDeposit":null,"depositOnEarnAsset":null,"badDebtOnAsset":null,"liquidityOnLiability":null,"payableOnEquity":1.4,"cancelDebt":null,"ebitdaOnStockChange":0.043,"bookValuePerShareChange":0.016,"creditGrowth":null},{"ticker":"BWE","quarter":4,"year":2023,"priceToEarning":11.8,"priceToBook":1.7,"valueBeforeEbitda":8.5,"dividend":null,"roe":0.145,"roa":0.061,"daysReceivable":58,"daysInventory":152,"daysPayable":54,"ebitOnInterest":2.3,"earningPerShare":3053,"bookValuePerShare":21821,"interestMargin":null,"nonInterestOnToi":null,"badDebtPercentage":null,"provisionOnBadDebt":null,"costOfFinancing":null,"equityOnTotalAsset":0.396,"equityOnLoan":null,"costToIncome":null,"equityOnLiability":0.7,"currentPayment":1.1,"quickPayment":0.8,"epsChange":-0.033,"ebitdaOnStock":7910,"grossProfitMargin":0.425,"operatingProfitMargin":0.268,"postTaxMargin":0.128,"debtOnEquity":1.1,"debtOnAsset":0.4,"debtOnEbitda":3.1,"shortOnLongDebt":0.4,"assetOnEquity":2.5,"capitalBalance":331,"cashOnEquity":0.132,"cashOnCapitalize":0.08,"cashCirculation":157,"revenueOnWorkCapital":6.2,"capexOnFixedAsset":-0.238,"revenueOnAsset":0.3,"postTaxOnPreTax":0.8,"ebitOnRevenue":0.268,"preTaxOnEbit":0.6,"preProvisionOnToi":null,"postTaxOnToi":null,"loanOnEarnAsset":null,"loanOnAsset":null,"loanOnDeposit":null,"depositOnEarnAsset":null,"badDebtOnAsset":null,"liquidityOnLiability":null,"payableOnEquity":1.4,"cancelDebt":null,"ebitdaOnStockChange":0.072,"bookValuePerShareChange":0.031,"creditGrowth":null},{"ticker":"BWE","quarter":3,"year":2023,"priceToEarning":12.8,"priceToBook":1.9,"valueBeforeEbitda":9.1,"dividend":null,"roe":0.155,"roa":0.066,"daysReceivable":52,"daysInventory":170,"daysPayable":45,"ebitOnInterest":2.6,"earningPerShare":3157,"bookValuePerShare":21161,"interestMargin":null,"nonInterestOnToi":null,"badDebtPercentage":null,"provisionOnBadDebt":null,"costOfFinancing":null,"equityOnTotalAsset":0.411,"equityOnLoan":null,"costToIncome":null,"equityOnLiability":0.7,"currentPayment":1,"quickPayment":0.6,"epsChange":-0.027,"ebitdaOnStock":7377,"grossProfitMargin":0.436,"operatingProfitMargin":0.267,"postTaxMargin":0.211,"debtOnEquity":1,"debtOnAsset":0.4,"debtOnEbitda":3.1,"shortOnLongDebt":0.4,"assetOnEquity":2.4,"capitalBalance":104,"cashOnEquity":0.05,"cashOnCapitalize":0.03,"cashCirculation":177,"revenueOnWorkCapital":7,"capexOnFixedAsset":-0.166,"revenueOnAsset":0.3,"postTaxOnPreTax":0.9,"ebitOnRevenue":0.267,"preTaxOnEbit":0.9,"preProvisionOnToi":null,"postTaxOnToi":null,"loanOnEarnAsset":null,"loanOnAsset":null,"loanOnDeposit":null,"depositOnEarnAsset":null,"badDebtOnAsset":null,"liquidityOnLiability":null,"payableOnEquity":1.4,"cancelDebt":null,"ebitdaOnStockChange":0.004,"bookValuePerShareChange":0.04,"creditGrowth":null},{"ticker":"BWE","quarter":2,"year":2023,"priceToEarning":11.9,"priceToBook":1.9,"valueBeforeEbitda":9.6,"dividend":null,"roe":0.166,"roa":0.071,"daysReceivable":15,"daysInventory":147,"daysPayable":38,"ebitOnInterest":4.3,"earningPerShare":3246,"bookValuePerShare":20350,"interestMargin":null,"nonInterestOnToi":null,"badDebtPercentage":null,"provisionOnBadDebt":null,"costOfFinancing":null,"equityOnTotalAsset":0.405,"equityOnLoan":null,"costToIncome":null,"equityOnLiability":0.7,"currentPayment":1,"quickPayment":0.6,"epsChange":0.01,"ebitdaOnStock":7347,"grossProfitMargin":0.436,"operatingProfitMargin":0.28,"postTaxMargin":0.238,"debtOnEquity":1.1,"debtOnAsset":0.5,"debtOnEbitda":3,"shortOnLongDebt":0.5,"assetOnEquity":2.5,"capitalBalance":21,"cashOnEquity":0.031,"cashOnCapitalize":0.017,"cashCirculation":125,"revenueOnWorkCapital":23.8,"capexOnFixedAsset":-0.176,"revenueOnAsset":0.3,"postTaxOnPreTax":0.9,"ebitOnRevenue":0.28,"preTaxOnEbit":0.9,"preProvisionOnToi":null,"postTaxOnToi":null,"loanOnEarnAsset":null,"loanOnAsset":null,"loanOnDeposit":null,"depositOnEarnAsset":null,"badDebtOnAsset":null,"liquidityOnLiability":null,"payableOnEquity":1.4,"cancelDebt":null,"ebitdaOnStockChange":0.032,"bookValuePerShareChange":0.05,"creditGrowth":null},{"ticker":"BWE","quarter":1,"year":2023,"priceToEarning":11.7,"priceToBook":1.9,"valueBeforeEbitda":9.2,"dividend":null,"roe":0.173,"roa":0.074,"daysReceivable":46,"daysInventory":143,"daysPayable":27,"ebitOnInterest":2.8,"earningPerShare":3213,"bookValuePerShare":19390,"interestMargin":null,"nonInterestOnToi":null,"badDebtPercentage":null,"provisionOnBadDebt":null,"costOfFinancing":null,"equityOnTotalAsset":0.426,"equityOnLoan":null,"costToIncome":null,"equityOnLiability":0.8,"currentPayment":1.1,"quickPayment":0.8,"epsChange":-0.049,"ebitdaOnStock":7119,"grossProfitMargin":0.489,"operatingProfitMargin":0.303,"postTaxMargin":0.207,"debtOnEquity":0.9,"debtOnAsset":0.4,"debtOnEbitda":2.8,"shortOnLongDebt":0.6,"assetOnEquity":2.3,"capitalBalance":250,"cashOnEquity":0.071,"cashOnCapitalize":0.035,"cashCirculation":162,"revenueOnWorkCapital":7.9,"capexOnFixedAsset":-0.212,"revenueOnAsset":0.4,"postTaxOnPreTax":0.9,"ebitOnRevenue":0.303,"preTaxOnEbit":0.8,"preProvisionOnToi":null,"postTaxOnToi":null,"loanOnEarnAsset":null,"loanOnAsset":null,"loanOnDeposit":null,"depositOnEarnAsset":null,"badDebtOnAsset":null,"liquidityOnLiability":null,"payableOnEquity":1.3,"cancelDebt":null,"ebitdaOnStockChange":-0.018,"bookValuePerShareChange":-0.051,"creditGrowth":null}]