[{"ticker":"BWE","quarter":2,"year":2024,"revenue":1034,"yearRevenueGrowth":0.18,"quarterRevenueGrowth":0.306,"costOfGoodSold":-623,"grossProfit":411,"operationExpense":-157,"operationProfit":254,"yearOperationProfitGrowth":0.036,"quarterOperationProfitGrowth":0.011,"interestExpense":-65,"preTaxProfit":158,"postTaxProfit":140,"shareHolderIncome":136,"yearShareHolderIncomeGrowth":-0.351,"quarterShareHolderIncomeGrowth":-0.243,"investProfit":null,"serviceProfit":null,"otherProfit":null,"provisionExpense":null,"operationIncome":null,"ebitda":416},{"ticker":"BWE","quarter":1,"year":2024,"revenue":792,"yearRevenueGrowth":0.163,"quarterRevenueGrowth":-0.298,"costOfGoodSold":-399,"grossProfit":392,"operationExpense":-141,"operationProfit":252,"yearOperationProfitGrowth":0.22,"quarterOperationProfitGrowth":-0.169,"interestExpense":-82,"preTaxProfit":198,"postTaxProfit":180,"shareHolderIncome":179,"yearShareHolderIncomeGrowth":0.273,"quarterShareHolderIncomeGrowth":0.237,"investProfit":null,"serviceProfit":null,"otherProfit":null,"provisionExpense":null,"operationIncome":null,"ebitda":407},{"ticker":"BWE","quarter":4,"year":2023,"revenue":1128,"yearRevenueGrowth":0.081,"quarterRevenueGrowth":0.342,"costOfGoodSold":-649,"grossProfit":479,"operationExpense":-177,"operationProfit":303,"yearOperationProfitGrowth":0.551,"quarterOperationProfitGrowth":0.348,"interestExpense":-129,"preTaxProfit":172,"postTaxProfit":151,"shareHolderIncome":145,"yearShareHolderIncomeGrowth":-0.136,"quarterShareHolderIncomeGrowth":-0.182,"investProfit":null,"serviceProfit":null,"otherProfit":null,"provisionExpense":null,"operationIncome":null,"ebitda":435},{"ticker":"BWE","quarter":3,"year":2023,"revenue":840,"yearRevenueGrowth":-0.023,"quarterRevenueGrowth":-0.041,"costOfGoodSold":-474,"grossProfit":367,"operationExpense":-142,"operationProfit":225,"yearOperationProfitGrowth":0.001,"quarterOperationProfitGrowth":-0.086,"interestExpense":-86,"preTaxProfit":195,"postTaxProfit":178,"shareHolderIncome":177,"yearShareHolderIncomeGrowth":-0.1,"quarterShareHolderIncomeGrowth":-0.153,"investProfit":null,"serviceProfit":null,"otherProfit":null,"provisionExpense":null,"operationIncome":null,"ebitda":375},{"ticker":"BWE","quarter":2,"year":2023,"revenue":877,"yearRevenueGrowth":0.035,"quarterRevenueGrowth":0.288,"costOfGoodSold":-494,"grossProfit":383,"operationExpense":-137,"operationProfit":246,"yearOperationProfitGrowth":-0.033,"quarterOperationProfitGrowth":0.191,"interestExpense":-57,"preTaxProfit":233,"postTaxProfit":210,"shareHolderIncome":209,"yearShareHolderIncomeGrowth":0.036,"quarterShareHolderIncomeGrowth":0.485,"investProfit":null,"serviceProfit":null,"otherProfit":null,"provisionExpense":null,"operationIncome":null,"ebitda":375},{"ticker":"BWE","quarter":1,"year":2023,"revenue":681,"yearRevenueGrowth":-0.072,"quarterRevenueGrowth":-0.348,"costOfGoodSold":-348,"grossProfit":333,"operationExpense":-126,"operationProfit":206,"yearOperationProfitGrowth":-0.16,"quarterOperationProfitGrowth":0.057,"interestExpense":-73,"preTaxProfit":159,"postTaxProfit":141,"shareHolderIncome":141,"yearShareHolderIncomeGrowth":-0.204,"quarterShareHolderIncomeGrowth":-0.16,"investProfit":null,"serviceProfit":null,"otherProfit":null,"provisionExpense":null,"operationIncome":null,"ebitda":342}]