{"priceToEarning":{"top200AvgValue":"17.2","industryName":"Điện, nước & xăng dầu khí đốt","industryAvgValue":"19.5"},"valueBeforeEbitda":{"top200AvgValue":"14.1","industryName":"Điện, nước & xăng dầu khí đốt","industryAvgValue":"9.8"},"priceToBook":{"top200AvgValue":"1.8","industryName":"Điện, nước & xăng dầu khí đốt","industryAvgValue":"1.7"},"dividend":{"top200AvgValue":"0","industryName":"Điện, nước & xăng dầu khí đốt","industryAvgValue":"0"},"roe":{"top200AvgValue":"0.105","industryName":"Điện, nước & xăng dầu khí đốt","industryAvgValue":"0.1"},"roa":{"top200AvgValue":"0.038","industryName":"Điện, nước & xăng dầu khí đốt","industryAvgValue":"0.054"},"grossProfitMargin":{"top200AvgValue":"0.28","industryName":"Điện, nước & xăng dầu khí đốt","industryAvgValue":"0.311"},"operatingProfitMargin":{"top200AvgValue":"0.166","industryName":"Điện, nước & xăng dầu khí đốt","industryAvgValue":"0.161"},"postTaxMargin":{"top200AvgValue":"0.143","industryName":"Điện, nước & xăng dầu khí đốt","industryAvgValue":"0.109"},"debtOnEquity":{"top200AvgValue":"1.3","industryName":"Điện, nước & xăng dầu khí đốt","industryAvgValue":"0.7"},"debtOnAsset":{"top200AvgValue":"0.6","industryName":"Điện, nước & xăng dầu khí đốt","industryAvgValue":"0.4"},"debtOnEbitda":{"top200AvgValue":"2.2","industryName":"Điện, nước & xăng dầu khí đốt","industryAvgValue":"1.3"},"shortOnLongDebt":{"top200AvgValue":"1.1","industryName":"Điện, nước & xăng dầu khí đốt","industryAvgValue":"0.3"},"ebitOnInterest":{"top200AvgValue":"5.6","industryName":"Điện, nước & xăng dầu khí đốt","industryAvgValue":"6.1"},"assetOnEquity":{"top200AvgValue":"2.4","industryName":"Điện, nước & xăng dầu khí đốt","industryAvgValue":"1.8"},"cashOnEquity":{"top200AvgValue":"0.107","industryName":"Điện, nước & xăng dầu khí đốt","industryAvgValue":"0.086"},"cashOnCapitalize":{"top200AvgValue":"0.059","industryName":"Điện, nước & xăng dầu khí đốt","industryAvgValue":"0.059"},"currentPayment":{"top200AvgValue":"1.7","industryName":"Điện, nước & xăng dầu khí đốt","industryAvgValue":"1.4"},"quickPayment":{"top200AvgValue":"1.3","industryName":"Điện, nước & xăng dầu khí đốt","industryAvgValue":"1.1"},"daysReceivable":{"top200AvgValue":"145","industryName":"Điện, nước & xăng dầu khí đốt","industryAvgValue":"38"},"daysInventory":{"top200AvgValue":"73","industryName":"Điện, nước & xăng dầu khí đốt","industryAvgValue":"22"},"daysPayable":{"top200AvgValue":"34","industryName":"Điện, nước & xăng dầu khí đốt","industryAvgValue":"24"},"cashCirculation":{"top200AvgValue":"0.2","industryName":"Điện, nước & xăng dầu khí đốt","industryAvgValue":"0.3"},"revenueOnWorkCapital":{"top200AvgValue":"2.2","industryName":"Điện, nước & xăng dầu khí đốt","industryAvgValue":"5.5"},"revenueOnAsset":{"top200AvgValue":"0.5","industryName":"Điện, nước & xăng dầu khí đốt","industryAvgValue":"0.4"},"ebitOnRevenue":{"top200AvgValue":"0.166","industryName":"Điện, nước & xăng dầu khí đốt","industryAvgValue":"0.161"},"netDebtOnEbitda":{"top200AvgValue":"2.2","industryName":"Điện, nước & xăng dầu khí đốt","industryAvgValue":"1.3"},"netDebtOnEquity":{"top200AvgValue":"0.5","industryName":"Điện, nước & xăng dầu khí đốt","industryAvgValue":"0.3"},"priceToSales":{"top200AvgValue":"2.3","industryName":"Điện, nước & xăng dầu khí đốt","industryAvgValue":"1.2"}}