{"exchange":"HOSE","shortName":"Nước - Môi trường Bình Dương","industryID":277,"industryIDv2":"7577","industryIdLevel2":"7500","industryIdLevel4":"7577","industry":"Điện, nước & xăng dầu khí đốt","industryEn":"Utilities","establishedYear":"2006","noEmployees":1331,"noShareholders":3090,"foreignPercent":0.125,"website":"http://www.biwase.com.vn","stockRating":2.5,"deltaInWeek":-0.015,"deltaInMonth":-0.021,"deltaInYear":-0.001,"outstandingShare":219.9,"issueShare":219.9,"companyType":"CT","ticker":"BWE"}