{"capitalize":9941,"tradeVolume":108844,"priceToEarning":15.6,"priceToBook":2,"valueBeforeEbitda":9.1,"dividend":0,"roe":0.134,"profitGrowthAvarage":0.157,"ageOfReceivable":26.4,"ageOfInventory":174.5,"payableOnEquity":1.3,"payableOnEbitda":3.2,"ebitOnInterest":3.9,"shortOnLongTermPayable":0.4,"revenue":3794,"operationProfit":1033,"netProfit":637,"earningPerShare":2895,"asset":12140,"liability":6967,"equity":5173,"bookValuePerShare":22790,"profitMargin":null,"nonInterestOnToi":null,"loanOnDeposit":null,"creditGrowth":null,"badDebtPercentage":null,"provisionOnBadDebt":null,"customerCredit":null,"betaIndex":null,"ticker":"BWE"}