[{"ticker":"CTR","quarter":2,"year":2024,"shortAsset":5297,"cash":611,"shortInvest":797,"shortReceivable":3135,"inventory":652,"longAsset":1468,"fixedAsset":231,"asset":6765,"debt":4891,"shortDebt":1109,"longDebt":474,"equity":1873,"capital":1144,"centralBankDeposit":null,"otherBankDeposit":null,"otherBankLoan":null,"stockInvest":null,"customerLoan":null,"badLoan":null,"provision":null,"netCustomerLoan":null,"otherAsset":null,"otherBankCredit":null,"oweOtherBank":null,"oweCentralBank":null,"valuablePaper":null,"payableInterest":null,"receivableInterest":null,"deposit":null,"otherDebt":214,"fund":null,"unDistributedIncome":0,"minorShareHolderProfit":0,"payable":4891},{"ticker":"CTR","quarter":1,"year":2024,"shortAsset":5189,"cash":394,"shortInvest":845,"shortReceivable":2959,"inventory":896,"longAsset":1460,"fixedAsset":260,"asset":6649,"debt":4754,"shortDebt":1279,"longDebt":403,"equity":1895,"capital":1144,"centralBankDeposit":null,"otherBankDeposit":null,"otherBankLoan":null,"stockInvest":null,"customerLoan":null,"badLoan":null,"provision":null,"netCustomerLoan":null,"otherAsset":null,"otherBankCredit":null,"oweOtherBank":null,"oweCentralBank":null,"valuablePaper":null,"payableInterest":null,"receivableInterest":null,"deposit":null,"otherDebt":211,"fund":null,"unDistributedIncome":0,"minorShareHolderProfit":0,"payable":4754},{"ticker":"CTR","quarter":4,"year":2023,"shortAsset":5627,"cash":818,"shortInvest":1000,"shortReceivable":2945,"inventory":783,"longAsset":1302,"fixedAsset":285,"asset":6929,"debt":4938,"shortDebt":1191,"longDebt":383,"equity":1991,"capital":1144,"centralBankDeposit":null,"otherBankDeposit":null,"otherBankLoan":null,"stockInvest":null,"customerLoan":null,"badLoan":null,"provision":null,"netCustomerLoan":null,"otherAsset":null,"otherBankCredit":null,"oweOtherBank":null,"oweCentralBank":null,"valuablePaper":null,"payableInterest":null,"receivableInterest":null,"deposit":null,"otherDebt":238,"fund":null,"unDistributedIncome":0,"minorShareHolderProfit":0,"payable":4938},{"ticker":"CTR","quarter":3,"year":2023,"shortAsset":5580,"cash":572,"shortInvest":1082,"shortReceivable":3110,"inventory":750,"longAsset":1294,"fixedAsset":299,"asset":6873,"debt":5048,"shortDebt":1231,"longDebt":319,"equity":1825,"capital":1144,"centralBankDeposit":null,"otherBankDeposit":null,"otherBankLoan":null,"stockInvest":null,"customerLoan":null,"badLoan":null,"provision":null,"netCustomerLoan":null,"otherAsset":null,"otherBankCredit":null,"oweOtherBank":null,"oweCentralBank":null,"valuablePaper":null,"payableInterest":null,"receivableInterest":null,"deposit":null,"otherDebt":223,"fund":null,"unDistributedIncome":0,"minorShareHolderProfit":0,"payable":5048},{"ticker":"CTR","quarter":2,"year":2023,"shortAsset":4998,"cash":454,"shortInvest":1122,"shortReceivable":2731,"inventory":614,"longAsset":1124,"fixedAsset":319,"asset":6122,"debt":4455,"shortDebt":1151,"longDebt":303,"equity":1667,"capital":1144,"centralBankDeposit":null,"otherBankDeposit":null,"otherBankLoan":null,"stockInvest":null,"customerLoan":null,"badLoan":null,"provision":null,"netCustomerLoan":null,"otherAsset":null,"otherBankCredit":null,"oweOtherBank":null,"oweCentralBank":null,"valuablePaper":null,"payableInterest":null,"receivableInterest":null,"deposit":null,"otherDebt":306,"fund":null,"unDistributedIncome":0,"minorShareHolderProfit":0,"payable":4455},{"ticker":"CTR","quarter":1,"year":2023,"shortAsset":4993,"cash":292,"shortInvest":1334,"shortReceivable":2475,"inventory":825,"longAsset":1163,"fixedAsset":344,"asset":6156,"debt":4406,"shortDebt":1243,"longDebt":294,"equity":1750,"capital":1144,"centralBankDeposit":null,"otherBankDeposit":null,"otherBankLoan":null,"stockInvest":null,"customerLoan":null,"badLoan":null,"provision":null,"netCustomerLoan":null,"otherAsset":null,"otherBankCredit":null,"oweOtherBank":null,"oweCentralBank":null,"valuablePaper":null,"payableInterest":null,"receivableInterest":null,"deposit":null,"otherDebt":179,"fund":null,"unDistributedIncome":0,"minorShareHolderProfit":0,"payable":4406}]