[{"ticker":"CTR","quarter":2,"year":2024,"investCost":-252,"fromInvest":-188,"fromFinancial":-100,"fromSale":504,"freeCashFlow":43},{"ticker":"CTR","quarter":1,"year":2024,"investCost":-153,"fromInvest":17,"fromFinancial":-108,"fromSale":-333,"freeCashFlow":889},{"ticker":"CTR","quarter":4,"year":2023,"investCost":-212,"fromInvest":-101,"fromFinancial":-90,"fromSale":436,"freeCashFlow":541},{"ticker":"CTR","quarter":3,"year":2023,"investCost":-94,"fromInvest":-31,"fromFinancial":93,"fromSale":56,"freeCashFlow":618},{"ticker":"CTR","quarter":2,"year":2023,"investCost":-94,"fromInvest":156,"fromFinancial":-87,"fromSale":93,"freeCashFlow":552},{"ticker":"CTR","quarter":1,"year":2023,"investCost":-84,"fromInvest":-183,"fromFinancial":71,"fromSale":-10,"freeCashFlow":606}]