[{"ticker":"CTR","quarter":2,"year":2024,"priceToEarning":28.8,"priceToBook":8.1,"valueBeforeEbitda":16.3,"dividend":null,"roe":0.297,"roa":0.081,"daysReceivable":27,"daysInventory":21,"daysPayable":20,"ebitOnInterest":13.3,"earningPerShare":4590,"bookValuePerShare":16378,"interestMargin":null,"nonInterestOnToi":null,"badDebtPercentage":null,"provisionOnBadDebt":null,"costOfFinancing":null,"equityOnTotalAsset":0.277,"equityOnLoan":null,"costToIncome":null,"equityOnLiability":0.4,"currentPayment":1.2,"quickPayment":1.1,"epsChange":0.002,"ebitdaOnStock":8599,"grossProfitMargin":0.074,"operatingProfitMargin":0.064,"postTaxMargin":0.042,"debtOnEquity":0.8,"debtOnAsset":0.2,"debtOnEbitda":1.5,"shortOnLongDebt":2.3,"assetOnEquity":3.6,"capitalBalance":895,"cashOnEquity":0.326,"cashOnCapitalize":0.04,"cashCirculation":28,"revenueOnWorkCapital":13.6,"capexOnFixedAsset":-2.583,"revenueOnAsset":1.8,"postTaxOnPreTax":0.8,"ebitOnRevenue":0.064,"preTaxOnEbit":0.8,"preProvisionOnToi":null,"postTaxOnToi":null,"loanOnEarnAsset":null,"loanOnAsset":null,"loanOnDeposit":null,"depositOnEarnAsset":null,"badDebtOnAsset":null,"liquidityOnLiability":null,"payableOnEquity":2.6,"cancelDebt":null,"ebitdaOnStockChange":0.064,"bookValuePerShareChange":-0.011,"creditGrowth":null},{"ticker":"CTR","quarter":1,"year":2024,"priceToEarning":29.6,"priceToBook":8.2,"valueBeforeEbitda":17.7,"dividend":null,"roe":0.288,"roa":0.082,"daysReceivable":28,"daysInventory":29,"daysPayable":19,"ebitOnInterest":9.6,"earningPerShare":4581,"bookValuePerShare":16568,"interestMargin":null,"nonInterestOnToi":null,"badDebtPercentage":null,"provisionOnBadDebt":null,"costOfFinancing":null,"equityOnTotalAsset":0.285,"equityOnLoan":null,"costToIncome":null,"equityOnLiability":0.4,"currentPayment":1.2,"quickPayment":1,"epsChange":0.015,"ebitdaOnStock":8080,"grossProfitMargin":0.072,"operatingProfitMargin":0.057,"postTaxMargin":0.044,"debtOnEquity":0.9,"debtOnAsset":0.3,"debtOnEbitda":1.7,"shortOnLongDebt":3.2,"assetOnEquity":3.5,"capitalBalance":854,"cashOnEquity":0.208,"cashOnCapitalize":0.026,"cashCirculation":38,"revenueOnWorkCapital":13.2,"capexOnFixedAsset":-1.829,"revenueOnAsset":1.8,"postTaxOnPreTax":0.8,"ebitOnRevenue":0.057,"preTaxOnEbit":1,"preProvisionOnToi":null,"postTaxOnToi":null,"loanOnEarnAsset":null,"loanOnAsset":null,"loanOnDeposit":null,"depositOnEarnAsset":null,"badDebtOnAsset":null,"liquidityOnLiability":null,"payableOnEquity":2.5,"cancelDebt":null,"ebitdaOnStockChange":0.032,"bookValuePerShareChange":-0.048,"creditGrowth":null},{"ticker":"CTR","quarter":4,"year":2023,"priceToEarning":19.5,"priceToBook":5.1,"valueBeforeEbitda":16.9,"dividend":null,"roe":0.286,"roa":0.079,"daysReceivable":32,"daysInventory":29,"daysPayable":20,"ebitOnInterest":9.7,"earningPerShare":4515,"bookValuePerShare":17403,"interestMargin":null,"nonInterestOnToi":null,"badDebtPercentage":null,"provisionOnBadDebt":null,"costOfFinancing":null,"equityOnTotalAsset":0.287,"equityOnLoan":null,"costToIncome":null,"equityOnLiability":0.4,"currentPayment":1.2,"quickPayment":1.1,"epsChange":0.017,"ebitdaOnStock":7826,"grossProfitMargin":0.086,"operatingProfitMargin":0.056,"postTaxMargin":0.045,"debtOnEquity":0.8,"debtOnAsset":0.2,"debtOnEbitda":1.7,"shortOnLongDebt":3.1,"assetOnEquity":3.5,"capitalBalance":1087,"cashOnEquity":0.411,"cashOnCapitalize":0.058,"cashCirculation":41,"revenueOnWorkCapital":11.4,"capexOnFixedAsset":-1.471,"revenueOnAsset":1.7,"postTaxOnPreTax":0.8,"ebitOnRevenue":0.056,"preTaxOnEbit":1,"preProvisionOnToi":null,"postTaxOnToi":null,"loanOnEarnAsset":null,"loanOnAsset":null,"loanOnDeposit":null,"depositOnEarnAsset":null,"badDebtOnAsset":null,"liquidityOnLiability":null,"payableOnEquity":2.5,"cancelDebt":null,"ebitdaOnStockChange":0.021,"bookValuePerShareChange":0.091,"creditGrowth":null},{"ticker":"CTR","quarter":3,"year":2023,"priceToEarning":16.8,"priceToBook":4.7,"valueBeforeEbitda":13.2,"dividend":null,"roe":0.306,"roa":0.084,"daysReceivable":26,"daysInventory":26,"daysPayable":24,"ebitOnInterest":7.7,"earningPerShare":4441,"bookValuePerShare":15953,"interestMargin":null,"nonInterestOnToi":null,"badDebtPercentage":null,"provisionOnBadDebt":null,"costOfFinancing":null,"equityOnTotalAsset":0.266,"equityOnLoan":null,"costToIncome":null,"equityOnLiability":0.4,"currentPayment":1.2,"quickPayment":1,"epsChange":0.025,"ebitdaOnStock":7667,"grossProfitMargin":0.075,"operatingProfitMargin":0.057,"postTaxMargin":0.046,"debtOnEquity":0.8,"debtOnAsset":0.2,"debtOnEbitda":1.2,"shortOnLongDebt":3.9,"assetOnEquity":3.8,"capitalBalance":865,"cashOnEquity":0.314,"cashOnCapitalize":0.054,"cashCirculation":28,"revenueOnWorkCapital":14,"capexOnFixedAsset":-1.149,"revenueOnAsset":1.8,"postTaxOnPreTax":0.8,"ebitOnRevenue":0.057,"preTaxOnEbit":1,"preProvisionOnToi":null,"postTaxOnToi":null,"loanOnEarnAsset":null,"loanOnAsset":null,"loanOnDeposit":null,"depositOnEarnAsset":null,"badDebtOnAsset":null,"liquidityOnLiability":null,"payableOnEquity":2.8,"cancelDebt":null,"ebitdaOnStockChange":0.033,"bookValuePerShareChange":0.095,"creditGrowth":null},{"ticker":"CTR","quarter":2,"year":2023,"priceToEarning":15.6,"priceToBook":4.6,"valueBeforeEbitda":11,"dividend":null,"roe":0.328,"roa":0.095,"daysReceivable":25,"daysInventory":24,"daysPayable":20,"ebitOnInterest":7.4,"earningPerShare":4333,"bookValuePerShare":14569,"interestMargin":null,"nonInterestOnToi":null,"badDebtPercentage":null,"provisionOnBadDebt":null,"costOfFinancing":null,"equityOnTotalAsset":0.272,"equityOnLoan":null,"costToIncome":null,"equityOnLiability":0.4,"currentPayment":1.2,"quickPayment":1.1,"epsChange":0.045,"ebitdaOnStock":7421,"grossProfitMargin":0.076,"operatingProfitMargin":0.056,"postTaxMargin":0.046,"debtOnEquity":0.9,"debtOnAsset":0.2,"debtOnEbitda":1,"shortOnLongDebt":3.8,"assetOnEquity":3.7,"capitalBalance":860,"cashOnEquity":0.273,"cashOnCapitalize":0.055,"cashCirculation":29,"revenueOnWorkCapital":14.6,"capexOnFixedAsset":-1.152,"revenueOnAsset":2,"postTaxOnPreTax":0.8,"ebitOnRevenue":0.056,"preTaxOnEbit":1,"preProvisionOnToi":null,"postTaxOnToi":null,"loanOnEarnAsset":null,"loanOnAsset":null,"loanOnDeposit":null,"depositOnEarnAsset":null,"badDebtOnAsset":null,"liquidityOnLiability":null,"payableOnEquity":2.7,"cancelDebt":null,"ebitdaOnStockChange":-0.055,"bookValuePerShareChange":-0.048,"creditGrowth":null},{"ticker":"CTR","quarter":1,"year":2023,"priceToEarning":13.9,"priceToBook":3.8,"valueBeforeEbitda":11.7,"dividend":null,"roe":0.301,"roa":0.094,"daysReceivable":27,"daysInventory":28,"daysPayable":19,"ebitOnInterest":5.7,"earningPerShare":4147,"bookValuePerShare":15296,"interestMargin":null,"nonInterestOnToi":null,"badDebtPercentage":null,"provisionOnBadDebt":null,"costOfFinancing":null,"equityOnTotalAsset":0.284,"equityOnLoan":null,"costToIncome":null,"equityOnLiability":0.4,"currentPayment":1.2,"quickPayment":1,"epsChange":0.042,"ebitdaOnStock":7852,"grossProfitMargin":0.074,"operatingProfitMargin":0.057,"postTaxMargin":0.046,"debtOnEquity":0.9,"debtOnAsset":0.2,"debtOnEbitda":1.1,"shortOnLongDebt":4.2,"assetOnEquity":3.5,"capitalBalance":895,"cashOnEquity":0.167,"cashOnCapitalize":0.035,"cashCirculation":37,"revenueOnWorkCapital":13.3,"capexOnFixedAsset":-1.146,"revenueOnAsset":1.9,"postTaxOnPreTax":0.8,"ebitOnRevenue":0.057,"preTaxOnEbit":1,"preProvisionOnToi":null,"postTaxOnToi":null,"loanOnEarnAsset":null,"loanOnAsset":null,"loanOnDeposit":null,"depositOnEarnAsset":null,"badDebtOnAsset":null,"liquidityOnLiability":null,"payableOnEquity":2.5,"cancelDebt":null,"ebitdaOnStockChange":0.051,"bookValuePerShareChange":0.076,"creditGrowth":null}]