[{"ticker":"CTR","quarter":2,"year":2024,"revenue":3009,"yearRevenueGrowth":0.114,"quarterRevenueGrowth":0.147,"costOfGoodSold":-2786,"grossProfit":223,"operationExpense":-30,"operationProfit":193,"yearOperationProfitGrowth":0.273,"quarterOperationProfitGrowth":0.302,"interestExpense":-15,"preTaxProfit":161,"postTaxProfit":125,"shareHolderIncome":125,"yearShareHolderIncomeGrowth":0.008,"quarterShareHolderIncomeGrowth":0.077,"investProfit":null,"serviceProfit":null,"otherProfit":null,"provisionExpense":null,"operationIncome":null,"ebitda":273},{"ticker":"CTR","quarter":1,"year":2024,"revenue":2623,"yearRevenueGrowth":0.121,"quarterRevenueGrowth":-0.174,"costOfGoodSold":-2435,"grossProfit":188,"operationExpense":-40,"operationProfit":148,"yearOperationProfitGrowth":0.117,"quarterOperationProfitGrowth":-0.165,"interestExpense":-16,"preTaxProfit":144,"postTaxProfit":116,"shareHolderIncome":116,"yearShareHolderIncomeGrowth":0.07,"quarterShareHolderIncomeGrowth":-0.189,"investProfit":null,"serviceProfit":null,"otherProfit":null,"provisionExpense":null,"operationIncome":null,"ebitda":224},{"ticker":"CTR","quarter":4,"year":2023,"revenue":3175,"yearRevenueGrowth":0.204,"quarterRevenueGrowth":0.03,"costOfGoodSold":-2900,"grossProfit":274,"operationExpense":-97,"operationProfit":178,"yearOperationProfitGrowth":0.038,"quarterOperationProfitGrowth":0.014,"interestExpense":-18,"preTaxProfit":179,"postTaxProfit":143,"shareHolderIncome":143,"yearShareHolderIncomeGrowth":0.063,"quarterShareHolderIncomeGrowth":0.019,"investProfit":null,"serviceProfit":null,"otherProfit":null,"provisionExpense":null,"operationIncome":null,"ebitda":249},{"ticker":"CTR","quarter":3,"year":2023,"revenue":3083,"yearRevenueGrowth":0.183,"quarterRevenueGrowth":0.141,"costOfGoodSold":-2851,"grossProfit":232,"operationExpense":-57,"operationProfit":175,"yearOperationProfitGrowth":0.105,"quarterOperationProfitGrowth":0.155,"interestExpense":-23,"preTaxProfit":176,"postTaxProfit":141,"shareHolderIncome":141,"yearShareHolderIncomeGrowth":0.096,"quarterShareHolderIncomeGrowth":0.133,"investProfit":null,"serviceProfit":null,"otherProfit":null,"provisionExpense":null,"operationIncome":null,"ebitda":238},{"ticker":"CTR","quarter":2,"year":2023,"revenue":2701,"yearRevenueGrowth":0.215,"quarterRevenueGrowth":0.155,"costOfGoodSold":-2496,"grossProfit":205,"operationExpense":-54,"operationProfit":152,"yearOperationProfitGrowth":0.202,"quarterOperationProfitGrowth":0.142,"interestExpense":-21,"preTaxProfit":155,"postTaxProfit":124,"shareHolderIncome":124,"yearShareHolderIncomeGrowth":0.206,"quarterShareHolderIncomeGrowth":0.144,"investProfit":null,"serviceProfit":null,"otherProfit":null,"provisionExpense":null,"operationIncome":null,"ebitda":213},{"ticker":"CTR","quarter":1,"year":2023,"revenue":2339,"yearRevenueGrowth":0.169,"quarterRevenueGrowth":-0.113,"costOfGoodSold":-2166,"grossProfit":174,"operationExpense":-41,"operationProfit":133,"yearOperationProfitGrowth":0.184,"quarterOperationProfitGrowth":-0.224,"interestExpense":-23,"preTaxProfit":136,"postTaxProfit":109,"shareHolderIncome":108,"yearShareHolderIncomeGrowth":0.216,"quarterShareHolderIncomeGrowth":-0.195,"investProfit":null,"serviceProfit":null,"otherProfit":null,"provisionExpense":null,"operationIncome":null,"ebitda":195}]