{"exchange":"HOSE","shortName":"Công trình Viettel","industryID":181,"industryIDv2":"2357","industryIdLevel2":"2300","industryIdLevel4":"2357","industry":"Xây dựng và Vật liệu","industryEn":"Construction & Materials","establishedYear":"2010","noEmployees":12765,"noShareholders":6572,"foreignPercent":0.095,"website":"https://viettelconstruction.com.vn","stockRating":2.8,"deltaInWeek":-0.024,"deltaInMonth":0.061,"deltaInYear":0.685,"outstandingShare":114.4,"issueShare":114.4,"companyType":"CT","ticker":"CTR"}