{"capitalize":15099,"tradeVolume":327038,"priceToEarning":28.8,"priceToBook":8.1,"valueBeforeEbitda":16.3,"dividend":0.031,"roe":0.297,"profitGrowthAvarage":0.286,"ageOfReceivable":26.9,"ageOfInventory":21.1,"payableOnEquity":2.6,"payableOnEbitda":1.5,"ebitOnInterest":13.3,"shortOnLongTermPayable":2.3,"revenue":11890,"operationProfit":694,"netProfit":525,"earningPerShare":4590,"asset":6765,"liability":4891,"equity":1873,"bookValuePerShare":16378,"profitMargin":null,"nonInterestOnToi":null,"loanOnDeposit":null,"creditGrowth":null,"badDebtPercentage":null,"provisionOnBadDebt":null,"customerCredit":null,"betaIndex":null,"ticker":"CTR"}