[{"ticker":"LPB","quarter":3,"year":2024,"shortAsset":null,"cash":1770,"shortInvest":null,"shortReceivable":null,"inventory":null,"longAsset":null,"fixedAsset":2504,"asset":455805,"debt":415136,"shortDebt":null,"longDebt":null,"equity":40668,"capital":25576,"centralBankDeposit":7490,"otherBankDeposit":63545,"otherBankLoan":157,"stockInvest":55300,"customerLoan":319770,"badLoan":6272,"provision":-4860,"netCustomerLoan":314910,"otherAsset":10010,"otherBankCredit":82145,"oweOtherBank":2737,"oweCentralBank":1980,"valuablePaper":47323,"payableInterest":7384,"receivableInterest":7831,"deposit":271303,"otherDebt":9649,"fund":3696,"unDistributedIncome":11396,"minorShareHolderProfit":0,"payable":415136},{"ticker":"LPB","quarter":2,"year":2024,"shortAsset":null,"cash":2199,"shortInvest":null,"shortReceivable":null,"inventory":null,"longAsset":null,"fixedAsset":2391,"asset":442583,"debt":404245,"shortDebt":null,"longDebt":null,"equity":38338,"capital":25576,"centralBankDeposit":8648,"otherBankDeposit":55676,"otherBankLoan":457,"stockInvest":52112,"customerLoan":317395,"badLoan":5482,"provision":-4228,"netCustomerLoan":313167,"otherAsset":7969,"otherBankCredit":54882,"oweOtherBank":785,"oweCentralBank":93,"valuablePaper":48845,"payableInterest":7084,"receivableInterest":6078,"deposit":288098,"otherDebt":10269,"fund":3696,"unDistributedIncome":9065,"minorShareHolderProfit":0,"payable":404245},{"ticker":"LPB","quarter":1,"year":2024,"shortAsset":null,"cash":2234,"shortInvest":null,"shortReceivable":null,"inventory":null,"longAsset":null,"fixedAsset":1975,"asset":409764,"debt":373348,"shortDebt":null,"longDebt":null,"equity":36416,"capital":25576,"centralBankDeposit":11257,"otherBankDeposit":42176,"otherBankLoan":157,"stockInvest":41903,"customerLoan":307687,"badLoan":4267,"provision":-3796,"netCustomerLoan":303891,"otherAsset":6207,"otherBankCredit":53824,"oweOtherBank":2031,"oweCentralBank":1089,"valuablePaper":42498,"payableInterest":7607,"receivableInterest":4034,"deposit":261994,"otherDebt":11277,"fund":3696,"unDistributedIncome":7144,"minorShareHolderProfit":0,"payable":373348},{"ticker":"LPB","quarter":4,"year":2023,"shortAsset":null,"cash":2383,"shortInvest":null,"shortReceivable":null,"inventory":null,"longAsset":null,"fixedAsset":1950,"asset":382863,"debt":348746,"shortDebt":null,"longDebt":null,"equity":34117,"capital":25576,"centralBankDeposit":14578,"otherBankDeposit":35059,"otherBankLoan":526,"stockInvest":47774,"customerLoan":275431,"badLoan":3689,"provision":-3458,"netCustomerLoan":271973,"otherAsset":8656,"otherBankCredit":47153,"oweOtherBank":2960,"oweCentralBank":90,"valuablePaper":47910,"payableInterest":9839,"receivableInterest":5038,"deposit":237392,"otherDebt":13166,"fund":3696,"unDistributedIncome":4845,"minorShareHolderProfit":0,"payable":348746},{"ticker":"LPB","quarter":3,"year":2023,"shortAsset":null,"cash":2287,"shortInvest":null,"shortReceivable":null,"inventory":null,"longAsset":null,"fixedAsset":1904,"asset":365450,"debt":338961,"shortDebt":null,"longDebt":null,"equity":26490,"capital":20576,"centralBankDeposit":7933,"otherBankDeposit":34910,"otherBankLoan":158,"stockInvest":43276,"customerLoan":263621,"badLoan":7367,"provision":-4971,"netCustomerLoan":258651,"otherAsset":16298,"otherBankCredit":48024,"oweOtherBank":1893,"oweCentralBank":107,"valuablePaper":46135,"payableInterest":9721,"receivableInterest":5670,"deposit":228401,"otherDebt":14401,"fund":2860,"unDistributedIncome":3053,"minorShareHolderProfit":0,"payable":338961},{"ticker":"LPB","quarter":2,"year":2023,"shortAsset":null,"cash":2015,"shortInvest":null,"shortReceivable":null,"inventory":null,"longAsset":null,"fixedAsset":1789,"asset":350243,"debt":324746,"shortDebt":null,"longDebt":null,"equity":25497,"capital":17291,"centralBankDeposit":7087,"otherBankDeposit":30354,"otherBankLoan":158,"stockInvest":44773,"customerLoan":253392,"badLoan":6157,"provision":-4438,"netCustomerLoan":248954,"otherAsset":14709,"otherBankCredit":42232,"oweOtherBank":1828,"oweCentralBank":113,"valuablePaper":42960,"payableInterest":8949,"receivableInterest":3996,"deposit":224126,"otherDebt":13486,"fund":2860,"unDistributedIncome":5345,"minorShareHolderProfit":0,"payable":324746}]