[{"ticker":"LPB","quarter":3,"year":2024,"investCost":-148,"fromInvest":-105,"fromFinancial":0,"fromSale":4387,"freeCashFlow":null},{"ticker":"LPB","quarter":2,"year":2024,"investCost":-465,"fromInvest":-655,"fromFinancial":0,"fromSale":13512,"freeCashFlow":0},{"ticker":"LPB","quarter":1,"year":2024,"investCost":-49,"fromInvest":-32,"fromFinancial":0,"fromSale":3678,"freeCashFlow":0},{"ticker":"LPB","quarter":4,"year":2023,"investCost":-54,"fromInvest":-77,"fromFinancial":5000,"fromSale":1968,"freeCashFlow":0},{"ticker":"LPB","quarter":3,"year":2023,"investCost":-168,"fromInvest":-168,"fromFinancial":0,"fromSale":5841,"freeCashFlow":0},{"ticker":"LPB","quarter":2,"year":2023,"investCost":-105,"fromInvest":-73,"fromFinancial":0,"fromSale":1212,"freeCashFlow":0}]