[{"ticker":"LPB","quarter":3,"year":2024,"priceToEarning":8.5,"priceToBook":2,"valueBeforeEbitda":null,"dividend":null,"roe":0.288,"roa":0.024,"daysReceivable":null,"daysInventory":null,"daysPayable":null,"ebitOnInterest":null,"earningPerShare":3784,"bookValuePerShare":15900,"interestMargin":0.036,"nonInterestOnToi":0.255,"badDebtPercentage":0.02,"provisionOnBadDebt":0.775,"costOfFinancing":0.052,"equityOnTotalAsset":0.089,"equityOnLoan":0.127,"costToIncome":0.303,"equityOnLiability":0.1,"currentPayment":null,"quickPayment":null,"epsChange":0.16,"ebitdaOnStock":null,"grossProfitMargin":null,"operatingProfitMargin":null,"postTaxMargin":null,"debtOnEquity":null,"debtOnAsset":null,"debtOnEbitda":null,"shortOnLongDebt":null,"assetOnEquity":11.2,"capitalBalance":null,"cashOnEquity":null,"cashOnCapitalize":null,"cashCirculation":null,"revenueOnWorkCapital":null,"capexOnFixedAsset":null,"revenueOnAsset":null,"postTaxOnPreTax":null,"ebitOnRevenue":null,"preTaxOnEbit":null,"preProvisionOnToi":0.56,"postTaxOnToi":0.46,"loanOnEarnAsset":0.725,"loanOnAsset":0.702,"loanOnDeposit":1.179,"depositOnEarnAsset":0.615,"badDebtOnAsset":0.014,"liquidityOnLiability":0.309,"payableOnEquity":10.2,"cancelDebt":0.01,"ebitdaOnStockChange":null,"bookValuePerShareChange":0.061,"creditGrowth":0.213},{"ticker":"LPB","quarter":2,"year":2024,"priceToEarning":8.6,"priceToBook":1.9,"valueBeforeEbitda":null,"dividend":null,"roe":0.261,"roa":0.021,"daysReceivable":null,"daysInventory":null,"daysPayable":null,"ebitOnInterest":null,"earningPerShare":3261,"bookValuePerShare":14989,"interestMargin":0.034,"nonInterestOnToi":0.246,"badDebtPercentage":0.017,"provisionOnBadDebt":0.771,"costOfFinancing":0.057,"equityOnTotalAsset":0.087,"equityOnLoan":0.121,"costToIncome":0.258,"equityOnLiability":0.1,"currentPayment":null,"quickPayment":null,"epsChange":0.259,"ebitdaOnStock":null,"grossProfitMargin":null,"operatingProfitMargin":null,"postTaxMargin":null,"debtOnEquity":null,"debtOnAsset":null,"debtOnEbitda":null,"shortOnLongDebt":null,"assetOnEquity":11.5,"capitalBalance":null,"cashOnEquity":null,"cashOnCapitalize":null,"cashCirculation":null,"revenueOnWorkCapital":null,"capexOnFixedAsset":null,"revenueOnAsset":null,"postTaxOnPreTax":null,"ebitOnRevenue":null,"preTaxOnEbit":null,"preProvisionOnToi":0.593,"postTaxOnToi":0.501,"loanOnEarnAsset":0.739,"loanOnAsset":0.717,"loanOnDeposit":1.102,"depositOnEarnAsset":0.671,"badDebtOnAsset":0.012,"liquidityOnLiability":0.294,"payableOnEquity":10.5,"cancelDebt":0.011,"ebitdaOnStockChange":null,"bookValuePerShareChange":0.053,"creditGrowth":0.253},{"ticker":"LPB","quarter":1,"year":2024,"priceToEarning":6.8,"priceToBook":1.2,"valueBeforeEbitda":null,"dividend":null,"roe":0.215,"roa":0.018,"daysReceivable":null,"daysInventory":null,"daysPayable":null,"ebitOnInterest":null,"earningPerShare":2591,"bookValuePerShare":14238,"interestMargin":0.033,"nonInterestOnToi":0.226,"badDebtPercentage":0.014,"provisionOnBadDebt":0.89,"costOfFinancing":0.063,"equityOnTotalAsset":0.089,"equityOnLoan":0.118,"costToIncome":0.307,"equityOnLiability":0.1,"currentPayment":null,"quickPayment":null,"epsChange":0.189,"ebitdaOnStock":null,"grossProfitMargin":null,"operatingProfitMargin":null,"postTaxMargin":null,"debtOnEquity":null,"debtOnAsset":null,"debtOnEbitda":null,"shortOnLongDebt":null,"assetOnEquity":11.3,"capitalBalance":null,"cashOnEquity":null,"cashOnCapitalize":null,"cashCirculation":null,"revenueOnWorkCapital":null,"capexOnFixedAsset":null,"revenueOnAsset":null,"postTaxOnPreTax":null,"ebitOnRevenue":null,"preTaxOnEbit":null,"preProvisionOnToi":0.552,"postTaxOnToi":0.513,"loanOnEarnAsset":0.771,"loanOnAsset":0.751,"loanOnDeposit":1.174,"depositOnEarnAsset":0.657,"badDebtOnAsset":0.01,"liquidityOnLiability":0.262,"payableOnEquity":10.3,"cancelDebt":0.011,"ebitdaOnStockChange":null,"bookValuePerShareChange":0.067,"creditGrowth":0.271},{"ticker":"LPB","quarter":4,"year":2023,"priceToEarning":7.2,"priceToBook":1.2,"valueBeforeEbitda":null,"dividend":null,"roe":0.192,"roa":0.016,"daysReceivable":null,"daysInventory":null,"daysPayable":null,"ebitOnInterest":null,"earningPerShare":2178,"bookValuePerShare":13339,"interestMargin":0.032,"nonInterestOnToi":0.485,"badDebtPercentage":0.013,"provisionOnBadDebt":0.938,"costOfFinancing":0.067,"equityOnTotalAsset":0.089,"equityOnLoan":0.124,"costToIncome":0.246,"equityOnLiability":0.1,"currentPayment":null,"quickPayment":null,"epsChange":0.543,"ebitdaOnStock":null,"grossProfitMargin":null,"operatingProfitMargin":null,"postTaxMargin":null,"debtOnEquity":null,"debtOnAsset":null,"debtOnEbitda":null,"shortOnLongDebt":null,"assetOnEquity":11.2,"capitalBalance":null,"cashOnEquity":null,"cashOnCapitalize":null,"cashCirculation":null,"revenueOnWorkCapital":null,"capexOnFixedAsset":null,"revenueOnAsset":null,"postTaxOnPreTax":null,"ebitOnRevenue":null,"preTaxOnEbit":null,"preProvisionOnToi":0.591,"postTaxOnToi":0.405,"loanOnEarnAsset":0.745,"loanOnAsset":0.719,"loanOnDeposit":1.16,"depositOnEarnAsset":0.642,"badDebtOnAsset":0.01,"liquidityOnLiability":0.287,"payableOnEquity":10.2,"cancelDebt":0.017,"ebitdaOnStockChange":null,"bookValuePerShareChange":0.288,"creditGrowth":0.17},{"ticker":"LPB","quarter":3,"year":2023,"priceToEarning":9.8,"priceToBook":1.3,"valueBeforeEbitda":null,"dividend":null,"roe":0.145,"roa":0.011,"daysReceivable":null,"daysInventory":null,"daysPayable":null,"ebitOnInterest":null,"earningPerShare":1412,"bookValuePerShare":10357,"interestMargin":0.032,"nonInterestOnToi":0.155,"badDebtPercentage":0.028,"provisionOnBadDebt":0.675,"costOfFinancing":0.065,"equityOnTotalAsset":0.072,"equityOnLoan":0.1,"costToIncome":0.431,"equityOnLiability":0.1,"currentPayment":null,"quickPayment":null,"epsChange":0.002,"ebitdaOnStock":null,"grossProfitMargin":null,"operatingProfitMargin":null,"postTaxMargin":null,"debtOnEquity":null,"debtOnAsset":null,"debtOnEbitda":null,"shortOnLongDebt":null,"assetOnEquity":13.8,"capitalBalance":null,"cashOnEquity":null,"cashOnCapitalize":null,"cashCirculation":null,"revenueOnWorkCapital":null,"capexOnFixedAsset":null,"revenueOnAsset":null,"postTaxOnPreTax":null,"ebitOnRevenue":null,"preTaxOnEbit":null,"preProvisionOnToi":0.456,"postTaxOnToi":0.319,"loanOnEarnAsset":0.765,"loanOnAsset":0.721,"loanOnDeposit":1.154,"depositOnEarnAsset":0.663,"badDebtOnAsset":0.02,"liquidityOnLiability":0.261,"payableOnEquity":12.8,"cancelDebt":0.009,"ebitdaOnStockChange":null,"bookValuePerShareChange":0.039,"creditGrowth":0.157},{"ticker":"LPB","quarter":2,"year":2023,"priceToEarning":8.3,"priceToBook":1.2,"valueBeforeEbitda":null,"dividend":null,"roe":0.159,"roa":0.011,"daysReceivable":null,"daysInventory":null,"daysPayable":null,"ebitOnInterest":null,"earningPerShare":1410,"bookValuePerShare":9968,"interestMargin":0.036,"nonInterestOnToi":0.151,"badDebtPercentage":0.024,"provisionOnBadDebt":0.721,"costOfFinancing":0.061,"equityOnTotalAsset":0.073,"equityOnLoan":0.101,"costToIncome":0.513,"equityOnLiability":0.1,"currentPayment":null,"quickPayment":null,"epsChange":-0.168,"ebitdaOnStock":null,"grossProfitMargin":null,"operatingProfitMargin":null,"postTaxMargin":null,"debtOnEquity":null,"debtOnAsset":null,"debtOnEbitda":null,"shortOnLongDebt":null,"assetOnEquity":13.7,"capitalBalance":null,"cashOnEquity":null,"cashOnCapitalize":null,"cashCirculation":null,"revenueOnWorkCapital":null,"capexOnFixedAsset":null,"revenueOnAsset":null,"postTaxOnPreTax":null,"ebitOnRevenue":null,"preTaxOnEbit":null,"preProvisionOnToi":0.392,"postTaxOnToi":0.245,"loanOnEarnAsset":0.766,"loanOnAsset":0.723,"loanOnDeposit":1.131,"depositOnEarnAsset":0.677,"badDebtOnAsset":0.018,"liquidityOnLiability":0.26,"payableOnEquity":12.7,"cancelDebt":0.01,"ebitdaOnStockChange":null,"bookValuePerShareChange":0.008,"creditGrowth":0.117}]