[{"ticker":"LPB","quarter":3,"year":2024,"revenue":3778,"yearRevenueGrowth":0.435,"quarterRevenueGrowth":0.037,"costOfGoodSold":null,"grossProfit":null,"operationExpense":-1538,"operationProfit":5069,"yearOperationProfitGrowth":0.628,"quarterOperationProfitGrowth":0.049,"interestExpense":null,"preTaxProfit":2900,"postTaxProfit":2331,"shareHolderIncome":2331,"yearShareHolderIncomeGrowth":1.348,"quarterShareHolderIncomeGrowth":-0.038,"investProfit":156,"serviceProfit":1016,"otherProfit":119,"provisionExpense":-632,"operationIncome":3531,"ebitda":null},{"ticker":"LPB","quarter":2,"year":2024,"revenue":3645,"yearRevenueGrowth":0.488,"quarterRevenueGrowth":0.052,"costOfGoodSold":null,"grossProfit":null,"operationExpense":-1247,"operationProfit":4834,"yearOperationProfitGrowth":0.675,"quarterOperationProfitGrowth":0.08,"interestExpense":null,"preTaxProfit":3032,"postTaxProfit":2422,"shareHolderIncome":2422,"yearShareHolderIncomeGrowth":2.419,"quarterShareHolderIncomeGrowth":0.054,"investProfit":77,"serviceProfit":866,"otherProfit":245,"provisionExpense":-554,"operationIncome":3587,"ebitda":null},{"ticker":"LPB","quarter":1,"year":2024,"revenue":3464,"yearRevenueGrowth":0.249,"quarterRevenueGrowth":0.035,"costOfGoodSold":null,"grossProfit":null,"operationExpense":-1376,"operationProfit":4477,"yearOperationProfitGrowth":0.429,"quarterOperationProfitGrowth":-0.31,"interestExpense":null,"preTaxProfit":2886,"postTaxProfit":2299,"shareHolderIncome":2299,"yearShareHolderIncomeGrowth":0.849,"quarterShareHolderIncomeGrowth":-0.125,"investProfit":166,"serviceProfit":819,"otherProfit":28,"provisionExpense":-215,"operationIncome":3101,"ebitda":null},{"ticker":"LPB","quarter":4,"year":2023,"revenue":3346,"yearRevenueGrowth":0.207,"quarterRevenueGrowth":0.271,"costOfGoodSold":null,"grossProfit":null,"operationExpense":-1595,"operationProfit":6491,"yearOperationProfitGrowth":0.764,"quarterOperationProfitGrowth":1.084,"interestExpense":null,"preTaxProfit":3353,"postTaxProfit":2628,"shareHolderIncome":2628,"yearShareHolderIncomeGrowth":2.935,"quarterShareHolderIncomeGrowth":1.647,"investProfit":83,"serviceProfit":2926,"otherProfit":136,"provisionExpense":-1544,"operationIncome":4896,"ebitda":null},{"ticker":"LPB","quarter":3,"year":2023,"revenue":2633,"yearRevenueGrowth":-0.179,"quarterRevenueGrowth":0.075,"costOfGoodSold":null,"grossProfit":null,"operationExpense":-1341,"operationProfit":3114,"yearOperationProfitGrowth":-0.099,"quarterOperationProfitGrowth":0.079,"interestExpense":null,"preTaxProfit":1241,"postTaxProfit":993,"shareHolderIncome":993,"yearShareHolderIncomeGrowth":0.006,"quarterShareHolderIncomeGrowth":0.402,"investProfit":205,"serviceProfit":164,"otherProfit":112,"provisionExpense":-533,"operationIncome":1773,"ebitda":null},{"ticker":"LPB","quarter":2,"year":2023,"revenue":2450,"yearRevenueGrowth":-0.195,"quarterRevenueGrowth":-0.117,"costOfGoodSold":null,"grossProfit":null,"operationExpense":-1480,"operationProfit":2886,"yearOperationProfitGrowth":-0.235,"quarterOperationProfitGrowth":-0.079,"interestExpense":null,"preTaxProfit":880,"postTaxProfit":708,"shareHolderIncome":708,"yearShareHolderIncomeGrowth":-0.506,"quarterShareHolderIncomeGrowth":-0.43,"investProfit":76,"serviceProfit":249,"otherProfit":111,"provisionExpense":-526,"operationIncome":1406,"ebitda":null}]