{"capitalize":82739,"tradeVolume":1691214,"priceToEarning":8.5,"priceToBook":2,"valueBeforeEbitda":null,"dividend":0,"roe":0.288,"profitGrowthAvarage":0.422,"ageOfReceivable":null,"ageOfInventory":null,"payableOnEquity":null,"payableOnEbitda":null,"ebitOnInterest":null,"shortOnLongTermPayable":null,"revenue":14233,"operationProfit":20871,"netProfit":9679,"earningPerShare":3784,"asset":455805,"liability":415136,"equity":40668,"bookValuePerShare":15901,"profitMargin":0.036,"nonInterestOnToi":0.255,"loanOnDeposit":1.179,"creditGrowth":0.213,"badDebtPercentage":0.02,"provisionOnBadDebt":0.775,"customerCredit":314910,"betaIndex":null,"ticker":"LPB"}