[{"ticker":"KDC","quarter":2,"year":2024,"shortAsset":5991,"cash":1637,"shortInvest":174,"shortReceivable":3192,"inventory":866,"longAsset":5450,"fixedAsset":2499,"asset":11442,"debt":4353,"shortDebt":2566,"longDebt":253,"equity":7089,"capital":2898,"centralBankDeposit":null,"otherBankDeposit":null,"otherBankLoan":null,"stockInvest":null,"customerLoan":null,"badLoan":null,"provision":null,"netCustomerLoan":null,"otherAsset":null,"otherBankCredit":null,"oweOtherBank":null,"oweCentralBank":null,"valuablePaper":null,"payableInterest":null,"receivableInterest":null,"deposit":null,"otherDebt":90,"fund":null,"unDistributedIncome":0,"minorShareHolderProfit":313,"payable":4353},{"ticker":"KDC","quarter":1,"year":2024,"shortAsset":5889,"cash":1504,"shortInvest":549,"shortReceivable":2798,"inventory":905,"longAsset":5389,"fixedAsset":2544,"asset":11279,"debt":4144,"shortDebt":2470,"longDebt":252,"equity":7135,"capital":2898,"centralBankDeposit":null,"otherBankDeposit":null,"otherBankLoan":null,"stockInvest":null,"customerLoan":null,"badLoan":null,"provision":null,"netCustomerLoan":null,"otherAsset":null,"otherBankCredit":null,"oweOtherBank":null,"oweCentralBank":null,"valuablePaper":null,"payableInterest":null,"receivableInterest":null,"deposit":null,"otherDebt":84,"fund":null,"unDistributedIncome":0,"minorShareHolderProfit":332,"payable":4144},{"ticker":"KDC","quarter":4,"year":2023,"shortAsset":7022,"cash":2185,"shortInvest":619,"shortReceivable":3008,"inventory":1077,"longAsset":5415,"fixedAsset":2582,"asset":12437,"debt":5355,"shortDebt":2826,"longDebt":501,"equity":7081,"capital":2898,"centralBankDeposit":null,"otherBankDeposit":null,"otherBankLoan":null,"stockInvest":null,"customerLoan":null,"badLoan":null,"provision":null,"netCustomerLoan":null,"otherAsset":null,"otherBankCredit":null,"oweOtherBank":null,"oweCentralBank":null,"valuablePaper":null,"payableInterest":null,"receivableInterest":null,"deposit":null,"otherDebt":461,"fund":null,"unDistributedIncome":0,"minorShareHolderProfit":322,"payable":5355},{"ticker":"KDC","quarter":3,"year":2023,"shortAsset":6948,"cash":2058,"shortInvest":663,"shortReceivable":3002,"inventory":1119,"longAsset":6231,"fixedAsset":2613,"asset":13179,"debt":5048,"shortDebt":2182,"longDebt":501,"equity":8131,"capital":2797,"centralBankDeposit":null,"otherBankDeposit":null,"otherBankLoan":null,"stockInvest":null,"customerLoan":null,"badLoan":null,"provision":null,"netCustomerLoan":null,"otherAsset":null,"otherBankCredit":null,"oweOtherBank":null,"oweCentralBank":null,"valuablePaper":null,"payableInterest":null,"receivableInterest":null,"deposit":null,"otherDebt":482,"fund":null,"unDistributedIncome":0,"minorShareHolderProfit":452,"payable":5048},{"ticker":"KDC","quarter":2,"year":2023,"shortAsset":7697,"cash":1350,"shortInvest":514,"shortReceivable":4374,"inventory":1339,"longAsset":5173,"fixedAsset":2164,"asset":12870,"debt":5114,"shortDebt":2667,"longDebt":501,"equity":7757,"capital":2797,"centralBankDeposit":null,"otherBankDeposit":null,"otherBankLoan":null,"stockInvest":null,"customerLoan":null,"badLoan":null,"provision":null,"netCustomerLoan":null,"otherAsset":null,"otherBankCredit":null,"oweOtherBank":null,"oweCentralBank":null,"valuablePaper":null,"payableInterest":null,"receivableInterest":null,"deposit":null,"otherDebt":120,"fund":null,"unDistributedIncome":0,"minorShareHolderProfit":151,"payable":5114},{"ticker":"KDC","quarter":1,"year":2023,"shortAsset":8285,"cash":2272,"shortInvest":473,"shortReceivable":3199,"inventory":2169,"longAsset":4953,"fixedAsset":2595,"asset":13238,"debt":6337,"shortDebt":3947,"longDebt":503,"equity":6901,"capital":2797,"centralBankDeposit":null,"otherBankDeposit":null,"otherBankLoan":null,"stockInvest":null,"customerLoan":null,"badLoan":null,"provision":null,"netCustomerLoan":null,"otherAsset":null,"otherBankCredit":null,"oweOtherBank":null,"oweCentralBank":null,"valuablePaper":null,"payableInterest":null,"receivableInterest":null,"deposit":null,"otherDebt":169,"fund":null,"unDistributedIncome":0,"minorShareHolderProfit":366,"payable":6337}]