[{"ticker":"KDC","quarter":2,"year":2024,"investCost":-49,"fromInvest":142,"fromFinancial":77,"fromSale":-88,"freeCashFlow":-394},{"ticker":"KDC","quarter":1,"year":2024,"investCost":-8,"fromInvest":86,"fromFinancial":-891,"fromSale":123,"freeCashFlow":344},{"ticker":"KDC","quarter":4,"year":2023,"investCost":-69,"fromInvest":-311,"fromFinancial":701,"fromSale":-263,"freeCashFlow":-991},{"ticker":"KDC","quarter":3,"year":2023,"investCost":-13,"fromInvest":497,"fromFinancial":-485,"fromSale":696,"freeCashFlow":-41},{"ticker":"KDC","quarter":2,"year":2023,"investCost":25,"fromInvest":-1476,"fromFinancial":-102,"fromSale":659,"freeCashFlow":-195},{"ticker":"KDC","quarter":1,"year":2023,"investCost":-63,"fromInvest":1886,"fromFinancial":-464,"fromSale":-252,"freeCashFlow":61}]