[{"ticker":"KDC","quarter":2,"year":2024,"priceToEarning":-30.7,"priceToBook":2.2,"valueBeforeEbitda":37.7,"dividend":null,"roe":-0.066,"roa":-0.039,"daysReceivable":142,"daysInventory":63,"daysPayable":25,"ebitOnInterest":-2.5,"earningPerShare":-1637,"bookValuePerShare":23379,"interestMargin":null,"nonInterestOnToi":null,"badDebtPercentage":null,"provisionOnBadDebt":null,"costOfFinancing":null,"equityOnTotalAsset":0.592,"equityOnLoan":null,"costToIncome":null,"equityOnLiability":1.6,"currentPayment":1.7,"quickPayment":1.4,"epsChange":-2.087,"ebitdaOnStock":1496,"grossProfitMargin":0.159,"operatingProfitMargin":null,"postTaxMargin":0.004,"debtOnEquity":0.4,"debtOnAsset":0.2,"debtOnEbitda":7,"shortOnLongDebt":10.2,"assetOnEquity":1.7,"capitalBalance":2442,"cashOnEquity":0.231,"cashOnCapitalize":0.112,"cashCirculation":181,"revenueOnWorkCapital":2.6,"capexOnFixedAsset":-0.06,"revenueOnAsset":0.6,"postTaxOnPreTax":0.8,"ebitOnRevenue":null,"preTaxOnEbit":-0.1,"preProvisionOnToi":null,"postTaxOnToi":null,"loanOnEarnAsset":null,"loanOnAsset":null,"loanOnDeposit":null,"depositOnEarnAsset":null,"badDebtOnAsset":null,"liquidityOnLiability":null,"payableOnEquity":0.6,"cancelDebt":null,"ebitdaOnStockChange":1.286,"bookValuePerShareChange":-0.004,"creditGrowth":null},{"ticker":"KDC","quarter":1,"year":2024,"priceToEarning":41,"priceToBook":2.6,"valueBeforeEbitda":99,"dividend":null,"roe":0.065,"roa":0.036,"daysReceivable":122,"daysInventory":81,"daysPayable":27,"ebitOnInterest":0.5,"earningPerShare":1505,"bookValuePerShare":23474,"interestMargin":null,"nonInterestOnToi":null,"badDebtPercentage":null,"provisionOnBadDebt":null,"costOfFinancing":null,"equityOnTotalAsset":0.603,"equityOnLoan":null,"costToIncome":null,"equityOnLiability":1.7,"currentPayment":1.8,"quickPayment":1.5,"epsChange":3.048,"ebitdaOnStock":654,"grossProfitMargin":0.198,"operatingProfitMargin":0.008,"postTaxMargin":0.005,"debtOnEquity":0.4,"debtOnAsset":0.2,"debtOnEbitda":19.2,"shortOnLongDebt":9.8,"assetOnEquity":1.7,"capitalBalance":2554,"cashOnEquity":0.211,"cashOnCapitalize":0.089,"cashCirculation":176,"revenueOnWorkCapital":3,"capexOnFixedAsset":-0.025,"revenueOnAsset":0.7,"postTaxOnPreTax":0.2,"ebitOnRevenue":0.008,"preTaxOnEbit":3.2,"preProvisionOnToi":null,"postTaxOnToi":null,"loanOnEarnAsset":null,"loanOnAsset":null,"loanOnDeposit":null,"depositOnEarnAsset":null,"badDebtOnAsset":null,"liquidityOnLiability":null,"payableOnEquity":0.6,"cancelDebt":null,"ebitdaOnStockChange":0.189,"bookValuePerShareChange":0.006,"creditGrowth":null},{"ticker":"KDC","quarter":4,"year":2023,"priceToEarning":164.7,"priceToBook":2.6,"valueBeforeEbitda":113.3,"dividend":null,"roe":0.016,"roa":0.008,"daysReceivable":90,"daysInventory":84,"daysPayable":30,"ebitOnInterest":3.1,"earningPerShare":371,"bookValuePerShare":23324,"interestMargin":null,"nonInterestOnToi":null,"badDebtPercentage":null,"provisionOnBadDebt":null,"costOfFinancing":null,"equityOnTotalAsset":0.544,"equityOnLoan":null,"costToIncome":null,"equityOnLiability":1.3,"currentPayment":1.6,"quickPayment":1.4,"epsChange":-0.843,"ebitdaOnStock":550,"grossProfitMargin":0.191,"operatingProfitMargin":0.062,"postTaxMargin":null,"debtOnEquity":0.5,"debtOnAsset":0.3,"debtOnEbitda":26.3,"shortOnLongDebt":5.6,"assetOnEquity":1.8,"capitalBalance":2730,"cashOnEquity":0.309,"cashOnCapitalize":0.131,"cashCirculation":145,"revenueOnWorkCapital":4,"capexOnFixedAsset":-0.046,"revenueOnAsset":0.7,"postTaxOnPreTax":null,"ebitOnRevenue":0.062,"preTaxOnEbit":-4.7,"preProvisionOnToi":null,"postTaxOnToi":null,"loanOnEarnAsset":null,"loanOnAsset":null,"loanOnDeposit":null,"depositOnEarnAsset":null,"badDebtOnAsset":null,"liquidityOnLiability":null,"payableOnEquity":0.8,"cancelDebt":null,"ebitdaOnStockChange":-2.892,"bookValuePerShareChange":-0.12,"creditGrowth":null},{"ticker":"KDC","quarter":3,"year":2023,"priceToEarning":26.3,"priceToBook":2.4,"valueBeforeEbitda":-215.7,"dividend":null,"roe":0.095,"roa":0.051,"daysReceivable":87,"daysInventory":70,"daysPayable":25,"ebitOnInterest":2,"earningPerShare":2370,"bookValuePerShare":26498,"interestMargin":null,"nonInterestOnToi":null,"badDebtPercentage":null,"provisionOnBadDebt":null,"costOfFinancing":null,"equityOnTotalAsset":0.583,"equityOnLoan":null,"costToIncome":null,"equityOnLiability":1.6,"currentPayment":1.7,"quickPayment":1.5,"epsChange":0.077,"ebitdaOnStock":-291,"grossProfitMargin":0.192,"operatingProfitMargin":0.042,"postTaxMargin":0.032,"debtOnEquity":0.3,"debtOnAsset":0.2,"debtOnEbitda":-41.2,"shortOnLongDebt":4.4,"assetOnEquity":1.7,"capitalBalance":2970,"cashOnEquity":0.253,"cashOnCapitalize":0.125,"cashCirculation":132,"revenueOnWorkCapital":4.2,"capexOnFixedAsset":-0.055,"revenueOnAsset":0.7,"postTaxOnPreTax":0.6,"ebitOnRevenue":0.042,"preTaxOnEbit":1.2,"preProvisionOnToi":null,"postTaxOnToi":null,"loanOnEarnAsset":null,"loanOnAsset":null,"loanOnDeposit":null,"depositOnEarnAsset":null,"badDebtOnAsset":null,"liquidityOnLiability":null,"payableOnEquity":0.6,"cancelDebt":null,"ebitdaOnStockChange":0.162,"bookValuePerShareChange":0.01,"creditGrowth":null},{"ticker":"KDC","quarter":2,"year":2023,"priceToEarning":27.7,"priceToBook":2.3,"valueBeforeEbitda":-265.1,"dividend":null,"roe":0.089,"roa":0.049,"daysReceivable":88,"daysInventory":60,"daysPayable":19,"ebitOnInterest":-4.3,"earningPerShare":2200,"bookValuePerShare":26243,"interestMargin":null,"nonInterestOnToi":null,"badDebtPercentage":null,"provisionOnBadDebt":null,"costOfFinancing":null,"equityOnTotalAsset":0.591,"equityOnLoan":null,"costToIncome":null,"equityOnLiability":1.5,"currentPayment":1.9,"quickPayment":1.6,"epsChange":-9.551,"ebitdaOnStock":-250,"grossProfitMargin":0.139,"operatingProfitMargin":null,"postTaxMargin":0.398,"debtOnEquity":0.4,"debtOnAsset":0.2,"debtOnEbitda":-49.3,"shortOnLongDebt":5.3,"assetOnEquity":1.7,"capitalBalance":3650,"cashOnEquity":0.174,"cashOnCapitalize":0.081,"cashCirculation":129,"revenueOnWorkCapital":4.1,"capexOnFixedAsset":-0.085,"revenueOnAsset":0.8,"postTaxOnPreTax":1.2,"ebitOnRevenue":null,"preTaxOnEbit":-2.5,"preProvisionOnToi":null,"postTaxOnToi":null,"loanOnEarnAsset":null,"loanOnAsset":null,"loanOnDeposit":null,"depositOnEarnAsset":null,"badDebtOnAsset":null,"liquidityOnLiability":null,"payableOnEquity":0.7,"cancelDebt":null,"ebitdaOnStockChange":-1.136,"bookValuePerShareChange":0.164,"creditGrowth":null},{"ticker":"KDC","quarter":1,"year":2023,"priceToEarning":-230.2,"priceToBook":2.6,"valueBeforeEbitda":36.8,"dividend":null,"roe":-0.011,"roa":-0.006,"daysReceivable":69,"daysInventory":73,"daysPayable":14,"ebitOnInterest":-0.2,"earningPerShare":-257,"bookValuePerShare":22547,"interestMargin":null,"nonInterestOnToi":null,"badDebtPercentage":null,"provisionOnBadDebt":null,"costOfFinancing":null,"equityOnTotalAsset":0.494,"equityOnLoan":null,"costToIncome":null,"equityOnLiability":1.1,"currentPayment":1.6,"quickPayment":1.2,"epsChange":-1.212,"ebitdaOnStock":1845,"grossProfitMargin":0.188,"operatingProfitMargin":null,"postTaxMargin":null,"debtOnEquity":0.6,"debtOnAsset":0.3,"debtOnEbitda":8.1,"shortOnLongDebt":7.9,"assetOnEquity":2,"capitalBalance":3056,"cashOnEquity":0.329,"cashOnCapitalize":0.138,"cashCirculation":128,"revenueOnWorkCapital":5.3,"capexOnFixedAsset":-0.106,"revenueOnAsset":0.9,"postTaxOnPreTax":null,"ebitOnRevenue":null,"preTaxOnEbit":-0.4,"preProvisionOnToi":null,"postTaxOnToi":null,"loanOnEarnAsset":null,"loanOnAsset":null,"loanOnDeposit":null,"depositOnEarnAsset":null,"badDebtOnAsset":null,"liquidityOnLiability":null,"payableOnEquity":0.9,"cancelDebt":null,"ebitdaOnStockChange":-0.242,"bookValuePerShareChange":-0.045,"creditGrowth":null}]