[{"ticker":"KDC","quarter":2,"year":2024,"revenue":1708,"yearRevenueGrowth":-0.26,"quarterRevenueGrowth":-0.059,"costOfGoodSold":-1437,"grossProfit":271,"operationExpense":-341,"operationProfit":-70,"yearOperationProfitGrowth":null,"quarterOperationProfitGrowth":null,"interestExpense":-28,"preTaxProfit":9,"postTaxProfit":10,"shareHolderIncome":8,"yearShareHolderIncomeGrowth":-0.992,"quarterShareHolderIncomeGrowth":-0.196,"investProfit":null,"serviceProfit":null,"otherProfit":null,"provisionExpense":null,"operationIncome":null,"ebitda":-2},{"ticker":"KDC","quarter":1,"year":2024,"revenue":1815,"yearRevenueGrowth":-0.119,"quarterRevenueGrowth":-0.085,"costOfGoodSold":-1456,"grossProfit":359,"operationExpense":-345,"operationProfit":14,"yearOperationProfitGrowth":null,"quarterOperationProfitGrowth":-0.887,"interestExpense":-28,"preTaxProfit":44,"postTaxProfit":22,"shareHolderIncome":10,"yearShareHolderIncomeGrowth":null,"quarterShareHolderIncomeGrowth":null,"investProfit":null,"serviceProfit":null,"otherProfit":null,"provisionExpense":null,"operationIncome":null,"ebitda":82},{"ticker":"KDC","quarter":4,"year":2023,"revenue":1983,"yearRevenueGrowth":-0.328,"quarterRevenueGrowth":-0.139,"costOfGoodSold":-1603,"grossProfit":380,"operationExpense":-258,"operationProfit":122,"yearOperationProfitGrowth":null,"quarterOperationProfitGrowth":0.269,"interestExpense":-39,"preTaxProfit":-578,"postTaxProfit":-544,"shareHolderIncome":-565,"yearShareHolderIncomeGrowth":null,"quarterShareHolderIncomeGrowth":null,"investProfit":null,"serviceProfit":null,"otherProfit":null,"provisionExpense":null,"operationIncome":null,"ebitda":193},{"ticker":"KDC","quarter":3,"year":2023,"revenue":2303,"yearRevenueGrowth":-0.286,"quarterRevenueGrowth":-0.002,"costOfGoodSold":-1860,"grossProfit":443,"operationExpense":-347,"operationProfit":96,"yearOperationProfitGrowth":0.013,"quarterOperationProfitGrowth":null,"interestExpense":-47,"preTaxProfit":115,"postTaxProfit":82,"shareHolderIncome":74,"yearShareHolderIncomeGrowth":2.029,"quarterShareHolderIncomeGrowth":-0.92,"investProfit":null,"serviceProfit":null,"otherProfit":null,"provisionExpense":null,"operationIncome":null,"ebitda":152},{"ticker":"KDC","quarter":2,"year":2023,"revenue":2307,"yearRevenueGrowth":-0.334,"quarterRevenueGrowth":0.12,"costOfGoodSold":-1986,"grossProfit":321,"operationExpense":-616,"operationProfit":-295,"yearOperationProfitGrowth":null,"quarterOperationProfitGrowth":null,"interestExpense":-69,"preTaxProfit":750,"postTaxProfit":715,"shareHolderIncome":918,"yearShareHolderIncomeGrowth":3.456,"quarterShareHolderIncomeGrowth":null,"investProfit":null,"serviceProfit":null,"otherProfit":null,"provisionExpense":null,"operationIncome":null,"ebitda":-241},{"ticker":"KDC","quarter":1,"year":2023,"revenue":2060,"yearRevenueGrowth":-0.285,"quarterRevenueGrowth":-0.302,"costOfGoodSold":-1672,"grossProfit":388,"operationExpense":-401,"operationProfit":-13,"yearOperationProfitGrowth":null,"quarterOperationProfitGrowth":null,"interestExpense":-87,"preTaxProfit":6,"postTaxProfit":-151,"shareHolderIncome":-319,"yearShareHolderIncomeGrowth":null,"quarterShareHolderIncomeGrowth":null,"investProfit":null,"serviceProfit":null,"otherProfit":null,"provisionExpense":null,"operationIncome":null,"ebitda":53}]