{"capitalize":14577,"tradeVolume":580236,"priceToEarning":-30.7,"priceToBook":2.2,"valueBeforeEbitda":37.7,"dividend":0.01,"roe":-0.066,"profitGrowthAvarage":0.297,"ageOfReceivable":142.4,"ageOfInventory":63.3,"payableOnEquity":0.6,"payableOnEbitda":7,"ebitOnInterest":-2.5,"shortOnLongTermPayable":10.2,"revenue":7809,"operationProfit":162,"netProfit":-474,"earningPerShare":-1637,"asset":11442,"liability":4353,"equity":7089,"bookValuePerShare":23379,"profitMargin":null,"nonInterestOnToi":null,"loanOnDeposit":null,"creditGrowth":null,"badDebtPercentage":null,"provisionOnBadDebt":null,"customerCredit":null,"betaIndex":null,"ticker":"KDC"}