[{"ticker":"CII","quarter":2,"year":2024,"shortAsset":8266,"cash":1224,"shortInvest":381,"shortReceivable":4269,"inventory":2241,"longAsset":27398,"fixedAsset":16535,"asset":35664,"debt":26332,"shortDebt":4683,"longDebt":14917,"equity":9332,"capital":3188,"centralBankDeposit":null,"otherBankDeposit":null,"otherBankLoan":null,"stockInvest":null,"customerLoan":null,"badLoan":null,"provision":null,"netCustomerLoan":null,"otherAsset":null,"otherBankCredit":null,"oweOtherBank":null,"oweCentralBank":null,"valuablePaper":null,"payableInterest":null,"receivableInterest":null,"deposit":null,"otherDebt":2172,"fund":null,"unDistributedIncome":0,"minorShareHolderProfit":3087,"payable":26332},{"ticker":"CII","quarter":1,"year":2024,"shortAsset":9600,"cash":2247,"shortInvest":975,"shortReceivable":4108,"inventory":2125,"longAsset":26605,"fixedAsset":16451,"asset":36205,"debt":26677,"shortDebt":4847,"longDebt":15274,"equity":9528,"capital":3184,"centralBankDeposit":null,"otherBankDeposit":null,"otherBankLoan":null,"stockInvest":null,"customerLoan":null,"badLoan":null,"provision":null,"netCustomerLoan":null,"otherAsset":null,"otherBankCredit":null,"oweOtherBank":null,"oweCentralBank":null,"valuablePaper":null,"payableInterest":null,"receivableInterest":null,"deposit":null,"otherDebt":2030,"fund":null,"unDistributedIncome":0,"minorShareHolderProfit":3089,"payable":26677},{"ticker":"CII","quarter":4,"year":2023,"shortAsset":6975,"cash":1191,"shortInvest":996,"shortReceivable":4100,"inventory":616,"longAsset":26269,"fixedAsset":16400,"asset":33245,"debt":24728,"shortDebt":4846,"longDebt":14040,"equity":8517,"capital":3184,"centralBankDeposit":null,"otherBankDeposit":null,"otherBankLoan":null,"stockInvest":null,"customerLoan":null,"badLoan":null,"provision":null,"netCustomerLoan":null,"otherAsset":null,"otherBankCredit":null,"oweOtherBank":null,"oweCentralBank":null,"valuablePaper":null,"payableInterest":null,"receivableInterest":null,"deposit":null,"otherDebt":2035,"fund":null,"unDistributedIncome":0,"minorShareHolderProfit":2191,"payable":24728},{"ticker":"CII","quarter":3,"year":2023,"shortAsset":7423,"cash":308,"shortInvest":1020,"shortReceivable":5453,"inventory":576,"longAsset":18658,"fixedAsset":6718,"asset":26081,"debt":18023,"shortDebt":5107,"longDebt":7791,"equity":8058,"capital":2840,"centralBankDeposit":null,"otherBankDeposit":null,"otherBankLoan":null,"stockInvest":null,"customerLoan":null,"badLoan":null,"provision":null,"netCustomerLoan":null,"otherAsset":null,"otherBankCredit":null,"oweOtherBank":null,"oweCentralBank":null,"valuablePaper":null,"payableInterest":null,"receivableInterest":null,"deposit":null,"otherDebt":2040,"fund":null,"unDistributedIncome":0,"minorShareHolderProfit":2082,"payable":18023},{"ticker":"CII","quarter":2,"year":2023,"shortAsset":7977,"cash":544,"shortInvest":952,"shortReceivable":5497,"inventory":883,"longAsset":18672,"fixedAsset":6762,"asset":26649,"debt":18543,"shortDebt":5932,"longDebt":7227,"equity":8107,"capital":2840,"centralBankDeposit":null,"otherBankDeposit":null,"otherBankLoan":null,"stockInvest":null,"customerLoan":null,"badLoan":null,"provision":null,"netCustomerLoan":null,"otherAsset":null,"otherBankCredit":null,"oweOtherBank":null,"oweCentralBank":null,"valuablePaper":null,"payableInterest":null,"receivableInterest":null,"deposit":null,"otherDebt":2014,"fund":null,"unDistributedIncome":0,"minorShareHolderProfit":2153,"payable":18543},{"ticker":"CII","quarter":1,"year":2023,"shortAsset":7674,"cash":203,"shortInvest":634,"shortReceivable":5391,"inventory":1338,"longAsset":21332,"fixedAsset":8423,"asset":29006,"debt":20667,"shortDebt":6460,"longDebt":8772,"equity":8339,"capital":2840,"centralBankDeposit":null,"otherBankDeposit":null,"otherBankLoan":null,"stockInvest":null,"customerLoan":null,"badLoan":null,"provision":null,"netCustomerLoan":null,"otherAsset":null,"otherBankCredit":null,"oweOtherBank":null,"oweCentralBank":null,"valuablePaper":null,"payableInterest":null,"receivableInterest":null,"deposit":null,"otherDebt":2093,"fund":null,"unDistributedIncome":0,"minorShareHolderProfit":2948,"payable":20667}]