[{"ticker":"CII","quarter":2,"year":2024,"investCost":-112,"fromInvest":-560,"fromFinancial":-526,"fromSale":63,"freeCashFlow":690},{"ticker":"CII","quarter":1,"year":2024,"investCost":-177,"fromInvest":-831,"fromFinancial":1702,"fromSale":175,"freeCashFlow":440},{"ticker":"CII","quarter":4,"year":2023,"investCost":-236,"fromInvest":714,"fromFinancial":1301,"fromSale":-1133,"freeCashFlow":520},{"ticker":"CII","quarter":3,"year":2023,"investCost":-49,"fromInvest":219,"fromFinancial":-407,"fromSale":-49,"freeCashFlow":32},{"ticker":"CII","quarter":2,"year":2023,"investCost":-145,"fromInvest":757,"fromFinancial":147,"fromSale":-563,"freeCashFlow":138},{"ticker":"CII","quarter":1,"year":2023,"investCost":-47,"fromInvest":-571,"fromFinancial":645,"fromSale":-147,"freeCashFlow":172}]