[{"ticker":"CII","quarter":2,"year":2024,"priceToEarning":12.3,"priceToBook":0.8,"valueBeforeEbitda":15.1,"dividend":null,"roe":0.067,"roa":0.013,"daysReceivable":-77,"daysInventory":382,"daysPayable":51,"ebitOnInterest":0.9,"earningPerShare":1285,"bookValuePerShare":19591,"interestMargin":null,"nonInterestOnToi":null,"badDebtPercentage":null,"provisionOnBadDebt":null,"costOfFinancing":null,"equityOnTotalAsset":0.175,"equityOnLoan":null,"costToIncome":null,"equityOnLiability":0.4,"currentPayment":1,"quickPayment":0.7,"epsChange":-0.068,"ebitdaOnStock":5807,"grossProfitMargin":0.577,"operatingProfitMargin":0.382,"postTaxMargin":0.009,"debtOnEquity":2.4,"debtOnAsset":0.6,"debtOnEbitda":10.2,"shortOnLongDebt":0.3,"assetOnEquity":5.7,"capitalBalance":-69,"cashOnEquity":0.131,"cashOnCapitalize":0.244,"cashCirculation":254,"revenueOnWorkCapital":null,"capexOnFixedAsset":-0.049,"revenueOnAsset":0.1,"postTaxOnPreTax":0,"ebitOnRevenue":0.382,"preTaxOnEbit":0.5,"preProvisionOnToi":null,"postTaxOnToi":null,"loanOnEarnAsset":null,"loanOnAsset":null,"loanOnDeposit":null,"depositOnEarnAsset":null,"badDebtOnAsset":null,"liquidityOnLiability":null,"payableOnEquity":2.8,"cancelDebt":null,"ebitdaOnStockChange":0.137,"bookValuePerShareChange":-0.03,"creditGrowth":null},{"ticker":"CII","quarter":1,"year":2024,"priceToEarning":13.5,"priceToBook":0.9,"valueBeforeEbitda":17.3,"dividend":null,"roe":0.074,"roa":0.013,"daysReceivable":-95,"daysInventory":344,"daysPayable":60,"ebitOnInterest":0.7,"earningPerShare":1379,"bookValuePerShare":20197,"interestMargin":null,"nonInterestOnToi":null,"badDebtPercentage":null,"provisionOnBadDebt":null,"costOfFinancing":null,"equityOnTotalAsset":0.178,"equityOnLoan":null,"costToIncome":null,"equityOnLiability":0.4,"currentPayment":1.2,"quickPayment":0.9,"epsChange":1.346,"ebitdaOnStock":5106,"grossProfitMargin":0.537,"operatingProfitMargin":0.297,"postTaxMargin":0.295,"debtOnEquity":2.4,"debtOnAsset":0.6,"debtOnEbitda":12.4,"shortOnLongDebt":0.3,"assetOnEquity":5.6,"capitalBalance":1281,"cashOnEquity":0.236,"cashOnCapitalize":0.434,"cashCirculation":189,"revenueOnWorkCapital":null,"capexOnFixedAsset":-0.049,"revenueOnAsset":0.1,"postTaxOnPreTax":0.8,"ebitOnRevenue":0.297,"preTaxOnEbit":1.3,"preProvisionOnToi":null,"postTaxOnToi":null,"loanOnEarnAsset":null,"loanOnAsset":null,"loanOnDeposit":null,"depositOnEarnAsset":null,"badDebtOnAsset":null,"liquidityOnLiability":null,"payableOnEquity":2.8,"cancelDebt":null,"ebitdaOnStockChange":0.178,"bookValuePerShareChange":0.018,"creditGrowth":null},{"ticker":"CII","quarter":4,"year":2023,"priceToEarning":28,"priceToBook":0.8,"valueBeforeEbitda":15.2,"dividend":null,"roe":0.032,"roa":0.006,"daysReceivable":-211,"daysInventory":216,"daysPayable":219,"ebitOnInterest":0.4,"earningPerShare":588,"bookValuePerShare":19842,"interestMargin":null,"nonInterestOnToi":null,"badDebtPercentage":null,"provisionOnBadDebt":null,"costOfFinancing":null,"equityOnTotalAsset":0.19,"equityOnLoan":null,"costToIncome":null,"equityOnLiability":0.3,"currentPayment":0.9,"quickPayment":0.8,"epsChange":4.689,"ebitdaOnStock":4335,"grossProfitMargin":0.559,"operatingProfitMargin":0.236,"postTaxMargin":0.168,"debtOnEquity":2.2,"debtOnAsset":0.6,"debtOnEbitda":12.8,"shortOnLongDebt":0.3,"assetOnEquity":5.3,"capitalBalance":-1216,"cashOnEquity":0.14,"cashOnCapitalize":0.232,"cashCirculation":-213,"revenueOnWorkCapital":null,"capexOnFixedAsset":-0.038,"revenueOnAsset":0.1,"postTaxOnPreTax":0.7,"ebitOnRevenue":0.236,"preTaxOnEbit":1,"preProvisionOnToi":null,"postTaxOnToi":null,"loanOnEarnAsset":null,"loanOnAsset":null,"loanOnDeposit":null,"depositOnEarnAsset":null,"badDebtOnAsset":null,"liquidityOnLiability":null,"payableOnEquity":2.9,"cancelDebt":null,"ebitdaOnStockChange":-0.006,"bookValuePerShareChange":0.059,"creditGrowth":null},{"ticker":"CII","quarter":3,"year":2023,"priceToEarning":174.7,"priceToBook":1,"valueBeforeEbitda":16.6,"dividend":null,"roe":0.006,"roa":0.001,"daysReceivable":-149,"daysInventory":189,"daysPayable":116,"ebitOnInterest":0.7,"earningPerShare":103,"bookValuePerShare":18745,"interestMargin":null,"nonInterestOnToi":null,"badDebtPercentage":null,"provisionOnBadDebt":null,"costOfFinancing":null,"equityOnTotalAsset":0.229,"equityOnLoan":null,"costToIncome":null,"equityOnLiability":0.4,"currentPayment":0.9,"quickPayment":0.8,"epsChange":0.75,"ebitdaOnStock":4363,"grossProfitMargin":0.363,"operatingProfitMargin":0.252,"postTaxMargin":0.029,"debtOnEquity":1.6,"debtOnAsset":0.5,"debtOnEbitda":11.4,"shortOnLongDebt":0.7,"assetOnEquity":4.4,"capitalBalance":-690,"cashOnEquity":0.038,"cashOnCapitalize":0.052,"cashCirculation":-77,"revenueOnWorkCapital":null,"capexOnFixedAsset":-0.06,"revenueOnAsset":0.2,"postTaxOnPreTax":0.2,"ebitOnRevenue":0.252,"preTaxOnEbit":0.6,"preProvisionOnToi":null,"postTaxOnToi":null,"loanOnEarnAsset":null,"loanOnAsset":null,"loanOnDeposit":null,"depositOnEarnAsset":null,"badDebtOnAsset":null,"liquidityOnLiability":null,"payableOnEquity":2.2,"cancelDebt":null,"ebitdaOnStockChange":-0.091,"bookValuePerShareChange":0.004,"creditGrowth":null},{"ticker":"CII","quarter":2,"year":2023,"priceToEarning":288.2,"priceToBook":0.9,"valueBeforeEbitda":13.8,"dividend":null,"roe":0.003,"roa":0.001,"daysReceivable":-83,"daysInventory":197,"daysPayable":101,"ebitOnInterest":0.2,"earningPerShare":59,"bookValuePerShare":18675,"interestMargin":null,"nonInterestOnToi":null,"badDebtPercentage":null,"provisionOnBadDebt":null,"costOfFinancing":null,"equityOnTotalAsset":0.223,"equityOnLoan":null,"costToIncome":null,"equityOnLiability":0.4,"currentPayment":0.9,"quickPayment":0.8,"epsChange":-0.66,"ebitdaOnStock":4800,"grossProfitMargin":0.239,"operatingProfitMargin":0.096,"postTaxMargin":0.043,"debtOnEquity":1.6,"debtOnAsset":0.5,"debtOnEbitda":10.3,"shortOnLongDebt":0.8,"assetOnEquity":4.5,"capitalBalance":-1215,"cashOnEquity":0.067,"cashOnCapitalize":0.135,"cashCirculation":13,"revenueOnWorkCapital":null,"capexOnFixedAsset":-0.058,"revenueOnAsset":0.2,"postTaxOnPreTax":0.4,"ebitOnRevenue":0.096,"preTaxOnEbit":1.1,"preProvisionOnToi":null,"postTaxOnToi":null,"loanOnEarnAsset":null,"loanOnAsset":null,"loanOnDeposit":null,"depositOnEarnAsset":null,"badDebtOnAsset":null,"liquidityOnLiability":null,"payableOnEquity":2.3,"cancelDebt":null,"ebitdaOnStockChange":-0.142,"bookValuePerShareChange":0.104,"creditGrowth":null},{"ticker":"CII","quarter":1,"year":2023,"priceToEarning":78.5,"priceToBook":0.8,"valueBeforeEbitda":15,"dividend":null,"roe":0.01,"roa":0.002,"daysReceivable":-95,"daysInventory":207,"daysPayable":61,"ebitOnInterest":0.6,"earningPerShare":174,"bookValuePerShare":16913,"interestMargin":null,"nonInterestOnToi":null,"badDebtPercentage":null,"provisionOnBadDebt":null,"costOfFinancing":null,"equityOnTotalAsset":0.186,"equityOnLoan":null,"costToIncome":null,"equityOnLiability":0.4,"currentPayment":0.7,"quickPayment":0.6,"epsChange":-0.92,"ebitdaOnStock":5595,"grossProfitMargin":0.368,"operatingProfitMargin":0.232,"postTaxMargin":0.01,"debtOnEquity":1.8,"debtOnAsset":0.5,"debtOnEbitda":9.5,"shortOnLongDebt":0.7,"assetOnEquity":5.4,"capitalBalance":-2945,"cashOnEquity":0.024,"cashOnCapitalize":0.035,"cashCirculation":52,"revenueOnWorkCapital":null,"capexOnFixedAsset":-0.041,"revenueOnAsset":0.2,"postTaxOnPreTax":0.1,"ebitOnRevenue":0.232,"preTaxOnEbit":0.4,"preProvisionOnToi":null,"postTaxOnToi":null,"loanOnEarnAsset":null,"loanOnAsset":null,"loanOnDeposit":null,"depositOnEarnAsset":null,"badDebtOnAsset":null,"liquidityOnLiability":null,"payableOnEquity":2.5,"cancelDebt":null,"ebitdaOnStockChange":0.009,"bookValuePerShareChange":-0.007,"creditGrowth":null}]