[{"ticker":"CII","quarter":2,"year":2024,"revenue":699,"yearRevenueGrowth":-0.171,"quarterRevenueGrowth":-0.204,"costOfGoodSold":-296,"grossProfit":403,"operationExpense":-136,"operationProfit":267,"yearOperationProfitGrowth":2.291,"quarterOperationProfitGrowth":0.026,"interestExpense":-295,"preTaxProfit":131,"postTaxProfit":121,"shareHolderIncome":6,"yearShareHolderIncomeGrowth":-0.834,"quarterShareHolderIncomeGrowth":-0.977,"investProfit":null,"serviceProfit":null,"otherProfit":null,"provisionExpense":null,"operationIncome":null,"ebitda":487},{"ticker":"CII","quarter":1,"year":2024,"revenue":878,"yearRevenueGrowth":0.174,"quarterRevenueGrowth":0.199,"costOfGoodSold":-407,"grossProfit":471,"operationExpense":-211,"operationProfit":260,"yearOperationProfitGrowth":0.498,"quarterOperationProfitGrowth":0.503,"interestExpense":-377,"preTaxProfit":340,"postTaxProfit":323,"shareHolderIncome":259,"yearShareHolderIncomeGrowth":35.408,"quarterShareHolderIncomeGrowth":1.114,"investProfit":null,"serviceProfit":null,"otherProfit":null,"provisionExpense":null,"operationIncome":null,"ebitda":584},{"ticker":"CII","quarter":4,"year":2023,"revenue":733,"yearRevenueGrowth":-0.606,"quarterRevenueGrowth":0.001,"costOfGoodSold":-323,"grossProfit":409,"operationExpense":-236,"operationProfit":173,"yearOperationProfitGrowth":0.167,"quarterOperationProfitGrowth":-0.062,"interestExpense":-394,"preTaxProfit":175,"postTaxProfit":167,"shareHolderIncome":123,"yearShareHolderIncomeGrowth":null,"quarterShareHolderIncomeGrowth":4.707,"investProfit":null,"serviceProfit":null,"otherProfit":null,"provisionExpense":null,"operationIncome":null,"ebitda":376},{"ticker":"CII","quarter":3,"year":2023,"revenue":732,"yearRevenueGrowth":-0.665,"quarterRevenueGrowth":-0.132,"costOfGoodSold":-466,"grossProfit":266,"operationExpense":-81,"operationProfit":185,"yearOperationProfitGrowth":-0.171,"quarterOperationProfitGrowth":1.275,"interestExpense":-268,"preTaxProfit":104,"postTaxProfit":96,"shareHolderIncome":22,"yearShareHolderIncomeGrowth":1.91,"quarterShareHolderIncomeGrowth":-0.404,"investProfit":null,"serviceProfit":null,"otherProfit":null,"provisionExpense":null,"operationIncome":null,"ebitda":303},{"ticker":"CII","quarter":2,"year":2023,"revenue":843,"yearRevenueGrowth":-0.152,"quarterRevenueGrowth":0.127,"costOfGoodSold":-642,"grossProfit":202,"operationExpense":-120,"operationProfit":81,"yearOperationProfitGrowth":-0.725,"quarterOperationProfitGrowth":-0.533,"interestExpense":-364,"preTaxProfit":86,"postTaxProfit":83,"shareHolderIncome":36,"yearShareHolderIncomeGrowth":-0.504,"quarterShareHolderIncomeGrowth":4.066,"investProfit":null,"serviceProfit":null,"otherProfit":null,"provisionExpense":null,"operationIncome":null,"ebitda":275},{"ticker":"CII","quarter":1,"year":2023,"revenue":748,"yearRevenueGrowth":0.051,"quarterRevenueGrowth":-0.597,"costOfGoodSold":-472,"grossProfit":276,"operationExpense":-102,"operationProfit":174,"yearOperationProfitGrowth":0.249,"quarterOperationProfitGrowth":0.17,"interestExpense":-288,"preTaxProfit":74,"postTaxProfit":35,"shareHolderIncome":7,"yearShareHolderIncomeGrowth":-0.989,"quarterShareHolderIncomeGrowth":null,"investProfit":null,"serviceProfit":null,"otherProfit":null,"provisionExpense":null,"operationIncome":null,"ebitda":352}]