{"exchange":"HOSE","shortName":"Hạ tầng Kỹ thuật TP.HCM","industryID":181,"industryIDv2":"2357","industryIdLevel2":"2300","industryIdLevel4":"2357","industry":"Xây dựng và Vật liệu","industryEn":"Construction & Materials","establishedYear":"2001","noEmployees":460,"noShareholders":39257,"foreignPercent":0.059,"website":"https://cii.com.vn","stockRating":2.4,"deltaInWeek":0.025,"deltaInMonth":0.015,"deltaInYear":-0.126,"outstandingShare":318.8,"issueShare":318.8,"companyType":"CT","ticker":"CII"}