{"capitalize":5021,"tradeVolume":3895974,"priceToEarning":12.3,"priceToBook":0.8,"valueBeforeEbitda":15.1,"dividend":0,"roe":0.067,"profitGrowthAvarage":0.134,"ageOfReceivable":-77,"ageOfInventory":382,"payableOnEquity":2.8,"payableOnEbitda":10.2,"ebitOnInterest":0.9,"shortOnLongTermPayable":0.3,"revenue":3042,"operationProfit":885,"netProfit":410,"earningPerShare":1285,"asset":35664,"liability":26332,"equity":9332,"bookValuePerShare":19591,"profitMargin":null,"nonInterestOnToi":null,"loanOnDeposit":null,"creditGrowth":null,"badDebtPercentage":null,"provisionOnBadDebt":null,"customerCredit":null,"betaIndex":null,"ticker":"CII"}