[{"ticker":"DGC","quarter":2,"year":2024,"shortAsset":12221,"cash":500,"shortInvest":9739,"shortReceivable":958,"inventory":979,"longAsset":3211,"fixedAsset":2365,"asset":15432,"debt":2027,"shortDebt":818,"longDebt":0,"equity":13404,"capital":3798,"centralBankDeposit":null,"otherBankDeposit":null,"otherBankLoan":null,"stockInvest":null,"customerLoan":null,"badLoan":null,"provision":null,"netCustomerLoan":null,"otherAsset":null,"otherBankCredit":null,"oweOtherBank":null,"oweCentralBank":null,"valuablePaper":null,"payableInterest":null,"receivableInterest":null,"deposit":null,"otherDebt":10,"fund":null,"unDistributedIncome":0,"minorShareHolderProfit":359,"payable":2027},{"ticker":"DGC","quarter":1,"year":2024,"shortAsset":11468,"cash":113,"shortInvest":9457,"shortReceivable":961,"inventory":859,"longAsset":2990,"fixedAsset":2118,"asset":14459,"debt":1949,"shortDebt":921,"longDebt":0,"equity":12510,"capital":3798,"centralBankDeposit":null,"otherBankDeposit":null,"otherBankLoan":null,"stockInvest":null,"customerLoan":null,"badLoan":null,"provision":null,"netCustomerLoan":null,"otherAsset":null,"otherBankCredit":null,"oweOtherBank":null,"oweCentralBank":null,"valuablePaper":null,"payableInterest":null,"receivableInterest":null,"deposit":null,"otherDebt":24,"fund":null,"unDistributedIncome":0,"minorShareHolderProfit":345,"payable":1949},{"ticker":"DGC","quarter":4,"year":2023,"shortAsset":12466,"cash":1061,"shortInvest":9342,"shortReceivable":1130,"inventory":855,"longAsset":3025,"fixedAsset":2100,"asset":15492,"debt":3493,"shortDebt":1328,"longDebt":0,"equity":11999,"capital":3798,"centralBankDeposit":null,"otherBankDeposit":null,"otherBankLoan":null,"stockInvest":null,"customerLoan":null,"badLoan":null,"provision":null,"netCustomerLoan":null,"otherAsset":null,"otherBankCredit":null,"oweOtherBank":null,"oweCentralBank":null,"valuablePaper":null,"payableInterest":null,"receivableInterest":null,"deposit":null,"otherDebt":1261,"fund":null,"unDistributedIncome":0,"minorShareHolderProfit":404,"payable":3493},{"ticker":"DGC","quarter":3,"year":2023,"shortAsset":11610,"cash":73,"shortInvest":9594,"shortReceivable":998,"inventory":858,"longAsset":3083,"fixedAsset":2158,"asset":14693,"debt":2186,"shortDebt":978,"longDebt":0,"equity":12507,"capital":3798,"centralBankDeposit":null,"otherBankDeposit":null,"otherBankLoan":null,"stockInvest":null,"customerLoan":null,"badLoan":null,"provision":null,"netCustomerLoan":null,"otherAsset":null,"otherBankCredit":null,"oweOtherBank":null,"oweCentralBank":null,"valuablePaper":null,"payableInterest":null,"receivableInterest":null,"deposit":null,"otherDebt":13,"fund":null,"unDistributedIncome":0,"minorShareHolderProfit":378,"payable":2186},{"ticker":"DGC","quarter":2,"year":2023,"shortAsset":11274,"cash":72,"shortInvest":8521,"shortReceivable":1581,"inventory":997,"longAsset":2490,"fixedAsset":1717,"asset":13765,"debt":2060,"shortDebt":1003,"longDebt":0,"equity":11704,"capital":3798,"centralBankDeposit":null,"otherBankDeposit":null,"otherBankLoan":null,"stockInvest":null,"customerLoan":null,"badLoan":null,"provision":null,"netCustomerLoan":null,"otherAsset":null,"otherBankCredit":null,"oweOtherBank":null,"oweCentralBank":null,"valuablePaper":null,"payableInterest":null,"receivableInterest":null,"deposit":null,"otherDebt":19,"fund":null,"unDistributedIncome":0,"minorShareHolderProfit":336,"payable":2060},{"ticker":"DGC","quarter":1,"year":2023,"shortAsset":10804,"cash":158,"shortInvest":8737,"shortReceivable":907,"inventory":954,"longAsset":2412,"fixedAsset":1787,"asset":13215,"debt":2179,"shortDebt":967,"longDebt":0,"equity":11037,"capital":3798,"centralBankDeposit":null,"otherBankDeposit":null,"otherBankLoan":null,"stockInvest":null,"customerLoan":null,"badLoan":null,"provision":null,"netCustomerLoan":null,"otherAsset":null,"otherBankCredit":null,"oweOtherBank":null,"oweCentralBank":null,"valuablePaper":null,"payableInterest":null,"receivableInterest":null,"deposit":null,"otherDebt":527,"fund":null,"unDistributedIncome":0,"minorShareHolderProfit":301,"payable":2179}]