[{"ticker":"DGC","quarter":2,"year":2024,"investCost":-274,"fromInvest":-456,"fromFinancial":-2600,"fromSale":3443,"freeCashFlow":315},{"ticker":"DGC","quarter":1,"year":2024,"investCost":-23,"fromInvest":0,"fromFinancial":827,"fromSale":-1774,"freeCashFlow":5529},{"ticker":"DGC","quarter":4,"year":2023,"investCost":-48,"fromInvest":369,"fromFinancial":489,"fromSale":129,"freeCashFlow":3376},{"ticker":"DGC","quarter":3,"year":2023,"investCost":-70,"fromInvest":-125,"fromFinancial":-31,"fromSale":157,"freeCashFlow":4074},{"ticker":"DGC","quarter":2,"year":2023,"investCost":70,"fromInvest":-355,"fromFinancial":-1238,"fromSale":1507,"freeCashFlow":3589},{"ticker":"DGC","quarter":1,"year":2023,"investCost":-210,"fromInvest":-1387,"fromFinancial":-9,"fromSale":19,"freeCashFlow":5628}]