[{"ticker":"DGC","quarter":2,"year":2024,"priceToEarning":14.4,"priceToBook":3.3,"valueBeforeEbitda":13.9,"dividend":null,"roe":0.247,"roa":0.206,"daysReceivable":365,"daysInventory":57,"daysPayable":14,"ebitOnInterest":155.7,"earningPerShare":7936,"bookValuePerShare":34350,"interestMargin":null,"nonInterestOnToi":null,"badDebtPercentage":null,"provisionOnBadDebt":null,"costOfFinancing":null,"equityOnTotalAsset":0.845,"equityOnLoan":null,"costToIncome":null,"equityOnLiability":6.6,"currentPayment":6.2,"quickPayment":5.7,"epsChange":0.007,"ebitdaOnStock":8316,"grossProfitMargin":0.393,"operatingProfitMargin":0.33,"postTaxMargin":0.344,"debtOnEquity":0.1,"debtOnAsset":0.1,"debtOnEbitda":0.3,"shortOnLongDebt":null,"assetOnEquity":1.2,"capitalBalance":10262,"cashOnEquity":0.037,"cashOnCapitalize":0.012,"cashCirculation":408,"revenueOnWorkCapital":1,"capexOnFixedAsset":-0.203,"revenueOnAsset":0.7,"postTaxOnPreTax":0.9,"ebitOnRevenue":0.33,"preTaxOnEbit":1.2,"preProvisionOnToi":null,"postTaxOnToi":null,"loanOnEarnAsset":null,"loanOnAsset":null,"loanOnDeposit":null,"depositOnEarnAsset":null,"badDebtOnAsset":null,"liquidityOnLiability":null,"payableOnEquity":0.2,"cancelDebt":null,"ebitdaOnStockChange":0.014,"bookValuePerShareChange":0.072,"creditGrowth":null},{"ticker":"DGC","quarter":1,"year":2024,"priceToEarning":15.7,"priceToBook":3.9,"valueBeforeEbitda":15.2,"dividend":null,"roe":0.261,"roa":0.216,"daysReceivable":343,"daysInventory":52,"daysPayable":16,"ebitOnInterest":95.4,"earningPerShare":7884,"bookValuePerShare":32032,"interestMargin":null,"nonInterestOnToi":null,"badDebtPercentage":null,"provisionOnBadDebt":null,"costOfFinancing":null,"equityOnTotalAsset":0.841,"equityOnLoan":null,"costToIncome":null,"equityOnLiability":6.4,"currentPayment":5.9,"quickPayment":5.5,"epsChange":-0.037,"ebitdaOnStock":8202,"grossProfitMargin":0.321,"operatingProfitMargin":0.26,"postTaxMargin":0.282,"debtOnEquity":0.1,"debtOnAsset":0.1,"debtOnEbitda":0.3,"shortOnLongDebt":null,"assetOnEquity":1.2,"capitalBalance":9535,"cashOnEquity":0.009,"cashOnCapitalize":0.002,"cashCirculation":380,"revenueOnWorkCapital":1.1,"capexOnFixedAsset":-0.037,"revenueOnAsset":0.7,"postTaxOnPreTax":0.9,"ebitOnRevenue":0.26,"preTaxOnEbit":1.2,"preProvisionOnToi":null,"postTaxOnToi":null,"loanOnEarnAsset":null,"loanOnAsset":null,"loanOnDeposit":null,"depositOnEarnAsset":null,"badDebtOnAsset":null,"liquidityOnLiability":null,"payableOnEquity":0.2,"cancelDebt":null,"ebitdaOnStockChange":-0.03,"bookValuePerShareChange":0.049,"creditGrowth":null},{"ticker":"DGC","quarter":4,"year":2023,"priceToEarning":11.5,"priceToBook":3.1,"valueBeforeEbitda":13.2,"dividend":null,"roe":0.282,"roa":0.216,"daysReceivable":326,"daysInventory":51,"daysPayable":13,"ebitOnInterest":82.9,"earningPerShare":8185,"bookValuePerShare":30531,"interestMargin":null,"nonInterestOnToi":null,"badDebtPercentage":null,"provisionOnBadDebt":null,"costOfFinancing":null,"equityOnTotalAsset":0.748,"equityOnLoan":null,"costToIncome":null,"equityOnLiability":3.4,"currentPayment":3.6,"quickPayment":3.3,"epsChange":-0.091,"ebitdaOnStock":8452,"grossProfitMargin":0.329,"operatingProfitMargin":0.268,"postTaxMargin":0.301,"debtOnEquity":0.1,"debtOnAsset":0.1,"debtOnEbitda":0.3,"shortOnLongDebt":null,"assetOnEquity":1.3,"capitalBalance":8974,"cashOnEquity":0.088,"cashOnCapitalize":0.026,"cashCirculation":364,"revenueOnWorkCapital":1.1,"capexOnFixedAsset":-0.133,"revenueOnAsset":0.7,"postTaxOnPreTax":0.9,"ebitOnRevenue":0.268,"preTaxOnEbit":1.2,"preProvisionOnToi":null,"postTaxOnToi":null,"loanOnEarnAsset":null,"loanOnAsset":null,"loanOnDeposit":null,"depositOnEarnAsset":null,"badDebtOnAsset":null,"liquidityOnLiability":null,"payableOnEquity":0.3,"cancelDebt":null,"ebitdaOnStockChange":-0.114,"bookValuePerShareChange":-0.044,"creditGrowth":null},{"ticker":"DGC","quarter":3,"year":2023,"priceToEarning":10,"priceToBook":2.8,"valueBeforeEbitda":9.9,"dividend":null,"roe":0.302,"roa":0.249,"daysReceivable":313,"daysInventory":67,"daysPayable":13,"ebitOnInterest":81.6,"earningPerShare":9009,"bookValuePerShare":31938,"interestMargin":null,"nonInterestOnToi":null,"badDebtPercentage":null,"provisionOnBadDebt":null,"costOfFinancing":null,"equityOnTotalAsset":0.826,"equityOnLoan":null,"costToIncome":null,"equityOnLiability":5.7,"currentPayment":5.3,"quickPayment":4.9,"epsChange":-0.16,"ebitdaOnStock":9539,"grossProfitMargin":0.341,"operatingProfitMargin":0.277,"postTaxMargin":0.309,"debtOnEquity":0.1,"debtOnAsset":0.1,"debtOnEbitda":0.3,"shortOnLongDebt":null,"assetOnEquity":1.2,"capitalBalance":9424,"cashOnEquity":0.006,"cashOnCapitalize":0.002,"cashCirculation":367,"revenueOnWorkCapital":1.2,"capexOnFixedAsset":-0.142,"revenueOnAsset":0.8,"postTaxOnPreTax":0.9,"ebitOnRevenue":0.277,"preTaxOnEbit":1.3,"preProvisionOnToi":null,"postTaxOnToi":null,"loanOnEarnAsset":null,"loanOnAsset":null,"loanOnDeposit":null,"depositOnEarnAsset":null,"badDebtOnAsset":null,"liquidityOnLiability":null,"payableOnEquity":0.2,"cancelDebt":null,"ebitdaOnStockChange":-0.184,"bookValuePerShareChange":0.067,"creditGrowth":null},{"ticker":"DGC","quarter":2,"year":2023,"priceToEarning":5.8,"priceToBook":2.1,"valueBeforeEbitda":8.2,"dividend":null,"roe":0.399,"roa":0.319,"daysReceivable":253,"daysInventory":78,"daysPayable":26,"ebitOnInterest":89.6,"earningPerShare":10727,"bookValuePerShare":29933,"interestMargin":null,"nonInterestOnToi":null,"badDebtPercentage":null,"provisionOnBadDebt":null,"costOfFinancing":null,"equityOnTotalAsset":0.826,"equityOnLoan":null,"costToIncome":null,"equityOnLiability":5.7,"currentPayment":5.5,"quickPayment":5,"epsChange":-0.188,"ebitdaOnStock":11685,"grossProfitMargin":0.39,"operatingProfitMargin":0.329,"postTaxMargin":0.348,"debtOnEquity":0.1,"debtOnAsset":0.1,"debtOnEbitda":0.2,"shortOnLongDebt":null,"assetOnEquity":1.2,"capitalBalance":9214,"cashOnEquity":0.006,"cashOnCapitalize":0.002,"cashCirculation":305,"revenueOnWorkCapital":1.4,"capexOnFixedAsset":-0.14,"revenueOnAsset":0.9,"postTaxOnPreTax":0.9,"ebitOnRevenue":0.329,"preTaxOnEbit":1.2,"preProvisionOnToi":null,"postTaxOnToi":null,"loanOnEarnAsset":null,"loanOnAsset":null,"loanOnDeposit":null,"depositOnEarnAsset":null,"badDebtOnAsset":null,"liquidityOnLiability":null,"payableOnEquity":0.2,"cancelDebt":null,"ebitdaOnStockChange":-0.418,"bookValuePerShareChange":0.059,"creditGrowth":null},{"ticker":"DGC","quarter":1,"year":2023,"priceToEarning":3.7,"priceToBook":1.7,"valueBeforeEbitda":5.2,"dividend":null,"roe":0.557,"roa":0.443,"daysReceivable":189,"daysInventory":48,"daysPayable":16,"ebitOnInterest":108.8,"earningPerShare":13215,"bookValuePerShare":28268,"interestMargin":null,"nonInterestOnToi":null,"badDebtPercentage":null,"provisionOnBadDebt":null,"costOfFinancing":null,"equityOnTotalAsset":0.812,"equityOnLoan":null,"costToIncome":null,"equityOnLiability":5.1,"currentPayment":5,"quickPayment":4.5,"epsChange":-0.099,"ebitdaOnStock":20065,"grossProfitMargin":0.359,"operatingProfitMargin":0.299,"postTaxMargin":0.317,"debtOnEquity":0.1,"debtOnAsset":0.1,"debtOnEbitda":0.2,"shortOnLongDebt":null,"assetOnEquity":1.2,"capitalBalance":8625,"cashOnEquity":0.014,"cashOnCapitalize":0.006,"cashCirculation":221,"revenueOnWorkCapital":1.9,"capexOnFixedAsset":-0.194,"revenueOnAsset":1.2,"postTaxOnPreTax":0.9,"ebitOnRevenue":0.299,"preTaxOnEbit":1.2,"preProvisionOnToi":null,"postTaxOnToi":null,"loanOnEarnAsset":null,"loanOnAsset":null,"loanOnDeposit":null,"depositOnEarnAsset":null,"badDebtOnAsset":null,"liquidityOnLiability":null,"payableOnEquity":0.2,"cancelDebt":null,"ebitdaOnStockChange":-0.122,"bookValuePerShareChange":0.027,"creditGrowth":null}]