[{"ticker":"DGC","quarter":2,"year":2024,"revenue":2505,"yearRevenueGrowth":0.038,"quarterRevenueGrowth":0.05,"costOfGoodSold":-1521,"grossProfit":983,"operationExpense":-157,"operationProfit":826,"yearOperationProfitGrowth":0.041,"quarterOperationProfitGrowth":0.331,"interestExpense":-5,"preTaxProfit":966,"postTaxProfit":880,"shareHolderIncome":861,"yearShareHolderIncomeGrowth":0.024,"quarterShareHolderIncomeGrowth":0.28,"investProfit":null,"serviceProfit":null,"otherProfit":null,"provisionExpense":null,"operationIncome":null,"ebitda":917},{"ticker":"DGC","quarter":1,"year":2024,"revenue":2385,"yearRevenueGrowth":-0.04,"quarterRevenueGrowth":-0.001,"costOfGoodSold":-1619,"grossProfit":766,"operationExpense":-145,"operationProfit":621,"yearOperationProfitGrowth":-0.163,"quarterOperationProfitGrowth":-0.03,"interestExpense":-7,"preTaxProfit":769,"postTaxProfit":704,"shareHolderIncome":673,"yearShareHolderIncomeGrowth":-0.145,"quarterShareHolderIncomeGrowth":-0.065,"investProfit":null,"serviceProfit":null,"otherProfit":null,"provisionExpense":null,"operationIncome":null,"ebitda":727},{"ticker":"DGC","quarter":4,"year":2023,"revenue":2388,"yearRevenueGrowth":-0.233,"quarterRevenueGrowth":-0.031,"costOfGoodSold":-1603,"grossProfit":784,"operationExpense":-145,"operationProfit":640,"yearOperationProfitGrowth":-0.406,"quarterOperationProfitGrowth":-0.063,"interestExpense":-8,"preTaxProfit":799,"postTaxProfit":746,"shareHolderIncome":720,"yearShareHolderIncomeGrowth":-0.303,"quarterShareHolderIncomeGrowth":-0.055,"investProfit":null,"serviceProfit":null,"otherProfit":null,"provisionExpense":null,"operationIncome":null,"ebitda":738},{"ticker":"DGC","quarter":3,"year":2023,"revenue":2464,"yearRevenueGrowth":-0.333,"quarterRevenueGrowth":0.021,"costOfGoodSold":-1624,"grossProfit":840,"operationExpense":-157,"operationProfit":683,"yearOperationProfitGrowth":-0.535,"quarterOperationProfitGrowth":-0.139,"interestExpense":-8,"preTaxProfit":864,"postTaxProfit":803,"shareHolderIncome":761,"yearShareHolderIncomeGrowth":-0.462,"quarterShareHolderIncomeGrowth":-0.094,"investProfit":null,"serviceProfit":null,"otherProfit":null,"provisionExpense":null,"operationIncome":null,"ebitda":776},{"ticker":"DGC","quarter":2,"year":2023,"revenue":2414,"yearRevenueGrowth":-0.397,"quarterRevenueGrowth":-0.028,"costOfGoodSold":-1473,"grossProfit":940,"operationExpense":-147,"operationProfit":793,"yearOperationProfitGrowth":-0.59,"quarterOperationProfitGrowth":0.07,"interestExpense":-9,"preTaxProfit":950,"postTaxProfit":879,"shareHolderIncome":841,"yearShareHolderIncomeGrowth":-0.529,"quarterShareHolderIncomeGrowth":0.068,"investProfit":null,"serviceProfit":null,"otherProfit":null,"provisionExpense":null,"operationIncome":null,"ebitda":873},{"ticker":"DGC","quarter":1,"year":2023,"revenue":2483,"yearRevenueGrowth":-0.317,"quarterRevenueGrowth":-0.202,"costOfGoodSold":-1593,"grossProfit":890,"operationExpense":-149,"operationProfit":742,"yearOperationProfitGrowth":-0.511,"quarterOperationProfitGrowth":-0.312,"interestExpense":-7,"preTaxProfit":885,"postTaxProfit":823,"shareHolderIncome":787,"yearShareHolderIncomeGrowth":-0.411,"quarterShareHolderIncomeGrowth":-0.238,"investProfit":null,"serviceProfit":null,"otherProfit":null,"provisionExpense":null,"operationIncome":null,"ebitda":822}]