{"capitalize":43295,"tradeVolume":831667,"priceToEarning":14.4,"priceToBook":3.3,"valueBeforeEbitda":13.9,"dividend":0.032,"roe":0.247,"profitGrowthAvarage":0.289,"ageOfReceivable":364.9,"ageOfInventory":56.6,"payableOnEquity":0.2,"payableOnEbitda":0.3,"ebitOnInterest":155.7,"shortOnLongTermPayable":null,"revenue":9741,"operationProfit":2770,"netProfit":3014,"earningPerShare":7937,"asset":15432,"liability":2027,"equity":13404,"bookValuePerShare":34350,"profitMargin":null,"nonInterestOnToi":null,"loanOnDeposit":null,"creditGrowth":null,"badDebtPercentage":null,"provisionOnBadDebt":null,"customerCredit":null,"betaIndex":null,"ticker":"DGC"}