[{"ticker":"IMP","quarter":2,"year":2024,"shortAsset":1359,"cash":128,"shortInvest":132,"shortReceivable":379,"inventory":713,"longAsset":1146,"fixedAsset":905,"asset":2505,"debt":427,"shortDebt":96,"longDebt":0,"equity":2078,"capital":700,"centralBankDeposit":null,"otherBankDeposit":null,"otherBankLoan":null,"stockInvest":null,"customerLoan":null,"badLoan":null,"provision":null,"netCustomerLoan":null,"otherAsset":null,"otherBankCredit":null,"oweOtherBank":null,"oweCentralBank":null,"valuablePaper":null,"payableInterest":null,"receivableInterest":null,"deposit":null,"otherDebt":95,"fund":null,"unDistributedIncome":0,"minorShareHolderProfit":0,"payable":427},{"ticker":"IMP","quarter":1,"year":2024,"shortAsset":1317,"cash":109,"shortInvest":132,"shortReceivable":363,"inventory":706,"longAsset":1157,"fixedAsset":913,"asset":2473,"debt":327,"shortDebt":119,"longDebt":0,"equity":2146,"capital":700,"centralBankDeposit":null,"otherBankDeposit":null,"otherBankLoan":null,"stockInvest":null,"customerLoan":null,"badLoan":null,"provision":null,"netCustomerLoan":null,"otherAsset":null,"otherBankCredit":null,"oweOtherBank":null,"oweCentralBank":null,"valuablePaper":null,"payableInterest":null,"receivableInterest":null,"deposit":null,"otherDebt":22,"fund":null,"unDistributedIncome":0,"minorShareHolderProfit":0,"payable":327},{"ticker":"IMP","quarter":4,"year":2023,"shortAsset":1207,"cash":106,"shortInvest":93,"shortReceivable":297,"inventory":699,"longAsset":1185,"fixedAsset":936,"asset":2393,"debt":308,"shortDebt":49,"longDebt":0,"equity":2085,"capital":700,"centralBankDeposit":null,"otherBankDeposit":null,"otherBankLoan":null,"stockInvest":null,"customerLoan":null,"badLoan":null,"provision":null,"netCustomerLoan":null,"otherAsset":null,"otherBankCredit":null,"oweOtherBank":null,"oweCentralBank":null,"valuablePaper":null,"payableInterest":null,"receivableInterest":null,"deposit":null,"otherDebt":21,"fund":null,"unDistributedIncome":0,"minorShareHolderProfit":0,"payable":308},{"ticker":"IMP","quarter":3,"year":2023,"shortAsset":1303,"cash":98,"shortInvest":103,"shortReceivable":311,"inventory":771,"longAsset":1184,"fixedAsset":940,"asset":2487,"debt":475,"shortDebt":80,"longDebt":0,"equity":2012,"capital":667,"centralBankDeposit":null,"otherBankDeposit":null,"otherBankLoan":null,"stockInvest":null,"customerLoan":null,"badLoan":null,"provision":null,"netCustomerLoan":null,"otherAsset":null,"otherBankCredit":null,"oweOtherBank":null,"oweCentralBank":null,"valuablePaper":null,"payableInterest":null,"receivableInterest":null,"deposit":null,"otherDebt":90,"fund":null,"unDistributedIncome":0,"minorShareHolderProfit":0,"payable":475},{"ticker":"IMP","quarter":2,"year":2023,"shortAsset":1338,"cash":67,"shortInvest":303,"shortReceivable":295,"inventory":658,"longAsset":1185,"fixedAsset":480,"asset":2523,"debt":580,"shortDebt":180,"longDebt":0,"equity":1943,"capital":667,"centralBankDeposit":null,"otherBankDeposit":null,"otherBankLoan":null,"stockInvest":null,"customerLoan":null,"badLoan":null,"provision":null,"netCustomerLoan":null,"otherAsset":null,"otherBankCredit":null,"oweOtherBank":null,"oweCentralBank":null,"valuablePaper":null,"payableInterest":null,"receivableInterest":null,"deposit":null,"otherDebt":89,"fund":null,"unDistributedIncome":0,"minorShareHolderProfit":0,"payable":580},{"ticker":"IMP","quarter":1,"year":2023,"shortAsset":1193,"cash":59,"shortInvest":293,"shortReceivable":305,"inventory":530,"longAsset":1174,"fixedAsset":481,"asset":2366,"debt":394,"shortDebt":101,"longDebt":0,"equity":1972,"capital":667,"centralBankDeposit":null,"otherBankDeposit":null,"otherBankLoan":null,"stockInvest":null,"customerLoan":null,"badLoan":null,"provision":null,"netCustomerLoan":null,"otherAsset":null,"otherBankCredit":null,"oweOtherBank":null,"oweCentralBank":null,"valuablePaper":null,"payableInterest":null,"receivableInterest":null,"deposit":null,"otherDebt":5,"fund":null,"unDistributedIncome":0,"minorShareHolderProfit":0,"payable":394}]