[{"ticker":"IMP","quarter":2,"year":2024,"investCost":-49,"fromInvest":-47,"fromFinancial":-22,"fromSale":88,"freeCashFlow":251},{"ticker":"IMP","quarter":1,"year":2024,"investCost":-13,"fromInvest":-45,"fromFinancial":69,"fromSale":-21,"freeCashFlow":404},{"ticker":"IMP","quarter":4,"year":2023,"investCost":-13,"fromInvest":-1,"fromFinancial":-97,"fromSale":106,"freeCashFlow":709},{"ticker":"IMP","quarter":3,"year":2023,"investCost":-9,"fromInvest":195,"fromFinancial":-101,"fromSale":-63,"freeCashFlow":473},{"ticker":"IMP","quarter":2,"year":2023,"investCost":-26,"fromInvest":-33,"fromFinancial":80,"fromSale":-39,"freeCashFlow":417},{"ticker":"IMP","quarter":1,"year":2023,"investCost":-16,"fromInvest":-91,"fromFinancial":6,"fromSale":-34,"freeCashFlow":365}]