{"OriginStock":{"Cumulative_Return_3_Month":0.1413,"Cumulative_Return_6_Month":0.6079,"Cumulative_Return_12_Month":0.6697,"Volatility_12_Month":0.3189,"SharpeRatio_3_Month":1.7833,"SharpeRatio_6_Month":3.9239,"SharpeRatio_12_Month":2.0191,"Maximum_Drawdown_12_Month":0.1488},"SimilarStock":[{"correlation":0.12,"beta":0.165,"pe":16.57,"price_volatility_1_month_compareWith_VNINDEX":-0.027,"price_volatility_3_month_compareWith_VNINDEX":-0.078,"price_volatility_6_month_compareWith_VNINDEX":-0.082,"companyName":"Công ty Cổ phần Dược Hậu Giang","industryName":"Y tế","exchangeName":"HOSE","ticker":"DHG"},{"correlation":0.138,"beta":0.349,"pe":12.033,"price_volatility_1_month_compareWith_VNINDEX":-0.142,"price_volatility_3_month_compareWith_VNINDEX":-0.25,"price_volatility_6_month_compareWith_VNINDEX":0.196,"companyName":"Tổng Công ty Dược Việt Nam - CTCP","industryName":"Y tế","exchangeName":"UpCom","ticker":"DVN"},{"correlation":-0.028,"beta":0.246,"pe":17.24,"price_volatility_1_month_compareWith_VNINDEX":0.146,"price_volatility_3_month_compareWith_VNINDEX":0.076,"price_volatility_6_month_compareWith_VNINDEX":0.08,"companyName":"Công ty Cổ phần Dược - Trang thiết bị y tế Bình Định (BIDIPHAR)","industryName":"Y tế","exchangeName":"HOSE","ticker":"DBD"},{"correlation":0.143,"beta":-0.175,"pe":13.172,"price_volatility_1_month_compareWith_VNINDEX":-0.035,"price_volatility_3_month_compareWith_VNINDEX":-0.119,"price_volatility_6_month_compareWith_VNINDEX":-0.149,"companyName":"Công ty Cổ phần Traphaco","industryName":"Y tế","exchangeName":"HOSE","ticker":"TRA"},{"correlation":0.239,"beta":1.175,"pe":20.158,"price_volatility_1_month_compareWith_VNINDEX":-0.005,"price_volatility_3_month_compareWith_VNINDEX":-0.106,"price_volatility_6_month_compareWith_VNINDEX":0.054,"companyName":"Công ty Cổ phần Tập đoàn Bệnh viện TNH","industryName":"Y tế","exchangeName":"HOSE","ticker":"TNH"},{"correlation":0.218,"beta":0.044,"pe":10.893,"price_volatility_1_month_compareWith_VNINDEX":-0.024,"price_volatility_3_month_compareWith_VNINDEX":0.208,"price_volatility_6_month_compareWith_VNINDEX":0.263,"companyName":"Công ty Cổ phần Dược phẩm CPC1 Hà Nội","industryName":"Y tế","exchangeName":"UpCom","ticker":"DTP"},{"correlation":0.191,"beta":0,"pe":11.636,"price_volatility_1_month_compareWith_VNINDEX":-0.058,"price_volatility_3_month_compareWith_VNINDEX":-0.036,"price_volatility_6_month_compareWith_VNINDEX":-0.016,"companyName":"Công ty Cổ phần Xuất nhập khẩu Y tế DOMESCO","industryName":"Y tế","exchangeName":"HOSE","ticker":"DMC"},{"correlation":-0.035,"beta":0.687,"pe":30.016,"price_volatility_1_month_compareWith_VNINDEX":-0.057,"price_volatility_3_month_compareWith_VNINDEX":-0.14,"price_volatility_6_month_compareWith_VNINDEX":-0.087,"companyName":"Công ty Cổ phần Dược phẩm Cửu Long","industryName":"Y tế","exchangeName":"HOSE","ticker":"DCL"},{"correlation":0.104,"beta":-0.039,"pe":13.82,"price_volatility_1_month_compareWith_VNINDEX":-0.025,"price_volatility_3_month_compareWith_VNINDEX":-0.082,"price_volatility_6_month_compareWith_VNINDEX":-0.062,"companyName":"Công ty Cổ phần Dược Phẩm OPC","industryName":"Y tế","exchangeName":"HOSE","ticker":"OPC"},{"correlation":0.196,"beta":0.239,"pe":10.788,"price_volatility_1_month_compareWith_VNINDEX":-0.087,"price_volatility_3_month_compareWith_VNINDEX":-0.125,"price_volatility_6_month_compareWith_VNINDEX":-0.198,"companyName":"Công ty Cổ Phần Dược Phẩm Trung Ương 3","industryName":"Y tế","exchangeName":"HNX","ticker":"DP3"}]}