[{"ticker":"IMP","quarter":2,"year":2024,"priceToEarning":26.7,"priceToBook":3.5,"valueBeforeEbitda":15.7,"dividend":null,"roe":0.134,"roa":0.107,"daysReceivable":148,"daysInventory":190,"daysPayable":24,"ebitOnInterest":97.2,"earningPerShare":1752,"bookValuePerShare":13490,"interestMargin":null,"nonInterestOnToi":null,"badDebtPercentage":null,"provisionOnBadDebt":null,"costOfFinancing":null,"equityOnTotalAsset":0.829,"equityOnLoan":null,"costToIncome":null,"equityOnLiability":4.9,"currentPayment":3.2,"quickPayment":1.5,"epsChange":-0.048,"ebitdaOnStock":6687,"grossProfitMargin":0.388,"operatingProfitMargin":0.166,"postTaxMargin":0.127,"debtOnEquity":0,"debtOnAsset":0,"debtOnEbitda":0.3,"shortOnLongDebt":null,"assetOnEquity":1.2,"capitalBalance":932,"cashOnEquity":0.061,"cashOnCapitalize":0.018,"cashCirculation":314,"revenueOnWorkCapital":2.5,"capexOnFixedAsset":-0.121,"revenueOnAsset":0.8,"postTaxOnPreTax":0.8,"ebitOnRevenue":0.166,"preTaxOnEbit":1,"preProvisionOnToi":null,"postTaxOnToi":null,"loanOnEarnAsset":null,"loanOnAsset":null,"loanOnDeposit":null,"depositOnEarnAsset":null,"badDebtOnAsset":null,"liquidityOnLiability":null,"payableOnEquity":0.2,"cancelDebt":null,"ebitdaOnStockChange":0.001,"bookValuePerShareChange":-0.032,"creditGrowth":null},{"ticker":"IMP","quarter":1,"year":2024,"priceToEarning":16.7,"priceToBook":2.2,"valueBeforeEbitda":13.7,"dividend":null,"roe":0.138,"roa":0.117,"daysReceivable":163,"daysInventory":181,"daysPayable":24,"ebitOnInterest":218.3,"earningPerShare":1841,"bookValuePerShare":13937,"interestMargin":null,"nonInterestOnToi":null,"badDebtPercentage":null,"provisionOnBadDebt":null,"costOfFinancing":null,"equityOnTotalAsset":0.868,"equityOnLoan":null,"costToIncome":null,"equityOnLiability":6.6,"currentPayment":4,"quickPayment":1.9,"epsChange":-0.053,"ebitdaOnStock":6683,"grossProfitMargin":0.368,"operatingProfitMargin":0.168,"postTaxMargin":0.126,"debtOnEquity":0.1,"debtOnAsset":0,"debtOnEbitda":0.2,"shortOnLongDebt":null,"assetOnEquity":1.2,"capitalBalance":990,"cashOnEquity":0.051,"cashOnCapitalize":0.017,"cashCirculation":320,"revenueOnWorkCapital":2.2,"capexOnFixedAsset":-0.087,"revenueOnAsset":0.8,"postTaxOnPreTax":0.8,"ebitOnRevenue":0.168,"preTaxOnEbit":0.9,"preProvisionOnToi":null,"postTaxOnToi":null,"loanOnEarnAsset":null,"loanOnAsset":null,"loanOnDeposit":null,"depositOnEarnAsset":null,"badDebtOnAsset":null,"liquidityOnLiability":null,"payableOnEquity":0.2,"cancelDebt":null,"ebitdaOnStockChange":-0.015,"bookValuePerShareChange":0.03,"creditGrowth":null},{"ticker":"IMP","quarter":4,"year":2023,"priceToEarning":13.1,"priceToBook":1.9,"valueBeforeEbitda":10.4,"dividend":null,"roe":0.15,"roa":0.128,"daysReceivable":149,"daysInventory":175,"daysPayable":20,"ebitOnInterest":102.9,"earningPerShare":1945,"bookValuePerShare":13535,"interestMargin":null,"nonInterestOnToi":null,"badDebtPercentage":null,"provisionOnBadDebt":null,"costOfFinancing":null,"equityOnTotalAsset":0.871,"equityOnLoan":null,"costToIncome":null,"equityOnLiability":6.8,"currentPayment":3.9,"quickPayment":1.6,"epsChange":-0.022,"ebitdaOnStock":6782,"grossProfitMargin":0.338,"operatingProfitMargin":0.158,"postTaxMargin":0.119,"debtOnEquity":0,"debtOnAsset":0,"debtOnEbitda":0.2,"shortOnLongDebt":null,"assetOnEquity":1.1,"capitalBalance":899,"cashOnEquity":0.051,"cashOnCapitalize":0.022,"cashCirculation":305,"revenueOnWorkCapital":2.4,"capexOnFixedAsset":-0.089,"revenueOnAsset":0.9,"postTaxOnPreTax":0.8,"ebitOnRevenue":0.158,"preTaxOnEbit":1,"preProvisionOnToi":null,"postTaxOnToi":null,"loanOnEarnAsset":null,"loanOnAsset":null,"loanOnDeposit":null,"depositOnEarnAsset":null,"badDebtOnAsset":null,"liquidityOnLiability":null,"payableOnEquity":0.1,"cancelDebt":null,"ebitdaOnStockChange":-0.019,"bookValuePerShareChange":0.036,"creditGrowth":null},{"ticker":"IMP","quarter":3,"year":2023,"priceToEarning":14.4,"priceToBook":2.2,"valueBeforeEbitda":9.6,"dividend":null,"roe":0.16,"roa":0.131,"daysReceivable":139,"daysInventory":195,"daysPayable":20,"ebitOnInterest":35.7,"earningPerShare":1987,"bookValuePerShare":13065,"interestMargin":null,"nonInterestOnToi":null,"badDebtPercentage":null,"provisionOnBadDebt":null,"costOfFinancing":null,"equityOnTotalAsset":0.809,"equityOnLoan":null,"costToIncome":null,"equityOnLiability":4.2,"currentPayment":2.7,"quickPayment":1.1,"epsChange":0.048,"ebitdaOnStock":6916,"grossProfitMargin":0.388,"operatingProfitMargin":0.187,"postTaxMargin":0.149,"debtOnEquity":0,"debtOnAsset":0,"debtOnEbitda":0.2,"shortOnLongDebt":null,"assetOnEquity":1.2,"capitalBalance":829,"cashOnEquity":0.049,"cashOnCapitalize":0.022,"cashCirculation":314,"revenueOnWorkCapital":2.6,"capexOnFixedAsset":-0.088,"revenueOnAsset":0.8,"postTaxOnPreTax":0.8,"ebitOnRevenue":0.187,"preTaxOnEbit":1,"preProvisionOnToi":null,"postTaxOnToi":null,"loanOnEarnAsset":null,"loanOnAsset":null,"loanOnDeposit":null,"depositOnEarnAsset":null,"badDebtOnAsset":null,"liquidityOnLiability":null,"payableOnEquity":0.2,"cancelDebt":null,"ebitdaOnStockChange":0.049,"bookValuePerShareChange":0.036,"creditGrowth":null},{"ticker":"IMP","quarter":2,"year":2023,"priceToEarning":13.5,"priceToBook":2,"valueBeforeEbitda":10.1,"dividend":null,"roe":0.157,"roa":0.127,"daysReceivable":132,"daysInventory":187,"daysPayable":25,"ebitOnInterest":43.9,"earningPerShare":1897,"bookValuePerShare":12613,"interestMargin":null,"nonInterestOnToi":null,"badDebtPercentage":null,"provisionOnBadDebt":null,"costOfFinancing":null,"equityOnTotalAsset":0.77,"equityOnLoan":null,"costToIncome":null,"equityOnLiability":3.3,"currentPayment":2.3,"quickPayment":1.2,"epsChange":0.128,"ebitdaOnStock":6592,"grossProfitMargin":0.439,"operatingProfitMargin":0.22,"postTaxMargin":0.181,"debtOnEquity":0.1,"debtOnAsset":0.1,"debtOnEbitda":0.3,"shortOnLongDebt":null,"assetOnEquity":1.3,"capitalBalance":757,"cashOnEquity":0.034,"cashOnCapitalize":0.015,"cashCirculation":294,"revenueOnWorkCapital":2.8,"capexOnFixedAsset":-0.178,"revenueOnAsset":0.8,"postTaxOnPreTax":0.8,"ebitOnRevenue":0.22,"preTaxOnEbit":1,"preProvisionOnToi":null,"postTaxOnToi":null,"loanOnEarnAsset":null,"loanOnAsset":null,"loanOnDeposit":null,"depositOnEarnAsset":null,"badDebtOnAsset":null,"liquidityOnLiability":null,"payableOnEquity":0.3,"cancelDebt":null,"ebitdaOnStockChange":0.104,"bookValuePerShareChange":-0.015,"creditGrowth":null},{"ticker":"IMP","quarter":1,"year":2023,"priceToEarning":11.8,"priceToBook":1.5,"valueBeforeEbitda":10.6,"dividend":null,"roe":0.136,"roa":0.114,"daysReceivable":153,"daysInventory":176,"daysPayable":23,"ebitOnInterest":224.9,"earningPerShare":1682,"bookValuePerShare":12806,"interestMargin":null,"nonInterestOnToi":null,"badDebtPercentage":null,"provisionOnBadDebt":null,"costOfFinancing":null,"equityOnTotalAsset":0.833,"equityOnLoan":null,"costToIncome":null,"equityOnLiability":5,"currentPayment":3,"quickPayment":1.7,"epsChange":0.108,"ebitdaOnStock":5973,"grossProfitMargin":0.482,"operatingProfitMargin":0.21,"postTaxMargin":0.162,"debtOnEquity":0.1,"debtOnAsset":0,"debtOnEbitda":0.3,"shortOnLongDebt":null,"assetOnEquity":1.2,"capitalBalance":799,"cashOnEquity":0.03,"cashOnCapitalize":0.014,"cashCirculation":305,"revenueOnWorkCapital":2.4,"capexOnFixedAsset":-0.205,"revenueOnAsset":0.8,"postTaxOnPreTax":0.8,"ebitOnRevenue":0.21,"preTaxOnEbit":1,"preProvisionOnToi":null,"postTaxOnToi":null,"loanOnEarnAsset":null,"loanOnAsset":null,"loanOnDeposit":null,"depositOnEarnAsset":null,"badDebtOnAsset":null,"liquidityOnLiability":null,"payableOnEquity":0.2,"cancelDebt":null,"ebitdaOnStockChange":0.085,"bookValuePerShareChange":0.035,"creditGrowth":null}]