[{"ticker":"IMP","quarter":2,"year":2024,"revenue":517,"yearRevenueGrowth":0.176,"quarterRevenueGrowth":0.053,"costOfGoodSold":-317,"grossProfit":201,"operationExpense":-115,"operationProfit":86,"yearOperationProfitGrowth":-0.113,"quarterOperationProfitGrowth":0.041,"interestExpense":-1,"preTaxProfit":83,"postTaxProfit":66,"shareHolderIncome":66,"yearShareHolderIncomeGrowth":-0.173,"quarterShareHolderIncomeGrowth":0.065,"investProfit":null,"serviceProfit":null,"otherProfit":null,"provisionExpense":null,"operationIncome":null,"ebitda":112},{"ticker":"IMP","quarter":1,"year":2024,"revenue":491,"yearRevenueGrowth":0.025,"quarterRevenueGrowth":-0.192,"costOfGoodSold":-311,"grossProfit":181,"operationExpense":-98,"operationProfit":82,"yearOperationProfitGrowth":-0.182,"quarterOperationProfitGrowth":-0.144,"interestExpense":0,"preTaxProfit":78,"postTaxProfit":62,"shareHolderIncome":62,"yearShareHolderIncomeGrowth":-0.204,"quarterShareHolderIncomeGrowth":-0.144,"investProfit":null,"serviceProfit":null,"otherProfit":null,"provisionExpense":null,"operationIncome":null,"ebitda":109},{"ticker":"IMP","quarter":4,"year":2023,"revenue":608,"yearRevenueGrowth":0.092,"quarterRevenueGrowth":0.302,"costOfGoodSold":-403,"grossProfit":205,"operationExpense":-109,"operationProfit":96,"yearOperationProfitGrowth":-0.086,"quarterOperationProfitGrowth":0.1,"interestExpense":-1,"preTaxProfit":91,"postTaxProfit":72,"shareHolderIncome":72,"yearShareHolderIncomeGrowth":-0.084,"quarterShareHolderIncomeGrowth":0.038,"investProfit":null,"serviceProfit":null,"otherProfit":null,"provisionExpense":null,"operationIncome":null,"ebitda":123},{"ticker":"IMP","quarter":3,"year":2023,"revenue":467,"yearRevenueGrowth":0.117,"quarterRevenueGrowth":0.062,"costOfGoodSold":-286,"grossProfit":181,"operationExpense":-94,"operationProfit":87,"yearOperationProfitGrowth":0.139,"quarterOperationProfitGrowth":-0.096,"interestExpense":-2,"preTaxProfit":87,"postTaxProfit":70,"shareHolderIncome":70,"yearShareHolderIncomeGrowth":0.249,"quarterShareHolderIncomeGrowth":-0.125,"investProfit":null,"serviceProfit":null,"otherProfit":null,"provisionExpense":null,"operationIncome":null,"ebitda":113},{"ticker":"IMP","quarter":2,"year":2023,"revenue":440,"yearRevenueGrowth":0.24,"quarterRevenueGrowth":-0.083,"costOfGoodSold":-247,"grossProfit":193,"operationExpense":-96,"operationProfit":97,"yearOperationProfitGrowth":0.747,"quarterOperationProfitGrowth":-0.039,"interestExpense":-2,"preTaxProfit":100,"postTaxProfit":80,"shareHolderIncome":80,"yearShareHolderIncomeGrowth":0.709,"quarterShareHolderIncomeGrowth":0.024,"investProfit":null,"serviceProfit":null,"otherProfit":null,"provisionExpense":null,"operationIncome":null,"ebitda":112},{"ticker":"IMP","quarter":1,"year":2023,"revenue":479,"yearRevenueGrowth":0.525,"quarterRevenueGrowth":-0.14,"costOfGoodSold":-248,"grossProfit":231,"operationExpense":-130,"operationProfit":101,"yearOperationProfitGrowth":0.447,"quarterOperationProfitGrowth":-0.043,"interestExpense":0,"preTaxProfit":99,"postTaxProfit":78,"shareHolderIncome":78,"yearShareHolderIncomeGrowth":0.48,"quarterShareHolderIncomeGrowth":-0.014,"investProfit":null,"serviceProfit":null,"otherProfit":null,"provisionExpense":null,"operationIncome":null,"ebitda":116}]