{"priceToEarning":{"top200AvgValue":"17.2","industryName":"Y tế","industryAvgValue":"16.9"},"valueBeforeEbitda":{"top200AvgValue":"14.1","industryName":"Y tế","industryAvgValue":"13.6"},"priceToBook":{"top200AvgValue":"1.8","industryName":"Y tế","industryAvgValue":"1.8"},"dividend":{"top200AvgValue":"0","industryName":"Y tế","industryAvgValue":"0"},"roe":{"top200AvgValue":"0.105","industryName":"Y tế","industryAvgValue":"0.083"},"roa":{"top200AvgValue":"0.038","industryName":"Y tế","industryAvgValue":"0.047"},"grossProfitMargin":{"top200AvgValue":"0.28","industryName":"Y tế","industryAvgValue":"0.231"},"operatingProfitMargin":{"top200AvgValue":"0.166","industryName":"Y tế","industryAvgValue":"0.078"},"postTaxMargin":{"top200AvgValue":"0.143","industryName":"Y tế","industryAvgValue":"0.066"},"debtOnEquity":{"top200AvgValue":"1.3","industryName":"Y tế","industryAvgValue":"0.5"},"debtOnAsset":{"top200AvgValue":"0.6","industryName":"Y tế","industryAvgValue":"0.3"},"debtOnEbitda":{"top200AvgValue":"2.2","industryName":"Y tế","industryAvgValue":"1.1"},"shortOnLongDebt":{"top200AvgValue":"1.1","industryName":"Y tế","industryAvgValue":"2.2"},"ebitOnInterest":{"top200AvgValue":"5.6","industryName":"Y tế","industryAvgValue":"3.8"},"assetOnEquity":{"top200AvgValue":"2.4","industryName":"Y tế","industryAvgValue":"1.5"},"cashOnEquity":{"top200AvgValue":"0.107","industryName":"Y tế","industryAvgValue":"0.066"},"cashOnCapitalize":{"top200AvgValue":"0.059","industryName":"Y tế","industryAvgValue":"0.048"},"currentPayment":{"top200AvgValue":"1.7","industryName":"Y tế","industryAvgValue":"2.1"},"quickPayment":{"top200AvgValue":"1.3","industryName":"Y tế","industryAvgValue":"1.2"},"daysReceivable":{"top200AvgValue":"145","industryName":"Y tế","industryAvgValue":"130"},"daysInventory":{"top200AvgValue":"73","industryName":"Y tế","industryAvgValue":"108"},"daysPayable":{"top200AvgValue":"34","industryName":"Y tế","industryAvgValue":"43"},"cashCirculation":{"top200AvgValue":"0.2","industryName":"Y tế","industryAvgValue":"0.1"},"revenueOnWorkCapital":{"top200AvgValue":"2.2","industryName":"Y tế","industryAvgValue":"2.7"},"revenueOnAsset":{"top200AvgValue":"0.5","industryName":"Y tế","industryAvgValue":"0.9"},"ebitOnRevenue":{"top200AvgValue":"0.166","industryName":"Y tế","industryAvgValue":"0.078"},"netDebtOnEbitda":{"top200AvgValue":"2.2","industryName":"Y tế","industryAvgValue":"1.1"},"netDebtOnEquity":{"top200AvgValue":"0.5","industryName":"Y tế","industryAvgValue":"0.2"},"priceToSales":{"top200AvgValue":"2.3","industryName":"Y tế","industryAvgValue":"0.9"}}