{"capitalize":7215,"tradeVolume":63223,"priceToEarning":26.7,"priceToBook":3.5,"valueBeforeEbitda":15.7,"dividend":0.039,"roe":0.134,"profitGrowthAvarage":0.167,"ageOfReceivable":148,"ageOfInventory":190.1,"payableOnEquity":0.2,"payableOnEbitda":0.3,"ebitOnInterest":97.2,"shortOnLongTermPayable":null,"revenue":2083,"operationProfit":352,"netProfit":270,"earningPerShare":1752,"asset":2505,"liability":427,"equity":2078,"bookValuePerShare":13491,"profitMargin":null,"nonInterestOnToi":null,"loanOnDeposit":null,"creditGrowth":null,"badDebtPercentage":null,"provisionOnBadDebt":null,"customerCredit":null,"betaIndex":null,"ticker":"IMP"}