[{"ticker":"FTS","quarter":3,"year":2024,"shortAsset":8517,"cash":470,"shortInvest":8010,"shortReceivable":34,"inventory":0,"longAsset":182,"fixedAsset":144,"asset":8700,"debt":4741,"shortDebt":4343,"longDebt":0,"equity":3958,"capital":3059,"centralBankDeposit":null,"otherBankDeposit":null,"otherBankLoan":null,"stockInvest":null,"customerLoan":null,"badLoan":null,"provision":null,"netCustomerLoan":null,"otherAsset":null,"otherBankCredit":null,"oweOtherBank":null,"oweCentralBank":null,"valuablePaper":null,"payableInterest":null,"receivableInterest":null,"deposit":null,"otherDebt":256,"fund":null,"unDistributedIncome":0,"minorShareHolderProfit":0,"payable":4741},{"ticker":"FTS","quarter":2,"year":2024,"shortAsset":8922,"cash":742,"shortInvest":8130,"shortReceivable":45,"inventory":0,"longAsset":187,"fixedAsset":149,"asset":9109,"debt":5231,"shortDebt":4112,"longDebt":0,"equity":3878,"capital":3059,"centralBankDeposit":null,"otherBankDeposit":null,"otherBankLoan":null,"stockInvest":null,"customerLoan":null,"badLoan":null,"provision":null,"netCustomerLoan":null,"otherAsset":null,"otherBankCredit":null,"oweOtherBank":null,"oweCentralBank":null,"valuablePaper":null,"payableInterest":null,"receivableInterest":null,"deposit":null,"otherDebt":956,"fund":null,"unDistributedIncome":0,"minorShareHolderProfit":0,"payable":5231},{"ticker":"FTS","quarter":1,"year":2024,"shortAsset":7950,"cash":417,"shortInvest":7488,"shortReceivable":40,"inventory":0,"longAsset":187,"fixedAsset":153,"asset":8137,"debt":4368,"shortDebt":3472,"longDebt":0,"equity":3769,"capital":2146,"centralBankDeposit":null,"otherBankDeposit":null,"otherBankLoan":null,"stockInvest":null,"customerLoan":null,"badLoan":null,"provision":null,"netCustomerLoan":null,"otherAsset":null,"otherBankCredit":null,"oweOtherBank":null,"oweCentralBank":null,"valuablePaper":null,"payableInterest":null,"receivableInterest":null,"deposit":null,"otherDebt":732,"fund":null,"unDistributedIncome":0,"minorShareHolderProfit":0,"payable":4368},{"ticker":"FTS","quarter":4,"year":2023,"shortAsset":8046,"cash":1253,"shortInvest":6733,"shortReceivable":55,"inventory":0,"longAsset":189,"fixedAsset":155,"asset":8235,"debt":4591,"shortDebt":3148,"longDebt":0,"equity":3644,"capital":2146,"centralBankDeposit":null,"otherBankDeposit":null,"otherBankLoan":null,"stockInvest":null,"customerLoan":null,"badLoan":null,"provision":null,"netCustomerLoan":null,"otherAsset":null,"otherBankCredit":null,"oweOtherBank":null,"oweCentralBank":null,"valuablePaper":null,"payableInterest":null,"receivableInterest":null,"deposit":null,"otherDebt":1306,"fund":null,"unDistributedIncome":0,"minorShareHolderProfit":0,"payable":4591},{"ticker":"FTS","quarter":3,"year":2023,"shortAsset":7120,"cash":795,"shortInvest":6275,"shortReceivable":46,"inventory":0,"longAsset":193,"fixedAsset":161,"asset":7313,"debt":3711,"shortDebt":2360,"longDebt":0,"equity":3602,"capital":2146,"centralBankDeposit":null,"otherBankDeposit":null,"otherBankLoan":null,"stockInvest":null,"customerLoan":null,"badLoan":null,"provision":null,"netCustomerLoan":null,"otherAsset":null,"otherBankCredit":null,"oweOtherBank":null,"oweCentralBank":null,"valuablePaper":null,"payableInterest":null,"receivableInterest":null,"deposit":null,"otherDebt":1206,"fund":null,"unDistributedIncome":0,"minorShareHolderProfit":0,"payable":3711},{"ticker":"FTS","quarter":2,"year":2023,"shortAsset":5997,"cash":341,"shortInvest":5612,"shortReceivable":37,"inventory":0,"longAsset":196,"fixedAsset":163,"asset":6193,"debt":2775,"shortDebt":1534,"longDebt":0,"equity":3418,"capital":2146,"centralBankDeposit":null,"otherBankDeposit":null,"otherBankLoan":null,"stockInvest":null,"customerLoan":null,"badLoan":null,"provision":null,"netCustomerLoan":null,"otherAsset":null,"otherBankCredit":null,"oweOtherBank":null,"oweCentralBank":null,"valuablePaper":null,"payableInterest":null,"receivableInterest":null,"deposit":null,"otherDebt":1106,"fund":null,"unDistributedIncome":0,"minorShareHolderProfit":0,"payable":2775}]