[{"ticker":"FTS","quarter":3,"year":2024,"investCost":0,"fromInvest":0,"fromFinancial":231,"fromSale":-503,"freeCashFlow":1154},{"ticker":"FTS","quarter":2,"year":2024,"investCost":-1,"fromInvest":0,"fromFinancial":588,"fromSale":-262,"freeCashFlow":340},{"ticker":"FTS","quarter":1,"year":2024,"investCost":-3,"fromInvest":-3,"fromFinancial":324,"fromSale":-1158,"freeCashFlow":1127},{"ticker":"FTS","quarter":4,"year":2023,"investCost":0,"fromInvest":0,"fromFinancial":788,"fromSale":-330,"freeCashFlow":-310},{"ticker":"FTS","quarter":3,"year":2023,"investCost":-2,"fromInvest":-2,"fromFinancial":826,"fromSale":-370,"freeCashFlow":395},{"ticker":"FTS","quarter":2,"year":2023,"investCost":-5,"fromInvest":-5,"fromFinancial":-6,"fromSale":-244,"freeCashFlow":-352}]