[{"ticker":"FTS","quarter":3,"year":2024,"priceToEarning":29.7,"priceToBook":3.4,"valueBeforeEbitda":31,"dividend":null,"roe":0.119,"roa":0.056,"daysReceivable":1297,"daysInventory":null,"daysPayable":0,"ebitOnInterest":null,"earningPerShare":1470,"bookValuePerShare":12939,"interestMargin":null,"nonInterestOnToi":null,"badDebtPercentage":null,"provisionOnBadDebt":null,"costOfFinancing":null,"equityOnTotalAsset":0.455,"equityOnLoan":null,"costToIncome":null,"equityOnLiability":0.8,"currentPayment":1.8,"quickPayment":1.8,"epsChange":-0.186,"ebitdaOnStock":2138,"grossProfitMargin":0.549,"operatingProfitMargin":0.448,"postTaxMargin":0.359,"debtOnEquity":1.1,"debtOnAsset":0.5,"debtOnEbitda":6,"shortOnLongDebt":null,"assetOnEquity":2.2,"capitalBalance":3776,"cashOnEquity":0.119,"cashOnCapitalize":0.035,"cashCirculation":null,"revenueOnWorkCapital":0.3,"capexOnFixedAsset":-0.026,"revenueOnAsset":0.1,"postTaxOnPreTax":0.8,"ebitOnRevenue":0.448,"preTaxOnEbit":1,"preProvisionOnToi":null,"postTaxOnToi":null,"loanOnEarnAsset":null,"loanOnAsset":null,"loanOnDeposit":null,"depositOnEarnAsset":null,"badDebtOnAsset":null,"liquidityOnLiability":null,"payableOnEquity":1.2,"cancelDebt":null,"ebitdaOnStockChange":-0.164,"bookValuePerShareChange":0.021,"creditGrowth":null},{"ticker":"FTS","quarter":2,"year":2024,"priceToEarning":22.4,"priceToBook":3.2,"valueBeforeEbitda":25.2,"dividend":null,"roe":0.152,"roa":0.072,"daysReceivable":1135,"daysInventory":null,"daysPayable":1,"ebitOnInterest":null,"earningPerShare":1807,"bookValuePerShare":12675,"interestMargin":null,"nonInterestOnToi":null,"badDebtPercentage":null,"provisionOnBadDebt":null,"costOfFinancing":null,"equityOnTotalAsset":0.426,"equityOnLoan":null,"costToIncome":null,"equityOnLiability":0.7,"currentPayment":1.7,"quickPayment":1.7,"epsChange":0.038,"ebitdaOnStock":2557,"grossProfitMargin":0.677,"operatingProfitMargin":0.611,"postTaxMargin":0.526,"debtOnEquity":1.1,"debtOnAsset":0.5,"debtOnEbitda":4.2,"shortOnLongDebt":null,"assetOnEquity":2.3,"capitalBalance":3691,"cashOnEquity":0.191,"cashOnCapitalize":0.055,"cashCirculation":null,"revenueOnWorkCapital":0.3,"capexOnFixedAsset":-0.037,"revenueOnAsset":0.1,"postTaxOnPreTax":0.8,"ebitOnRevenue":0.611,"preTaxOnEbit":1,"preProvisionOnToi":null,"postTaxOnToi":null,"loanOnEarnAsset":null,"loanOnAsset":null,"loanOnDeposit":null,"depositOnEarnAsset":null,"badDebtOnAsset":null,"liquidityOnLiability":null,"payableOnEquity":1.3,"cancelDebt":null,"ebitdaOnStockChange":-0.188,"bookValuePerShareChange":0.029,"creditGrowth":null},{"ticker":"FTS","quarter":1,"year":2024,"priceToEarning":25.3,"priceToBook":3.6,"valueBeforeEbitda":23.4,"dividend":null,"roe":0.149,"roa":0.078,"daysReceivable":1158,"daysInventory":null,"daysPayable":1,"ebitOnInterest":null,"earningPerShare":1740,"bookValuePerShare":12321,"interestMargin":null,"nonInterestOnToi":null,"badDebtPercentage":null,"provisionOnBadDebt":null,"costOfFinancing":null,"equityOnTotalAsset":0.463,"equityOnLoan":null,"costToIncome":null,"equityOnLiability":0.9,"currentPayment":1.8,"quickPayment":1.8,"epsChange":0.197,"ebitdaOnStock":3149,"grossProfitMargin":0.696,"operatingProfitMargin":0.631,"postTaxMargin":0.557,"debtOnEquity":0.9,"debtOnAsset":0.4,"debtOnEbitda":3.8,"shortOnLongDebt":null,"assetOnEquity":2.2,"capitalBalance":3583,"cashOnEquity":0.111,"cashOnCapitalize":0.035,"cashCirculation":null,"revenueOnWorkCapital":0.3,"capexOnFixedAsset":-0.066,"revenueOnAsset":0.2,"postTaxOnPreTax":0.9,"ebitOnRevenue":0.631,"preTaxOnEbit":1,"preProvisionOnToi":null,"postTaxOnToi":null,"loanOnEarnAsset":null,"loanOnAsset":null,"loanOnDeposit":null,"depositOnEarnAsset":null,"badDebtOnAsset":null,"liquidityOnLiability":null,"payableOnEquity":1.2,"cancelDebt":null,"ebitdaOnStockChange":0.17,"bookValuePerShareChange":0.034,"creditGrowth":null},{"ticker":"FTS","quarter":4,"year":2023,"priceToEarning":21.7,"priceToBook":2.7,"valueBeforeEbitda":23.5,"dividend":null,"roe":0.127,"roa":0.066,"daysReceivable":1276,"daysInventory":null,"daysPayable":1,"ebitOnInterest":null,"earningPerShare":1454,"bookValuePerShare":11911,"interestMargin":null,"nonInterestOnToi":null,"badDebtPercentage":null,"provisionOnBadDebt":null,"costOfFinancing":null,"equityOnTotalAsset":0.443,"equityOnLoan":null,"costToIncome":null,"equityOnLiability":0.8,"currentPayment":1.8,"quickPayment":1.8,"epsChange":-0.099,"ebitdaOnStock":2693,"grossProfitMargin":0.471,"operatingProfitMargin":0.334,"postTaxMargin":0.232,"debtOnEquity":0.9,"debtOnAsset":0.4,"debtOnEbitda":4,"shortOnLongDebt":null,"assetOnEquity":2.3,"capitalBalance":3455,"cashOnEquity":0.344,"cashOnCapitalize":0.11,"cashCirculation":null,"revenueOnWorkCapital":0.3,"capexOnFixedAsset":-0.054,"revenueOnAsset":0.1,"postTaxOnPreTax":0.7,"ebitOnRevenue":0.334,"preTaxOnEbit":1,"preProvisionOnToi":null,"postTaxOnToi":null,"loanOnEarnAsset":null,"loanOnAsset":null,"loanOnDeposit":null,"depositOnEarnAsset":null,"badDebtOnAsset":null,"liquidityOnLiability":null,"payableOnEquity":1.3,"cancelDebt":null,"ebitdaOnStockChange":-0.082,"bookValuePerShareChange":0.012,"creditGrowth":null},{"ticker":"FTS","quarter":3,"year":2023,"priceToEarning":19.1,"priceToBook":2.6,"valueBeforeEbitda":18.7,"dividend":null,"roe":0.144,"roa":0.073,"daysReceivable":1204,"daysInventory":null,"daysPayable":1,"ebitOnInterest":null,"earningPerShare":1614,"bookValuePerShare":11774,"interestMargin":null,"nonInterestOnToi":null,"badDebtPercentage":null,"provisionOnBadDebt":null,"costOfFinancing":null,"equityOnTotalAsset":0.493,"equityOnLoan":null,"costToIncome":null,"equityOnLiability":1,"currentPayment":1.9,"quickPayment":1.9,"epsChange":0.974,"ebitdaOnStock":2933,"grossProfitMargin":0.71,"operatingProfitMargin":0.644,"postTaxMargin":0.565,"debtOnEquity":0.7,"debtOnAsset":0.3,"debtOnEbitda":2.9,"shortOnLongDebt":null,"assetOnEquity":2,"capitalBalance":3409,"cashOnEquity":0.221,"cashOnCapitalize":0.082,"cashCirculation":null,"revenueOnWorkCapital":0.3,"capexOnFixedAsset":-0.089,"revenueOnAsset":0.1,"postTaxOnPreTax":0.9,"ebitOnRevenue":0.644,"preTaxOnEbit":1,"preProvisionOnToi":null,"postTaxOnToi":null,"loanOnEarnAsset":null,"loanOnAsset":null,"loanOnDeposit":null,"depositOnEarnAsset":null,"badDebtOnAsset":null,"liquidityOnLiability":null,"payableOnEquity":1,"cancelDebt":null,"ebitdaOnStockChange":0.497,"bookValuePerShareChange":0.054,"creditGrowth":null},{"ticker":"FTS","quarter":2,"year":2023,"priceToEarning":25.2,"priceToBook":1.8,"valueBeforeEbitda":28.5,"dividend":null,"roe":0.075,"roa":0.04,"daysReceivable":1603,"daysInventory":null,"daysPayable":2,"ebitOnInterest":null,"earningPerShare":817,"bookValuePerShare":11173,"interestMargin":null,"nonInterestOnToi":null,"badDebtPercentage":null,"provisionOnBadDebt":null,"costOfFinancing":null,"equityOnTotalAsset":0.552,"equityOnLoan":null,"costToIncome":null,"equityOnLiability":1.2,"currentPayment":2.2,"quickPayment":2.2,"epsChange":0.354,"ebitdaOnStock":1959,"grossProfitMargin":0.708,"operatingProfitMargin":0.639,"postTaxMargin":0.539,"debtOnEquity":0.4,"debtOnAsset":0.2,"debtOnEbitda":3.7,"shortOnLongDebt":null,"assetOnEquity":1.8,"capitalBalance":3222,"cashOnEquity":0.1,"cashOnCapitalize":0.038,"cashCirculation":null,"revenueOnWorkCapital":0.2,"capexOnFixedAsset":-0.082,"revenueOnAsset":0.1,"postTaxOnPreTax":0.8,"ebitOnRevenue":0.639,"preTaxOnEbit":1,"preProvisionOnToi":null,"postTaxOnToi":null,"loanOnEarnAsset":null,"loanOnAsset":null,"loanOnDeposit":null,"depositOnEarnAsset":null,"badDebtOnAsset":null,"liquidityOnLiability":null,"payableOnEquity":0.8,"cancelDebt":null,"ebitdaOnStockChange":0.121,"bookValuePerShareChange":0.013,"creditGrowth":null}]