[{"ticker":"FTS","quarter":3,"year":2024,"revenue":225,"yearRevenueGrowth":-0.309,"quarterRevenueGrowth":-0.264,"costOfGoodSold":-101,"grossProfit":123,"operationExpense":-23,"operationProfit":101,"yearOperationProfitGrowth":-0.519,"quarterOperationProfitGrowth":-0.46,"interestExpense":0,"preTaxProfit":103,"postTaxProfit":81,"shareHolderIncome":81,"yearShareHolderIncomeGrowth":-0.561,"quarterShareHolderIncomeGrowth":-0.497,"investProfit":null,"serviceProfit":null,"otherProfit":null,"provisionExpense":null,"operationIncome":null,"ebitda":106},{"ticker":"FTS","quarter":2,"year":2024,"revenue":305,"yearRevenueGrowth":0.175,"quarterRevenueGrowth":0.02,"costOfGoodSold":-98,"grossProfit":207,"operationExpense":-20,"operationProfit":187,"yearOperationProfitGrowth":0.123,"quarterOperationProfitGrowth":-0.012,"interestExpense":0,"preTaxProfit":190,"postTaxProfit":160,"shareHolderIncome":160,"yearShareHolderIncomeGrowth":0.146,"quarterShareHolderIncomeGrowth":-0.037,"investProfit":null,"serviceProfit":null,"otherProfit":null,"provisionExpense":null,"operationIncome":null,"ebitda":191},{"ticker":"FTS","quarter":1,"year":2024,"revenue":299,"yearRevenueGrowth":0.684,"quarterRevenueGrowth":0.648,"costOfGoodSold":-91,"grossProfit":208,"operationExpense":-19,"operationProfit":189,"yearOperationProfitGrowth":0.976,"quarterOperationProfitGrowth":2.115,"interestExpense":0,"preTaxProfit":191,"postTaxProfit":167,"shareHolderIncome":167,"yearShareHolderIncomeGrowth":1.106,"quarterShareHolderIncomeGrowth":2.965,"investProfit":null,"serviceProfit":null,"otherProfit":null,"provisionExpense":null,"operationIncome":null,"ebitda":194},{"ticker":"FTS","quarter":4,"year":2023,"revenue":182,"yearRevenueGrowth":-0.166,"quarterRevenueGrowth":-0.442,"costOfGoodSold":-96,"grossProfit":86,"operationExpense":-25,"operationProfit":61,"yearOperationProfitGrowth":-0.452,"quarterOperationProfitGrowth":-0.711,"interestExpense":0,"preTaxProfit":64,"postTaxProfit":42,"shareHolderIncome":42,"yearShareHolderIncomeGrowth":-0.538,"quarterShareHolderIncomeGrowth":-0.771,"investProfit":null,"serviceProfit":null,"otherProfit":null,"provisionExpense":null,"operationIncome":null,"ebitda":66},{"ticker":"FTS","quarter":3,"year":2023,"revenue":325,"yearRevenueGrowth":4.974,"quarterRevenueGrowth":0.251,"costOfGoodSold":-94,"grossProfit":231,"operationExpense":-21,"operationProfit":209,"yearOperationProfitGrowth":null,"quarterOperationProfitGrowth":0.261,"interestExpense":0,"preTaxProfit":211,"postTaxProfit":184,"shareHolderIncome":184,"yearShareHolderIncomeGrowth":null,"quarterShareHolderIncomeGrowth":0.311,"investProfit":null,"serviceProfit":null,"otherProfit":null,"provisionExpense":null,"operationIncome":null,"ebitda":215},{"ticker":"FTS","quarter":2,"year":2023,"revenue":260,"yearRevenueGrowth":0.217,"quarterRevenueGrowth":0.462,"costOfGoodSold":-76,"grossProfit":184,"operationExpense":-18,"operationProfit":166,"yearOperationProfitGrowth":0.492,"quarterOperationProfitGrowth":0.738,"interestExpense":0,"preTaxProfit":168,"postTaxProfit":140,"shareHolderIncome":140,"yearShareHolderIncomeGrowth":0.874,"quarterShareHolderIncomeGrowth":0.77,"investProfit":null,"serviceProfit":null,"otherProfit":null,"provisionExpense":null,"operationIncome":null,"ebitda":171}]