{"capitalize":13369,"tradeVolume":1194539,"priceToEarning":29.7,"priceToBook":3.4,"valueBeforeEbitda":31,"dividend":0,"roe":0.119,"profitGrowthAvarage":-0.019,"ageOfReceivable":1297.4,"ageOfInventory":null,"payableOnEquity":1.2,"payableOnEbitda":6,"ebitOnInterest":null,"shortOnLongTermPayable":null,"revenue":1011,"operationProfit":537,"netProfit":450,"earningPerShare":1470,"asset":8700,"liability":4741,"equity":3958,"bookValuePerShare":12940,"profitMargin":null,"nonInterestOnToi":null,"loanOnDeposit":null,"creditGrowth":null,"badDebtPercentage":null,"provisionOnBadDebt":null,"customerCredit":null,"betaIndex":null,"ticker":"FTS"}