[{"ticker":"GVR","quarter":2,"year":2024,"shortAsset":23473,"cash":4204,"shortInvest":12675,"shortReceivable":2014,"inventory":3331,"longAsset":53577,"fixedAsset":35233,"asset":77050,"debt":20329,"shortDebt":2019,"longDebt":3244,"equity":56722,"capital":40000,"centralBankDeposit":null,"otherBankDeposit":null,"otherBankLoan":null,"stockInvest":null,"customerLoan":null,"badLoan":null,"provision":null,"netCustomerLoan":null,"otherAsset":null,"otherBankCredit":null,"oweOtherBank":null,"oweCentralBank":null,"valuablePaper":null,"payableInterest":null,"receivableInterest":null,"deposit":null,"otherDebt":921,"fund":null,"unDistributedIncome":0,"minorShareHolderProfit":5294,"payable":20329},{"ticker":"GVR","quarter":1,"year":2024,"shortAsset":22975,"cash":4612,"shortInvest":11744,"shortReceivable":2455,"inventory":3085,"longAsset":53938,"fixedAsset":34903,"asset":76913,"debt":20895,"shortDebt":2445,"longDebt":3482,"equity":56018,"capital":40000,"centralBankDeposit":null,"otherBankDeposit":null,"otherBankLoan":null,"stockInvest":null,"customerLoan":null,"badLoan":null,"provision":null,"netCustomerLoan":null,"otherAsset":null,"otherBankCredit":null,"oweOtherBank":null,"oweCentralBank":null,"valuablePaper":null,"payableInterest":null,"receivableInterest":null,"deposit":null,"otherDebt":990,"fund":null,"unDistributedIncome":0,"minorShareHolderProfit":5218,"payable":20895},{"ticker":"GVR","quarter":4,"year":2023,"shortAsset":24186,"cash":5678,"shortInvest":11227,"shortReceivable":2867,"inventory":3377,"longAsset":54200,"fixedAsset":34459,"asset":78385,"debt":23532,"shortDebt":2844,"longDebt":3735,"equity":54854,"capital":40000,"centralBankDeposit":null,"otherBankDeposit":null,"otherBankLoan":null,"stockInvest":null,"customerLoan":null,"badLoan":null,"provision":null,"netCustomerLoan":null,"otherAsset":null,"otherBankCredit":null,"oweOtherBank":null,"oweCentralBank":null,"valuablePaper":null,"payableInterest":null,"receivableInterest":null,"deposit":null,"otherDebt":1128,"fund":null,"unDistributedIncome":0,"minorShareHolderProfit":5149,"payable":23532},{"ticker":"GVR","quarter":3,"year":2023,"shortAsset":23731,"cash":5534,"shortInvest":10770,"shortReceivable":2837,"inventory":3672,"longAsset":54066,"fixedAsset":33963,"asset":77797,"debt":22507,"shortDebt":1905,"longDebt":4319,"equity":55290,"capital":40000,"centralBankDeposit":null,"otherBankDeposit":null,"otherBankLoan":null,"stockInvest":null,"customerLoan":null,"badLoan":null,"provision":null,"netCustomerLoan":null,"otherAsset":null,"otherBankCredit":null,"oweOtherBank":null,"oweCentralBank":null,"valuablePaper":null,"payableInterest":null,"receivableInterest":null,"deposit":null,"otherDebt":1678,"fund":null,"unDistributedIncome":0,"minorShareHolderProfit":4845,"payable":22507},{"ticker":"GVR","quarter":2,"year":2023,"shortAsset":22626,"cash":4301,"shortInvest":10748,"shortReceivable":2615,"inventory":3878,"longAsset":54038,"fixedAsset":34183,"asset":76664,"debt":22490,"shortDebt":2420,"longDebt":4288,"equity":54175,"capital":40000,"centralBankDeposit":null,"otherBankDeposit":null,"otherBankLoan":null,"stockInvest":null,"customerLoan":null,"badLoan":null,"provision":null,"netCustomerLoan":null,"otherAsset":null,"otherBankCredit":null,"oweOtherBank":null,"oweCentralBank":null,"valuablePaper":null,"payableInterest":null,"receivableInterest":null,"deposit":null,"otherDebt":1471,"fund":null,"unDistributedIncome":0,"minorShareHolderProfit":4522,"payable":22490},{"ticker":"GVR","quarter":1,"year":2023,"shortAsset":22406,"cash":3577,"shortInvest":11013,"shortReceivable":2766,"inventory":4024,"longAsset":54637,"fixedAsset":34466,"asset":77043,"debt":22752,"shortDebt":2622,"longDebt":4444,"equity":54291,"capital":40000,"centralBankDeposit":null,"otherBankDeposit":null,"otherBankLoan":null,"stockInvest":null,"customerLoan":null,"badLoan":null,"provision":null,"netCustomerLoan":null,"otherAsset":null,"otherBankCredit":null,"oweOtherBank":null,"oweCentralBank":null,"valuablePaper":null,"payableInterest":null,"receivableInterest":null,"deposit":null,"otherDebt":1575,"fund":null,"unDistributedIncome":0,"minorShareHolderProfit":4588,"payable":22752}]