[{"ticker":"GVR","quarter":2,"year":2024,"investCost":-129,"fromInvest":-969,"fromFinancial":-649,"fromSale":1044,"freeCashFlow":4887},{"ticker":"GVR","quarter":1,"year":2024,"investCost":-123,"fromInvest":748,"fromFinancial":-681,"fromSale":-1030,"freeCashFlow":3053},{"ticker":"GVR","quarter":4,"year":2023,"investCost":-267,"fromInvest":1552,"fromFinancial":265,"fromSale":-1690,"freeCashFlow":5081},{"ticker":"GVR","quarter":3,"year":2023,"investCost":6,"fromInvest":-1537,"fromFinancial":-483,"fromSale":3258,"freeCashFlow":-138},{"ticker":"GVR","quarter":2,"year":2023,"investCost":-339,"fromInvest":-1017,"fromFinancial":-331,"fromSale":2100,"freeCashFlow":2922},{"ticker":"GVR","quarter":1,"year":2023,"investCost":-160,"fromInvest":424,"fromFinancial":-386,"fromSale":-824,"freeCashFlow":4687}]