[{"ticker":"GVR","quarter":2,"year":2024,"priceToEarning":51.7,"priceToBook":2.8,"valueBeforeEbitda":29.6,"dividend":null,"roe":0.055,"roa":0.036,"daysReceivable":240,"daysInventory":73,"daysPayable":18,"ebitOnInterest":6.9,"earningPerShare":693,"bookValuePerShare":12856,"interestMargin":null,"nonInterestOnToi":null,"badDebtPercentage":null,"provisionOnBadDebt":null,"costOfFinancing":null,"equityOnTotalAsset":0.667,"equityOnLoan":null,"costToIncome":null,"equityOnLiability":2.8,"currentPayment":3.1,"quickPayment":2.7,"epsChange":0.105,"ebitdaOnStock":1264,"grossProfitMargin":0.25,"operatingProfitMargin":0.135,"postTaxMargin":0.176,"debtOnEquity":0.1,"debtOnAsset":0.1,"debtOnEbitda":1.2,"shortOnLongDebt":0.6,"assetOnEquity":1.5,"capitalBalance":15989,"cashOnEquity":0.074,"cashOnCapitalize":0.029,"cashCirculation":296,"revenueOnWorkCapital":1.5,"capexOnFixedAsset":-0.015,"revenueOnAsset":0.3,"postTaxOnPreTax":0.7,"ebitOnRevenue":0.135,"preTaxOnEbit":1.8,"preProvisionOnToi":null,"postTaxOnToi":null,"loanOnEarnAsset":null,"loanOnAsset":null,"loanOnDeposit":null,"depositOnEarnAsset":null,"badDebtOnAsset":null,"liquidityOnLiability":null,"payableOnEquity":0.4,"cancelDebt":null,"ebitdaOnStockChange":0.045,"bookValuePerShareChange":0.012,"creditGrowth":null},{"ticker":"GVR","quarter":1,"year":2024,"priceToEarning":52.8,"priceToBook":2.6,"valueBeforeEbitda":29.1,"dividend":null,"roe":0.05,"roa":0.033,"daysReceivable":237,"daysInventory":73,"daysPayable":17,"ebitOnInterest":6.4,"earningPerShare":627,"bookValuePerShare":12699,"interestMargin":null,"nonInterestOnToi":null,"badDebtPercentage":null,"provisionOnBadDebt":null,"costOfFinancing":null,"equityOnTotalAsset":0.66,"equityOnLoan":null,"costToIncome":null,"equityOnLiability":2.7,"currentPayment":3,"quickPayment":2.6,"epsChange":-0.029,"ebitdaOnStock":1209,"grossProfitMargin":0.235,"operatingProfitMargin":0.131,"postTaxMargin":0.104,"debtOnEquity":0.1,"debtOnAsset":0.1,"debtOnEbitda":1.3,"shortOnLongDebt":0.7,"assetOnEquity":1.5,"capitalBalance":15253,"cashOnEquity":0.082,"cashOnCapitalize":0.034,"cashCirculation":293,"revenueOnWorkCapital":1.5,"capexOnFixedAsset":-0.021,"revenueOnAsset":0.3,"postTaxOnPreTax":0.6,"ebitOnRevenue":0.131,"preTaxOnEbit":1.3,"preProvisionOnToi":null,"postTaxOnToi":null,"loanOnEarnAsset":null,"loanOnAsset":null,"loanOnDeposit":null,"depositOnEarnAsset":null,"badDebtOnAsset":null,"liquidityOnLiability":null,"payableOnEquity":0.4,"cancelDebt":null,"ebitdaOnStockChange":0.022,"bookValuePerShareChange":0.022,"creditGrowth":null},{"ticker":"GVR","quarter":4,"year":2023,"priceToEarning":32.8,"priceToBook":1.7,"valueBeforeEbitda":26.5,"dividend":null,"roe":0.052,"roa":0.033,"daysReceivable":225,"daysInventory":78,"daysPayable":19,"ebitOnInterest":6.3,"earningPerShare":646,"bookValuePerShare":12426,"interestMargin":null,"nonInterestOnToi":null,"badDebtPercentage":null,"provisionOnBadDebt":null,"costOfFinancing":null,"equityOnTotalAsset":0.634,"equityOnLoan":null,"costToIncome":null,"equityOnLiability":2.3,"currentPayment":2.4,"quickPayment":2.1,"epsChange":0.108,"ebitdaOnStock":1183,"grossProfitMargin":0.211,"operatingProfitMargin":0.095,"postTaxMargin":0.153,"debtOnEquity":0.1,"debtOnAsset":0.1,"debtOnEbitda":1.5,"shortOnLongDebt":0.8,"assetOnEquity":1.6,"capitalBalance":14169,"cashOnEquity":0.104,"cashOnCapitalize":0.047,"cashCirculation":284,"revenueOnWorkCapital":1.6,"capexOnFixedAsset":-0.022,"revenueOnAsset":0.3,"postTaxOnPreTax":0.7,"ebitOnRevenue":0.095,"preTaxOnEbit":2.3,"preProvisionOnToi":null,"postTaxOnToi":null,"loanOnEarnAsset":null,"loanOnAsset":null,"loanOnDeposit":null,"depositOnEarnAsset":null,"badDebtOnAsset":null,"liquidityOnLiability":null,"payableOnEquity":0.4,"cancelDebt":null,"ebitdaOnStockChange":-0.02,"bookValuePerShareChange":-0.015,"creditGrowth":null},{"ticker":"GVR","quarter":3,"year":2023,"priceToEarning":32.9,"priceToBook":1.5,"valueBeforeEbitda":20.2,"dividend":null,"roe":0.046,"roa":0.03,"daysReceivable":239,"daysInventory":89,"daysPayable":16,"ebitOnInterest":6.7,"earningPerShare":583,"bookValuePerShare":12611,"interestMargin":null,"nonInterestOnToi":null,"badDebtPercentage":null,"provisionOnBadDebt":null,"costOfFinancing":null,"equityOnTotalAsset":0.648,"equityOnLoan":null,"costToIncome":null,"equityOnLiability":2.5,"currentPayment":2.9,"quickPayment":2.4,"epsChange":-0.183,"ebitdaOnStock":1207,"grossProfitMargin":0.199,"operatingProfitMargin":0.101,"postTaxMargin":0.05,"debtOnEquity":0.1,"debtOnAsset":0.1,"debtOnEbitda":1.4,"shortOnLongDebt":0.4,"assetOnEquity":1.5,"capitalBalance":15424,"cashOnEquity":0.1,"cashOnCapitalize":0.06,"cashCirculation":312,"revenueOnWorkCapital":1.5,"capexOnFixedAsset":-0.013,"revenueOnAsset":0.3,"postTaxOnPreTax":0.5,"ebitOnRevenue":0.101,"preTaxOnEbit":1,"preProvisionOnToi":null,"postTaxOnToi":null,"loanOnEarnAsset":null,"loanOnAsset":null,"loanOnDeposit":null,"depositOnEarnAsset":null,"badDebtOnAsset":null,"liquidityOnLiability":null,"payableOnEquity":0.4,"cancelDebt":null,"ebitdaOnStockChange":-0.072,"bookValuePerShareChange":0.016,"creditGrowth":null},{"ticker":"GVR","quarter":2,"year":2023,"priceToEarning":26.7,"priceToBook":1.5,"valueBeforeEbitda":15.2,"dividend":null,"roe":0.058,"roa":0.037,"daysReceivable":227,"daysInventory":86,"daysPayable":17,"ebitOnInterest":3.6,"earningPerShare":713,"bookValuePerShare":12413,"interestMargin":null,"nonInterestOnToi":null,"badDebtPercentage":null,"provisionOnBadDebt":null,"costOfFinancing":null,"equityOnTotalAsset":0.648,"equityOnLoan":null,"costToIncome":null,"equityOnLiability":2.4,"currentPayment":2.7,"quickPayment":2.3,"epsChange":-0.138,"ebitdaOnStock":1301,"grossProfitMargin":0.218,"operatingProfitMargin":0.099,"postTaxMargin":0.134,"debtOnEquity":0.1,"debtOnAsset":0.1,"debtOnEbitda":1.5,"shortOnLongDebt":0.6,"assetOnEquity":1.5,"capitalBalance":14342,"cashOnEquity":0.079,"cashOnCapitalize":0.06,"cashCirculation":297,"revenueOnWorkCapital":1.6,"capexOnFixedAsset":-0.017,"revenueOnAsset":0.3,"postTaxOnPreTax":0.6,"ebitOnRevenue":0.099,"preTaxOnEbit":2.1,"preProvisionOnToi":null,"postTaxOnToi":null,"loanOnEarnAsset":null,"loanOnAsset":null,"loanOnDeposit":null,"depositOnEarnAsset":null,"badDebtOnAsset":null,"liquidityOnLiability":null,"payableOnEquity":0.4,"cancelDebt":null,"ebitdaOnStockChange":-0.091,"bookValuePerShareChange":-0.001,"creditGrowth":null},{"ticker":"GVR","quarter":1,"year":2023,"priceToEarning":18.4,"priceToBook":1.2,"valueBeforeEbitda":16.5,"dividend":null,"roe":0.067,"roa":0.042,"daysReceivable":204,"daysInventory":78,"daysPayable":15,"ebitOnInterest":4.4,"earningPerShare":828,"bookValuePerShare":12425,"interestMargin":null,"nonInterestOnToi":null,"badDebtPercentage":null,"provisionOnBadDebt":null,"costOfFinancing":null,"equityOnTotalAsset":0.645,"equityOnLoan":null,"costToIncome":null,"equityOnLiability":2.4,"currentPayment":2.7,"quickPayment":2.2,"epsChange":-0.132,"ebitdaOnStock":1431,"grossProfitMargin":0.243,"operatingProfitMargin":0.129,"postTaxMargin":0.133,"debtOnEquity":0.1,"debtOnAsset":0.1,"debtOnEbitda":1.4,"shortOnLongDebt":0.6,"assetOnEquity":1.6,"capitalBalance":14005,"cashOnEquity":0.066,"cashOnCapitalize":0.041,"cashCirculation":266,"revenueOnWorkCapital":1.8,"capexOnFixedAsset":-0.014,"revenueOnAsset":0.3,"postTaxOnPreTax":0.6,"ebitOnRevenue":0.129,"preTaxOnEbit":1.8,"preProvisionOnToi":null,"postTaxOnToi":null,"loanOnEarnAsset":null,"loanOnAsset":null,"loanOnDeposit":null,"depositOnEarnAsset":null,"badDebtOnAsset":null,"liquidityOnLiability":null,"payableOnEquity":0.4,"cancelDebt":null,"ebitdaOnStockChange":-0.086,"bookValuePerShareChange":0.017,"creditGrowth":null}]