[{"ticker":"GVR","quarter":2,"year":2024,"revenue":4653,"yearRevenueGrowth":0.119,"quarterRevenueGrowth":0.015,"costOfGoodSold":-3492,"grossProfit":1161,"operationExpense":-534,"operationProfit":627,"yearOperationProfitGrowth":0.517,"quarterOperationProfitGrowth":0.047,"interestExpense":-91,"preTaxProfit":1124,"postTaxProfit":935,"shareHolderIncome":821,"yearShareHolderIncomeGrowth":0.471,"quarterShareHolderIncomeGrowth":0.726,"investProfit":null,"serviceProfit":null,"otherProfit":null,"provisionExpense":null,"operationIncome":null,"ebitda":1212},{"ticker":"GVR","quarter":1,"year":2024,"revenue":4585,"yearRevenueGrowth":0.109,"quarterRevenueGrowth":-0.396,"costOfGoodSold":-3509,"grossProfit":1076,"operationExpense":-477,"operationProfit":599,"yearOperationProfitGrowth":0.121,"quarterOperationProfitGrowth":-0.165,"interestExpense":-94,"preTaxProfit":778,"postTaxProfit":650,"shareHolderIncome":476,"yearShareHolderIncomeGrowth":-0.135,"quarterShareHolderIncomeGrowth":-0.592,"investProfit":null,"serviceProfit":null,"otherProfit":null,"provisionExpense":null,"operationIncome":null,"ebitda":1201},{"ticker":"GVR","quarter":4,"year":2023,"revenue":7591,"yearRevenueGrowth":-0.158,"quarterRevenueGrowth":0.225,"costOfGoodSold":-5988,"grossProfit":1603,"operationExpense":-885,"operationProfit":718,"yearOperationProfitGrowth":-0.214,"quarterOperationProfitGrowth":0.15,"interestExpense":-115,"preTaxProfit":1672,"postTaxProfit":1416,"shareHolderIncome":1164,"yearShareHolderIncomeGrowth":0.277,"quarterShareHolderIncomeGrowth":2.722,"investProfit":null,"serviceProfit":null,"otherProfit":null,"provisionExpense":null,"operationIncome":null,"ebitda":1401},{"ticker":"GVR","quarter":3,"year":2023,"revenue":6195,"yearRevenueGrowth":0.06,"quarterRevenueGrowth":0.49,"costOfGoodSold":-4961,"grossProfit":1235,"operationExpense":-611,"operationProfit":624,"yearOperationProfitGrowth":-0.378,"quarterOperationProfitGrowth":0.509,"interestExpense":-93,"preTaxProfit":622,"postTaxProfit":494,"shareHolderIncome":313,"yearShareHolderIncomeGrowth":-0.625,"quarterShareHolderIncomeGrowth":-0.44,"investProfit":null,"serviceProfit":null,"otherProfit":null,"provisionExpense":null,"operationIncome":null,"ebitda":1243},{"ticker":"GVR","quarter":2,"year":2023,"revenue":4158,"yearRevenueGrowth":-0.252,"quarterRevenueGrowth":0.006,"costOfGoodSold":-3252,"grossProfit":906,"operationExpense":-492,"operationProfit":413,"yearOperationProfitGrowth":-0.561,"quarterOperationProfitGrowth":-0.227,"interestExpense":-113,"preTaxProfit":882,"postTaxProfit":704,"shareHolderIncome":558,"yearShareHolderIncomeGrowth":-0.451,"quarterShareHolderIncomeGrowth":0.015,"investProfit":null,"serviceProfit":null,"otherProfit":null,"provisionExpense":null,"operationIncome":null,"ebitda":992},{"ticker":"GVR","quarter":1,"year":2023,"revenue":4135,"yearRevenueGrowth":-0.155,"quarterRevenueGrowth":-0.541,"costOfGoodSold":-3129,"grossProfit":1006,"operationExpense":-471,"operationProfit":535,"yearOperationProfitGrowth":-0.471,"quarterOperationProfitGrowth":-0.414,"interestExpense":-121,"preTaxProfit":948,"postTaxProfit":756,"shareHolderIncome":550,"yearShareHolderIncomeGrowth":-0.479,"quarterShareHolderIncomeGrowth":-0.397,"investProfit":null,"serviceProfit":null,"otherProfit":null,"provisionExpense":null,"operationIncome":null,"ebitda":1096}]