{"capitalize":143400,"tradeVolume":4560006,"priceToEarning":51.7,"priceToBook":2.8,"valueBeforeEbitda":29.6,"dividend":0,"roe":0.055,"profitGrowthAvarage":0.002,"ageOfReceivable":240.4,"ageOfInventory":73.3,"payableOnEquity":0.4,"payableOnEbitda":1.2,"ebitOnInterest":6.9,"shortOnLongTermPayable":0.6,"revenue":23024,"operationProfit":2568,"netProfit":2774,"earningPerShare":693,"asset":77050,"liability":20329,"equity":56722,"bookValuePerShare":12857,"profitMargin":null,"nonInterestOnToi":null,"loanOnDeposit":null,"creditGrowth":null,"badDebtPercentage":null,"provisionOnBadDebt":null,"customerCredit":null,"betaIndex":null,"ticker":"GVR"}