[{"ticker":"DXS","quarter":2,"year":2024,"shortAsset":14603,"cash":422,"shortInvest":65,"shortReceivable":9830,"inventory":4115,"longAsset":731,"fixedAsset":192,"asset":15334,"debt":7110,"shortDebt":1745,"longDebt":333,"equity":8224,"capital":5791,"centralBankDeposit":null,"otherBankDeposit":null,"otherBankLoan":null,"stockInvest":null,"customerLoan":null,"badLoan":null,"provision":null,"netCustomerLoan":null,"otherAsset":null,"otherBankCredit":null,"oweOtherBank":null,"oweCentralBank":null,"valuablePaper":null,"payableInterest":null,"receivableInterest":null,"deposit":null,"otherDebt":3335,"fund":null,"unDistributedIncome":0,"minorShareHolderProfit":2287,"payable":7110},{"ticker":"DXS","quarter":1,"year":2024,"shortAsset":14573,"cash":331,"shortInvest":83,"shortReceivable":9888,"inventory":4105,"longAsset":808,"fixedAsset":199,"asset":15381,"debt":7225,"shortDebt":1652,"longDebt":465,"equity":8157,"capital":5791,"centralBankDeposit":null,"otherBankDeposit":null,"otherBankLoan":null,"stockInvest":null,"customerLoan":null,"badLoan":null,"provision":null,"netCustomerLoan":null,"otherAsset":null,"otherBankCredit":null,"oweOtherBank":null,"oweCentralBank":null,"valuablePaper":null,"payableInterest":null,"receivableInterest":null,"deposit":null,"otherDebt":3524,"fund":null,"unDistributedIncome":0,"minorShareHolderProfit":2259,"payable":7225},{"ticker":"DXS","quarter":4,"year":2023,"shortAsset":14570,"cash":207,"shortInvest":97,"shortReceivable":9979,"inventory":4119,"longAsset":887,"fixedAsset":199,"asset":15457,"debt":7354,"shortDebt":1606,"longDebt":548,"equity":8103,"capital":5741,"centralBankDeposit":null,"otherBankDeposit":null,"otherBankLoan":null,"stockInvest":null,"customerLoan":null,"badLoan":null,"provision":null,"netCustomerLoan":null,"otherAsset":null,"otherBankCredit":null,"oweOtherBank":null,"oweCentralBank":null,"valuablePaper":null,"payableInterest":null,"receivableInterest":null,"deposit":null,"otherDebt":3567,"fund":null,"unDistributedIncome":0,"minorShareHolderProfit":2237,"payable":7354},{"ticker":"DXS","quarter":3,"year":2023,"shortAsset":15161,"cash":250,"shortInvest":117,"shortReceivable":10544,"inventory":4069,"longAsset":959,"fixedAsset":206,"asset":16121,"debt":7848,"shortDebt":1373,"longDebt":728,"equity":8273,"capital":4531,"centralBankDeposit":null,"otherBankDeposit":null,"otherBankLoan":null,"stockInvest":null,"customerLoan":null,"badLoan":null,"provision":null,"netCustomerLoan":null,"otherAsset":null,"otherBankCredit":null,"oweOtherBank":null,"oweCentralBank":null,"valuablePaper":null,"payableInterest":null,"receivableInterest":null,"deposit":null,"otherDebt":3840,"fund":null,"unDistributedIncome":0,"minorShareHolderProfit":2292,"payable":7848},{"ticker":"DXS","quarter":2,"year":2023,"shortAsset":15011,"cash":234,"shortInvest":105,"shortReceivable":10496,"inventory":4024,"longAsset":972,"fixedAsset":192,"asset":15983,"debt":7735,"shortDebt":1579,"longDebt":620,"equity":8248,"capital":4531,"centralBankDeposit":null,"otherBankDeposit":null,"otherBankLoan":null,"stockInvest":null,"customerLoan":null,"badLoan":null,"provision":null,"netCustomerLoan":null,"otherAsset":null,"otherBankCredit":null,"oweOtherBank":null,"oweCentralBank":null,"valuablePaper":null,"payableInterest":null,"receivableInterest":null,"deposit":null,"otherDebt":3783,"fund":null,"unDistributedIncome":0,"minorShareHolderProfit":2270,"payable":7735},{"ticker":"DXS","quarter":1,"year":2023,"shortAsset":15421,"cash":445,"shortInvest":130,"shortReceivable":10483,"inventory":4247,"longAsset":975,"fixedAsset":198,"asset":16396,"debt":8116,"shortDebt":1355,"longDebt":929,"equity":8280,"capital":4531,"centralBankDeposit":null,"otherBankDeposit":null,"otherBankLoan":null,"stockInvest":null,"customerLoan":null,"badLoan":null,"provision":null,"netCustomerLoan":null,"otherAsset":null,"otherBankCredit":null,"oweOtherBank":null,"oweCentralBank":null,"valuablePaper":null,"payableInterest":null,"receivableInterest":null,"deposit":null,"otherDebt":3838,"fund":null,"unDistributedIncome":0,"minorShareHolderProfit":2273,"payable":8116}]