[{"ticker":"DXS","quarter":2,"year":2024,"investCost":-4,"fromInvest":16,"fromFinancial":-42,"fromSale":117,"freeCashFlow":-79},{"ticker":"DXS","quarter":1,"year":2024,"investCost":-3,"fromInvest":22,"fromFinancial":-38,"fromSale":140,"freeCashFlow":-207},{"ticker":"DXS","quarter":3,"year":2023,"investCost":-14,"fromInvest":-21,"fromFinancial":-99,"fromSale":135,"freeCashFlow":-236},{"ticker":"DXS","quarter":2,"year":2023,"investCost":-5,"fromInvest":49,"fromFinancial":-107,"fromSale":-153,"freeCashFlow":87},{"ticker":"DXS","quarter":1,"year":2023,"investCost":-2,"fromInvest":50,"fromFinancial":7,"fromSale":-105,"freeCashFlow":238},{"ticker":"DXS","quarter":4,"year":2022,"investCost":-38,"fromInvest":-59,"fromFinancial":-125,"fromSale":-250,"freeCashFlow":3507}]