[{"ticker":"DXS","quarter":2,"year":2024,"priceToEarning":-79.4,"priceToBook":0.6,"valueBeforeEbitda":20.4,"dividend":null,"roe":-0.007,"roa":-0.003,"daysReceivable":1297,"daysInventory":1146,"daysPayable":80,"ebitOnInterest":5.1,"earningPerShare":-71,"bookValuePerShare":10252,"interestMargin":null,"nonInterestOnToi":null,"badDebtPercentage":null,"provisionOnBadDebt":null,"costOfFinancing":null,"equityOnTotalAsset":0.387,"equityOnLoan":null,"costToIncome":null,"equityOnLiability":1.2,"currentPayment":2.2,"quickPayment":1.6,"epsChange":-0.58,"ebitdaOnStock":684,"grossProfitMargin":0.415,"operatingProfitMargin":0.181,"postTaxMargin":0.054,"debtOnEquity":0.3,"debtOnAsset":0.1,"debtOnEbitda":6.1,"shortOnLongDebt":5.2,"assetOnEquity":2.6,"capitalBalance":7881,"cashOnEquity":0.051,"cashOnCapitalize":0.129,"cashCirculation":2363,"revenueOnWorkCapital":0.3,"capexOnFixedAsset":-0.114,"revenueOnAsset":0.1,"postTaxOnPreTax":0.4,"ebitOnRevenue":0.181,"preTaxOnEbit":0.7,"preProvisionOnToi":null,"postTaxOnToi":null,"loanOnEarnAsset":null,"loanOnAsset":null,"loanOnDeposit":null,"depositOnEarnAsset":null,"badDebtOnAsset":null,"liquidityOnLiability":null,"payableOnEquity":0.9,"cancelDebt":null,"ebitdaOnStockChange":0.428,"bookValuePerShareChange":0.007,"creditGrowth":null},{"ticker":"DXS","quarter":1,"year":2024,"priceToEarning":-43,"priceToBook":0.7,"valueBeforeEbitda":29.5,"dividend":null,"roe":-0.017,"roa":-0.006,"daysReceivable":1348,"daysInventory":1092,"daysPayable":106,"ebitOnInterest":3.5,"earningPerShare":-169,"bookValuePerShare":10183,"interestMargin":null,"nonInterestOnToi":null,"badDebtPercentage":null,"provisionOnBadDebt":null,"costOfFinancing":null,"equityOnTotalAsset":0.383,"equityOnLoan":null,"costToIncome":null,"equityOnLiability":1.1,"currentPayment":2.2,"quickPayment":1.6,"epsChange":-0.416,"ebitdaOnStock":479,"grossProfitMargin":0.428,"operatingProfitMargin":0.183,"postTaxMargin":0.058,"debtOnEquity":0.3,"debtOnAsset":0.1,"debtOnEbitda":8.9,"shortOnLongDebt":3.6,"assetOnEquity":2.6,"capitalBalance":7865,"cashOnEquity":0.041,"cashOnCapitalize":0.101,"cashCirculation":2334,"revenueOnWorkCapital":0.3,"capexOnFixedAsset":-0.114,"revenueOnAsset":0.1,"postTaxOnPreTax":0.4,"ebitOnRevenue":0.183,"preTaxOnEbit":0.7,"preProvisionOnToi":null,"postTaxOnToi":null,"loanOnEarnAsset":null,"loanOnAsset":null,"loanOnDeposit":null,"depositOnEarnAsset":null,"badDebtOnAsset":null,"liquidityOnLiability":null,"payableOnEquity":0.9,"cancelDebt":null,"ebitdaOnStockChange":0.692,"bookValuePerShareChange":0.005,"creditGrowth":null},{"ticker":"DXS","quarter":4,"year":2023,"priceToEarning":-25.8,"priceToBook":0.7,"valueBeforeEbitda":56.5,"dividend":null,"roe":-0.028,"roa":-0.011,"daysReceivable":1487,"daysInventory":1175,"daysPayable":115,"ebitOnInterest":0.5,"earningPerShare":-290,"bookValuePerShare":10129,"interestMargin":null,"nonInterestOnToi":null,"badDebtPercentage":null,"provisionOnBadDebt":null,"costOfFinancing":null,"equityOnTotalAsset":0.38,"equityOnLoan":null,"costToIncome":null,"equityOnLiability":1.1,"currentPayment":2.2,"quickPayment":1.5,"epsChange":0.091,"ebitdaOnStock":283,"grossProfitMargin":0.386,"operatingProfitMargin":0.029,"postTaxMargin":null,"debtOnEquity":0.3,"debtOnAsset":0.1,"debtOnEbitda":15.4,"shortOnLongDebt":2.9,"assetOnEquity":2.6,"capitalBalance":7816,"cashOnEquity":0.025,"cashOnCapitalize":0.051,"cashCirculation":2547,"revenueOnWorkCapital":0.2,"capexOnFixedAsset":-0.107,"revenueOnAsset":0.1,"postTaxOnPreTax":null,"ebitOnRevenue":0.029,"preTaxOnEbit":-5.8,"preProvisionOnToi":null,"postTaxOnToi":null,"loanOnEarnAsset":null,"loanOnAsset":null,"loanOnDeposit":null,"depositOnEarnAsset":null,"badDebtOnAsset":null,"liquidityOnLiability":null,"payableOnEquity":0.9,"cancelDebt":null,"ebitdaOnStockChange":1.651,"bookValuePerShareChange":-0.019,"creditGrowth":null},{"ticker":"DXS","quarter":3,"year":2023,"priceToEarning":-26.3,"priceToBook":0.7,"valueBeforeEbitda":180.9,"dividend":null,"roe":-0.026,"roa":-0.009,"daysReceivable":1303,"daysInventory":1001,"daysPayable":102,"ebitOnInterest":2.5,"earningPerShare":-266,"bookValuePerShare":10328,"interestMargin":null,"nonInterestOnToi":null,"badDebtPercentage":null,"provisionOnBadDebt":null,"costOfFinancing":null,"equityOnTotalAsset":0.371,"equityOnLoan":null,"costToIncome":null,"equityOnLiability":1.1,"currentPayment":2.1,"quickPayment":1.6,"epsChange":3.127,"ebitdaOnStock":107,"grossProfitMargin":0.44,"operatingProfitMargin":0.15,"postTaxMargin":0.007,"debtOnEquity":0.3,"debtOnAsset":0.1,"debtOnEbitda":51.8,"shortOnLongDebt":1.9,"assetOnEquity":2.7,"capitalBalance":8065,"cashOnEquity":0.03,"cashOnCapitalize":0.059,"cashCirculation":2202,"revenueOnWorkCapital":0.3,"capexOnFixedAsset":-0.307,"revenueOnAsset":0.1,"postTaxOnPreTax":0.1,"ebitOnRevenue":0.15,"preTaxOnEbit":0.6,"preProvisionOnToi":null,"postTaxOnToi":null,"loanOnEarnAsset":null,"loanOnAsset":null,"loanOnDeposit":null,"depositOnEarnAsset":null,"badDebtOnAsset":null,"liquidityOnLiability":null,"payableOnEquity":0.9,"cancelDebt":null,"ebitdaOnStockChange":-0.797,"bookValuePerShareChange":0.001,"creditGrowth":null},{"ticker":"DXS","quarter":2,"year":2023,"priceToEarning":-111.2,"priceToBook":0.7,"valueBeforeEbitda":34.4,"dividend":null,"roe":-0.006,"roa":-0.002,"daysReceivable":1042,"daysInventory":845,"daysPayable":48,"ebitOnInterest":0.6,"earningPerShare":-64,"bookValuePerShare":10322,"interestMargin":null,"nonInterestOnToi":null,"badDebtPercentage":null,"provisionOnBadDebt":null,"costOfFinancing":null,"equityOnTotalAsset":0.374,"equityOnLoan":null,"costToIncome":null,"equityOnLiability":1.1,"currentPayment":2.1,"quickPayment":1.5,"epsChange":-1.239,"ebitdaOnStock":527,"grossProfitMargin":0.228,"operatingProfitMargin":0.028,"postTaxMargin":null,"debtOnEquity":0.3,"debtOnAsset":0.1,"debtOnEbitda":10.1,"shortOnLongDebt":2.5,"assetOnEquity":2.7,"capitalBalance":7919,"cashOnEquity":0.028,"cashOnCapitalize":0.065,"cashCirculation":1840,"revenueOnWorkCapital":0.4,"capexOnFixedAsset":-0.354,"revenueOnAsset":0.2,"postTaxOnPreTax":null,"ebitOnRevenue":0.028,"preTaxOnEbit":-0.3,"preProvisionOnToi":null,"postTaxOnToi":null,"loanOnEarnAsset":null,"loanOnAsset":null,"loanOnDeposit":null,"depositOnEarnAsset":null,"badDebtOnAsset":null,"liquidityOnLiability":null,"payableOnEquity":0.9,"cancelDebt":null,"ebitdaOnStockChange":-0.559,"bookValuePerShareChange":-0.005,"creditGrowth":null},{"ticker":"DXS","quarter":1,"year":2023,"priceToEarning":17,"priceToBook":0.4,"valueBeforeEbitda":19.5,"dividend":null,"roe":0.027,"roa":0.01,"daysReceivable":816,"daysInventory":725,"daysPayable":41,"ebitOnInterest":-0.1,"earningPerShare":269,"bookValuePerShare":10372,"interestMargin":null,"nonInterestOnToi":null,"badDebtPercentage":null,"provisionOnBadDebt":null,"costOfFinancing":null,"equityOnTotalAsset":0.366,"equityOnLoan":null,"costToIncome":null,"equityOnLiability":1,"currentPayment":2.2,"quickPayment":1.6,"epsChange":-0.51,"ebitdaOnStock":1196,"grossProfitMargin":0.402,"operatingProfitMargin":null,"postTaxMargin":null,"debtOnEquity":0.3,"debtOnAsset":0.1,"debtOnEbitda":3.8,"shortOnLongDebt":1.5,"assetOnEquity":2.7,"capitalBalance":8260,"cashOnEquity":0.054,"cashOnCapitalize":0.085,"cashCirculation":1501,"revenueOnWorkCapital":0.4,"capexOnFixedAsset":-0.437,"revenueOnAsset":0.2,"postTaxOnPreTax":null,"ebitOnRevenue":null,"preTaxOnEbit":15.9,"preProvisionOnToi":null,"postTaxOnToi":null,"loanOnEarnAsset":null,"loanOnAsset":null,"loanOnDeposit":null,"depositOnEarnAsset":null,"badDebtOnAsset":null,"liquidityOnLiability":null,"payableOnEquity":1,"cancelDebt":null,"ebitdaOnStockChange":-0.38,"bookValuePerShareChange":-0.003,"creditGrowth":null}]