[{"ticker":"DXS","quarter":2,"year":2024,"revenue":702,"yearRevenueGrowth":0.061,"quarterRevenueGrowth":0.315,"costOfGoodSold":-411,"grossProfit":291,"operationExpense":-164,"operationProfit":127,"yearOperationProfitGrowth":5.75,"quarterOperationProfitGrowth":0.296,"interestExpense":-25,"preTaxProfit":95,"postTaxProfit":76,"shareHolderIncome":38,"yearShareHolderIncomeGrowth":null,"quarterShareHolderIncomeGrowth":0.219,"investProfit":null,"serviceProfit":null,"otherProfit":null,"provisionExpense":null,"operationIncome":null,"ebitda":137},{"ticker":"DXS","quarter":1,"year":2024,"revenue":534,"yearRevenueGrowth":0.624,"quarterRevenueGrowth":0.119,"costOfGoodSold":-306,"grossProfit":228,"operationExpense":-131,"operationProfit":98,"yearOperationProfitGrowth":null,"quarterOperationProfitGrowth":6.192,"interestExpense":-28,"preTaxProfit":71,"postTaxProfit":54,"shareHolderIncome":31,"yearShareHolderIncomeGrowth":null,"quarterShareHolderIncomeGrowth":null,"investProfit":null,"serviceProfit":null,"otherProfit":null,"provisionExpense":null,"operationIncome":null,"ebitda":113},{"ticker":"DXS","quarter":4,"year":2023,"revenue":477,"yearRevenueGrowth":-0.46,"quarterRevenueGrowth":-0.063,"costOfGoodSold":-293,"grossProfit":184,"operationExpense":-171,"operationProfit":14,"yearOperationProfitGrowth":null,"quarterOperationProfitGrowth":-0.822,"interestExpense":-27,"preTaxProfit":-79,"postTaxProfit":-125,"shareHolderIncome":-114,"yearShareHolderIncomeGrowth":null,"quarterShareHolderIncomeGrowth":null,"investProfit":null,"serviceProfit":null,"otherProfit":null,"provisionExpense":null,"operationIncome":null,"ebitda":null},{"ticker":"DXS","quarter":3,"year":2023,"revenue":510,"yearRevenueGrowth":-0.516,"quarterRevenueGrowth":-0.231,"costOfGoodSold":-286,"grossProfit":224,"operationExpense":-148,"operationProfit":76,"yearOperationProfitGrowth":-0.705,"quarterOperationProfitGrowth":3.069,"interestExpense":-31,"preTaxProfit":45,"postTaxProfit":25,"shareHolderIncome":3,"yearShareHolderIncomeGrowth":-0.972,"quarterShareHolderIncomeGrowth":null,"investProfit":null,"serviceProfit":null,"otherProfit":null,"provisionExpense":null,"operationIncome":null,"ebitda":90},{"ticker":"DXS","quarter":2,"year":2023,"revenue":662,"yearRevenueGrowth":-0.489,"quarterRevenueGrowth":1.014,"costOfGoodSold":-511,"grossProfit":151,"operationExpense":-132,"operationProfit":19,"yearOperationProfitGrowth":-0.932,"quarterOperationProfitGrowth":null,"interestExpense":-32,"preTaxProfit":-6,"postTaxProfit":-17,"shareHolderIncome":-19,"yearShareHolderIncomeGrowth":null,"quarterShareHolderIncomeGrowth":null,"investProfit":null,"serviceProfit":null,"otherProfit":null,"provisionExpense":null,"operationIncome":null,"ebitda":31},{"ticker":"DXS","quarter":1,"year":2023,"revenue":329,"yearRevenueGrowth":-0.619,"quarterRevenueGrowth":-0.628,"costOfGoodSold":-197,"grossProfit":132,"operationExpense":-135,"operationProfit":-2,"yearOperationProfitGrowth":null,"quarterOperationProfitGrowth":null,"interestExpense":-36,"preTaxProfit":-40,"postTaxProfit":-44,"shareHolderIncome":-39,"yearShareHolderIncomeGrowth":null,"quarterShareHolderIncomeGrowth":null,"investProfit":null,"serviceProfit":null,"otherProfit":null,"provisionExpense":null,"operationIncome":null,"ebitda":11}]