{"exchange":"HOSE","shortName":"Dịch vụ BĐS Đất Xanh","industryID":339,"industryIDv2":"8637","industryIdLevel2":"8600","industryIdLevel4":"8637","industry":"Bất động sản","industryEn":"Real Estate","establishedYear":"2011","noEmployees":2252,"noShareholders":9293,"foreignPercent":0.181,"website":"https://datxanhservices.vn","stockRating":2.5,"deltaInWeek":0.004,"deltaInMonth":-0.045,"deltaInYear":-0.315,"outstandingShare":579.1,"issueShare":579.1,"companyType":"CT","ticker":"DXS"}