{"capitalize":3272,"tradeVolume":412803,"priceToEarning":-79.4,"priceToBook":0.6,"valueBeforeEbitda":20.4,"dividend":0,"roe":-0.007,"profitGrowthAvarage":null,"ageOfReceivable":1296.7,"ageOfInventory":1146.3,"payableOnEquity":0.9,"payableOnEbitda":6.1,"ebitOnInterest":5.1,"shortOnLongTermPayable":5.2,"revenue":2224,"operationProfit":315,"netProfit":-41,"earningPerShare":-71,"asset":15334,"liability":7110,"equity":8224,"bookValuePerShare":10252,"profitMargin":null,"nonInterestOnToi":null,"loanOnDeposit":null,"creditGrowth":null,"badDebtPercentage":null,"provisionOnBadDebt":null,"customerCredit":null,"betaIndex":null,"ticker":"DXS"}