[{"ticker":"KOS","quarter":2,"year":2024,"shortAsset":3313,"cash":8,"shortInvest":20,"shortReceivable":734,"inventory":2536,"longAsset":1430,"fixedAsset":1068,"asset":4743,"debt":2424,"shortDebt":775,"longDebt":1119,"equity":2320,"capital":2165,"centralBankDeposit":null,"otherBankDeposit":null,"otherBankLoan":null,"stockInvest":null,"customerLoan":null,"badLoan":null,"provision":null,"netCustomerLoan":null,"otherAsset":null,"otherBankCredit":null,"oweOtherBank":null,"oweCentralBank":null,"valuablePaper":null,"payableInterest":null,"receivableInterest":null,"deposit":null,"otherDebt":37,"fund":null,"unDistributedIncome":0,"minorShareHolderProfit":7,"payable":2424},{"ticker":"KOS","quarter":1,"year":2024,"shortAsset":3292,"cash":4,"shortInvest":15,"shortReceivable":744,"inventory":2501,"longAsset":1459,"fixedAsset":1092,"asset":4751,"debt":2442,"shortDebt":709,"longDebt":1220,"equity":2309,"capital":2165,"centralBankDeposit":null,"otherBankDeposit":null,"otherBankLoan":null,"stockInvest":null,"customerLoan":null,"badLoan":null,"provision":null,"netCustomerLoan":null,"otherAsset":null,"otherBankCredit":null,"oweOtherBank":null,"oweCentralBank":null,"valuablePaper":null,"payableInterest":null,"receivableInterest":null,"deposit":null,"otherDebt":39,"fund":null,"unDistributedIncome":0,"minorShareHolderProfit":7,"payable":2442},{"ticker":"KOS","quarter":4,"year":2023,"shortAsset":3286,"cash":4,"shortInvest":15,"shortReceivable":765,"inventory":2474,"longAsset":1468,"fixedAsset":1095,"asset":4754,"debt":2447,"shortDebt":860,"longDebt":1071,"equity":2306,"capital":2165,"centralBankDeposit":null,"otherBankDeposit":null,"otherBankLoan":null,"stockInvest":null,"customerLoan":null,"badLoan":null,"provision":null,"netCustomerLoan":null,"otherAsset":null,"otherBankCredit":null,"oweOtherBank":null,"oweCentralBank":null,"valuablePaper":null,"payableInterest":null,"receivableInterest":null,"deposit":null,"otherDebt":39,"fund":null,"unDistributedIncome":0,"minorShareHolderProfit":7,"payable":2447},{"ticker":"KOS","quarter":3,"year":2023,"shortAsset":3314,"cash":4,"shortInvest":14,"shortReceivable":773,"inventory":2494,"longAsset":1494,"fixedAsset":1116,"asset":4808,"debt":2508,"shortDebt":673,"longDebt":1156,"equity":2301,"capital":2165,"centralBankDeposit":null,"otherBankDeposit":null,"otherBankLoan":null,"stockInvest":null,"customerLoan":null,"badLoan":null,"provision":null,"netCustomerLoan":null,"otherAsset":null,"otherBankCredit":null,"oweOtherBank":null,"oweCentralBank":null,"valuablePaper":null,"payableInterest":null,"receivableInterest":null,"deposit":null,"otherDebt":38,"fund":null,"unDistributedIncome":0,"minorShareHolderProfit":7,"payable":2508},{"ticker":"KOS","quarter":2,"year":2023,"shortAsset":3275,"cash":11,"shortInvest":12,"shortReceivable":779,"inventory":2439,"longAsset":1505,"fixedAsset":1122,"asset":4780,"debt":2485,"shortDebt":701,"longDebt":1156,"equity":2296,"capital":2165,"centralBankDeposit":null,"otherBankDeposit":null,"otherBankLoan":null,"stockInvest":null,"customerLoan":null,"badLoan":null,"provision":null,"netCustomerLoan":null,"otherAsset":null,"otherBankCredit":null,"oweOtherBank":null,"oweCentralBank":null,"valuablePaper":null,"payableInterest":null,"receivableInterest":null,"deposit":null,"otherDebt":39,"fund":null,"unDistributedIncome":0,"minorShareHolderProfit":7,"payable":2485},{"ticker":"KOS","quarter":1,"year":2023,"shortAsset":3254,"cash":3,"shortInvest":12,"shortReceivable":859,"inventory":2342,"longAsset":1486,"fixedAsset":1106,"asset":4740,"debt":2450,"shortDebt":688,"longDebt":1235,"equity":2290,"capital":2165,"centralBankDeposit":null,"otherBankDeposit":null,"otherBankLoan":null,"stockInvest":null,"customerLoan":null,"badLoan":null,"provision":null,"netCustomerLoan":null,"otherAsset":null,"otherBankCredit":null,"oweOtherBank":null,"oweCentralBank":null,"valuablePaper":null,"payableInterest":null,"receivableInterest":null,"deposit":null,"otherDebt":39,"fund":null,"unDistributedIncome":0,"minorShareHolderProfit":7,"payable":2450}]