[{"ticker":"KOS","quarter":2,"year":2024,"investCost":-2,"fromInvest":14,"fromFinancial":-34,"fromSale":24,"freeCashFlow":68},{"ticker":"KOS","quarter":1,"year":2024,"investCost":0,"fromInvest":11,"fromFinancial":-2,"fromSale":-8,"freeCashFlow":43},{"ticker":"KOS","quarter":4,"year":2023,"investCost":0,"fromInvest":-1,"fromFinancial":101,"fromSale":-100,"freeCashFlow":93},{"ticker":"KOS","quarter":3,"year":2023,"investCost":-26,"fromInvest":3,"fromFinancial":-27,"fromSale":18,"freeCashFlow":-77},{"ticker":"KOS","quarter":2,"year":2023,"investCost":-12,"fromInvest":-12,"fromFinancial":-66,"fromSale":85,"freeCashFlow":-6},{"ticker":"KOS","quarter":1,"year":2023,"investCost":0,"fromInvest":-1,"fromFinancial":-58,"fromSale":15,"freeCashFlow":21}]