[{"ticker":"KOS","quarter":2,"year":2024,"priceToEarning":372.8,"priceToBook":3.6,"valueBeforeEbitda":52,"dividend":null,"roe":0.01,"roa":0.005,"daysReceivable":536,"daysInventory":767,"daysPayable":29,"ebitOnInterest":1.4,"earningPerShare":102,"bookValuePerShare":10680,"interestMargin":null,"nonInterestOnToi":null,"badDebtPercentage":null,"provisionOnBadDebt":null,"costOfFinancing":null,"equityOnTotalAsset":0.487,"equityOnLoan":null,"costToIncome":null,"equityOnLiability":1,"currentPayment":2.6,"quickPayment":0.6,"epsChange":0.251,"ebitdaOnStock":907,"grossProfitMargin":0.128,"operatingProfitMargin":0.101,"postTaxMargin":0.022,"debtOnEquity":0.8,"debtOnAsset":0.4,"debtOnEbitda":9.5,"shortOnLongDebt":0.7,"assetOnEquity":2.1,"capitalBalance":2027,"cashOnEquity":0.004,"cashOnCapitalize":0.001,"cashCirculation":1273,"revenueOnWorkCapital":0.7,"capexOnFixedAsset":-0.025,"revenueOnAsset":0.3,"postTaxOnPreTax":0.7,"ebitOnRevenue":0.101,"preTaxOnEbit":0.3,"preProvisionOnToi":null,"postTaxOnToi":null,"loanOnEarnAsset":null,"loanOnAsset":null,"loanOnDeposit":null,"depositOnEarnAsset":null,"badDebtOnAsset":null,"liquidityOnLiability":null,"payableOnEquity":1,"cancelDebt":null,"ebitdaOnStockChange":0.232,"bookValuePerShareChange":0.004,"creditGrowth":null},{"ticker":"KOS","quarter":1,"year":2024,"priceToEarning":457.8,"priceToBook":3.5,"valueBeforeEbitda":65.9,"dividend":null,"roe":0.008,"roa":0.004,"daysReceivable":618,"daysInventory":819,"daysPayable":33,"ebitOnInterest":1.1,"earningPerShare":82,"bookValuePerShare":10633,"interestMargin":null,"nonInterestOnToi":null,"badDebtPercentage":null,"provisionOnBadDebt":null,"costOfFinancing":null,"equityOnTotalAsset":0.485,"equityOnLoan":null,"costToIncome":null,"equityOnLiability":0.9,"currentPayment":2.7,"quickPayment":0.7,"epsChange":-0.092,"ebitdaOnStock":737,"grossProfitMargin":0.122,"operatingProfitMargin":0.088,"postTaxMargin":0.012,"debtOnEquity":0.8,"debtOnAsset":0.4,"debtOnEbitda":12.1,"shortOnLongDebt":0.6,"assetOnEquity":2.1,"capitalBalance":2089,"cashOnEquity":0.002,"cashOnCapitalize":0.001,"cashCirculation":1404,"revenueOnWorkCapital":0.6,"capexOnFixedAsset":-0.034,"revenueOnAsset":0.3,"postTaxOnPreTax":0.7,"ebitOnRevenue":0.088,"preTaxOnEbit":0.2,"preProvisionOnToi":null,"postTaxOnToi":null,"loanOnEarnAsset":null,"loanOnAsset":null,"loanOnDeposit":null,"depositOnEarnAsset":null,"badDebtOnAsset":null,"liquidityOnLiability":null,"payableOnEquity":1.1,"cancelDebt":null,"ebitdaOnStockChange":0.013,"bookValuePerShareChange":0.001,"creditGrowth":null},{"ticker":"KOS","quarter":4,"year":2023,"priceToEarning":437.3,"priceToBook":3.7,"valueBeforeEbitda":63.6,"dividend":null,"roe":0.009,"roa":0.004,"daysReceivable":551,"daysInventory":743,"daysPayable":37,"ebitOnInterest":1.2,"earningPerShare":90,"bookValuePerShare":10619,"interestMargin":null,"nonInterestOnToi":null,"badDebtPercentage":null,"provisionOnBadDebt":null,"costOfFinancing":null,"equityOnTotalAsset":0.484,"equityOnLoan":null,"costToIncome":null,"equityOnLiability":0.9,"currentPayment":2.4,"quickPayment":0.6,"epsChange":0.131,"ebitdaOnStock":727,"grossProfitMargin":0.15,"operatingProfitMargin":0.107,"postTaxMargin":0.013,"debtOnEquity":0.8,"debtOnAsset":0.4,"debtOnEbitda":12.4,"shortOnLongDebt":0.8,"assetOnEquity":2.1,"capitalBalance":1928,"cashOnEquity":0.002,"cashOnCapitalize":0,"cashCirculation":1257,"revenueOnWorkCapital":0.7,"capexOnFixedAsset":-0.035,"revenueOnAsset":0.3,"postTaxOnPreTax":0.5,"ebitOnRevenue":0.107,"preTaxOnEbit":0.2,"preProvisionOnToi":null,"postTaxOnToi":null,"loanOnEarnAsset":null,"loanOnAsset":null,"loanOnDeposit":null,"depositOnEarnAsset":null,"badDebtOnAsset":null,"liquidityOnLiability":null,"payableOnEquity":1.1,"cancelDebt":null,"ebitdaOnStockChange":0.186,"bookValuePerShareChange":0.003,"creditGrowth":null},{"ticker":"KOS","quarter":3,"year":2023,"priceToEarning":490,"priceToBook":3.7,"valueBeforeEbitda":77.6,"dividend":null,"roe":0.008,"roa":0.004,"daysReceivable":523,"daysInventory":645,"daysPayable":19,"ebitOnInterest":1.1,"earningPerShare":80,"bookValuePerShare":10592,"interestMargin":null,"nonInterestOnToi":null,"badDebtPercentage":null,"provisionOnBadDebt":null,"costOfFinancing":null,"equityOnTotalAsset":0.477,"equityOnLoan":null,"costToIncome":null,"equityOnLiability":0.9,"currentPayment":2.5,"quickPayment":0.6,"epsChange":0.114,"ebitdaOnStock":613,"grossProfitMargin":0.117,"operatingProfitMargin":0.091,"postTaxMargin":0.016,"debtOnEquity":0.8,"debtOnAsset":0.4,"debtOnEbitda":12.9,"shortOnLongDebt":0.6,"assetOnEquity":2.1,"capitalBalance":1982,"cashOnEquity":0.002,"cashOnCapitalize":0,"cashCirculation":1149,"revenueOnWorkCapital":0.7,"capexOnFixedAsset":-0.063,"revenueOnAsset":0.3,"postTaxOnPreTax":0.9,"ebitOnRevenue":0.091,"preTaxOnEbit":0.2,"preProvisionOnToi":null,"postTaxOnToi":null,"loanOnEarnAsset":null,"loanOnAsset":null,"loanOnDeposit":null,"depositOnEarnAsset":null,"badDebtOnAsset":null,"liquidityOnLiability":null,"payableOnEquity":1.1,"cancelDebt":null,"ebitdaOnStockChange":-0.016,"bookValuePerShareChange":0.002,"creditGrowth":null},{"ticker":"KOS","quarter":2,"year":2023,"priceToEarning":529.4,"priceToBook":3.6,"valueBeforeEbitda":76.3,"dividend":null,"roe":0.007,"roa":0.003,"daysReceivable":514,"daysInventory":631,"daysPayable":23,"ebitOnInterest":0.3,"earningPerShare":71,"bookValuePerShare":10571,"interestMargin":null,"nonInterestOnToi":null,"badDebtPercentage":null,"provisionOnBadDebt":null,"costOfFinancing":null,"equityOnTotalAsset":0.479,"equityOnLoan":null,"costToIncome":null,"equityOnLiability":0.9,"currentPayment":2.5,"quickPayment":0.6,"epsChange":-0.31,"ebitdaOnStock":623,"grossProfitMargin":0.076,"operatingProfitMargin":0.048,"postTaxMargin":0.018,"debtOnEquity":0.8,"debtOnAsset":0.4,"debtOnEbitda":12.6,"shortOnLongDebt":0.6,"assetOnEquity":2.1,"capitalBalance":1966,"cashOnEquity":0.005,"cashOnCapitalize":0.001,"cashCirculation":1122,"revenueOnWorkCapital":0.7,"capexOnFixedAsset":-0.069,"revenueOnAsset":0.3,"postTaxOnPreTax":0.6,"ebitOnRevenue":0.048,"preTaxOnEbit":0.6,"preProvisionOnToi":null,"postTaxOnToi":null,"loanOnEarnAsset":null,"loanOnAsset":null,"loanOnDeposit":null,"depositOnEarnAsset":null,"badDebtOnAsset":null,"liquidityOnLiability":null,"payableOnEquity":1.1,"cancelDebt":null,"ebitdaOnStockChange":-0.092,"bookValuePerShareChange":0.003,"creditGrowth":null},{"ticker":"KOS","quarter":1,"year":2023,"priceToEarning":365.8,"priceToBook":3.6,"valueBeforeEbitda":69.6,"dividend":null,"roe":0.01,"roa":0.005,"daysReceivable":453,"daysInventory":527,"daysPayable":18,"ebitOnInterest":1.2,"earningPerShare":104,"bookValuePerShare":10544,"interestMargin":null,"nonInterestOnToi":null,"badDebtPercentage":null,"provisionOnBadDebt":null,"costOfFinancing":null,"equityOnTotalAsset":0.482,"equityOnLoan":null,"costToIncome":null,"equityOnLiability":0.9,"currentPayment":2.7,"quickPayment":0.8,"epsChange":0.039,"ebitdaOnStock":687,"grossProfitMargin":0.093,"operatingProfitMargin":0.064,"postTaxMargin":0.014,"debtOnEquity":0.8,"debtOnAsset":0.4,"debtOnEbitda":11,"shortOnLongDebt":0.6,"assetOnEquity":2.1,"capitalBalance":2054,"cashOnEquity":0.001,"cashOnCapitalize":0,"cashCirculation":962,"revenueOnWorkCapital":0.8,"capexOnFixedAsset":-0.135,"revenueOnAsset":0.3,"postTaxOnPreTax":0.9,"ebitOnRevenue":0.064,"preTaxOnEbit":0.3,"preProvisionOnToi":null,"postTaxOnToi":null,"loanOnEarnAsset":null,"loanOnAsset":null,"loanOnDeposit":null,"depositOnEarnAsset":null,"badDebtOnAsset":null,"liquidityOnLiability":null,"payableOnEquity":1.1,"cancelDebt":null,"ebitdaOnStockChange":-0.027,"bookValuePerShareChange":0.002,"creditGrowth":null}]