[{"ticker":"KOS","quarter":2,"year":2024,"revenue":461,"yearRevenueGrowth":0.428,"quarterRevenueGrowth":0.944,"costOfGoodSold":-402,"grossProfit":59,"operationExpense":-13,"operationProfit":46,"yearOperationProfitGrowth":1.983,"quarterOperationProfitGrowth":1.216,"interestExpense":-34,"preTaxProfit":14,"postTaxProfit":10,"shareHolderIncome":10,"yearShareHolderIncomeGrowth":0.782,"quarterShareHolderIncomeGrowth":2.543,"investProfit":null,"serviceProfit":null,"otherProfit":null,"provisionExpense":null,"operationIncome":null,"ebitda":74},{"ticker":"KOS","quarter":1,"year":2024,"revenue":237,"yearRevenueGrowth":-0.279,"quarterRevenueGrowth":-0.352,"costOfGoodSold":-208,"grossProfit":29,"operationExpense":-8,"operationProfit":21,"yearOperationProfitGrowth":-0.011,"quarterOperationProfitGrowth":-0.466,"interestExpense":-19,"preTaxProfit":4,"postTaxProfit":3,"shareHolderIncome":3,"yearShareHolderIncomeGrowth":-0.385,"quarterShareHolderIncomeGrowth":-0.381,"investProfit":null,"serviceProfit":null,"otherProfit":null,"provisionExpense":null,"operationIncome":null,"ebitda":29},{"ticker":"KOS","quarter":4,"year":2023,"revenue":366,"yearRevenueGrowth":0.12,"quarterRevenueGrowth":0.238,"costOfGoodSold":-312,"grossProfit":55,"operationExpense":-16,"operationProfit":39,"yearOperationProfitGrowth":1.626,"quarterOperationProfitGrowth":0.455,"interestExpense":-32,"preTaxProfit":9,"postTaxProfit":4,"shareHolderIncome":5,"yearShareHolderIncomeGrowth":0.956,"quarterShareHolderIncomeGrowth":0.009,"investProfit":null,"serviceProfit":null,"otherProfit":null,"provisionExpense":null,"operationIncome":null,"ebitda":61},{"ticker":"KOS","quarter":3,"year":2023,"revenue":296,"yearRevenueGrowth":-0.012,"quarterRevenueGrowth":-0.084,"costOfGoodSold":-261,"grossProfit":35,"operationExpense":-8,"operationProfit":27,"yearOperationProfitGrowth":-0.088,"quarterOperationProfitGrowth":0.732,"interestExpense":-25,"preTaxProfit":5,"postTaxProfit":5,"shareHolderIncome":5,"yearShareHolderIncomeGrowth":0.633,"quarterShareHolderIncomeGrowth":-0.194,"investProfit":null,"serviceProfit":null,"otherProfit":null,"provisionExpense":null,"operationIncome":null,"ebitda":33},{"ticker":"KOS","quarter":2,"year":2023,"revenue":323,"yearRevenueGrowth":-0.3,"quarterRevenueGrowth":-0.019,"costOfGoodSold":-299,"grossProfit":25,"operationExpense":-9,"operationProfit":16,"yearOperationProfitGrowth":-0.567,"quarterOperationProfitGrowth":-0.265,"interestExpense":-47,"preTaxProfit":10,"postTaxProfit":6,"shareHolderIncome":6,"yearShareHolderIncomeGrowth":-0.551,"quarterShareHolderIncomeGrowth":0.222,"investProfit":null,"serviceProfit":null,"otherProfit":null,"provisionExpense":null,"operationIncome":null,"ebitda":38},{"ticker":"KOS","quarter":1,"year":2023,"revenue":329,"yearRevenueGrowth":0.289,"quarterRevenueGrowth":0.006,"costOfGoodSold":-299,"grossProfit":31,"operationExpense":-9,"operationProfit":21,"yearOperationProfitGrowth":0.004,"quarterOperationProfitGrowth":0.419,"interestExpense":-18,"preTaxProfit":5,"postTaxProfit":5,"shareHolderIncome":5,"yearShareHolderIncomeGrowth":0.222,"quarterShareHolderIncomeGrowth":0.971,"investProfit":null,"serviceProfit":null,"otherProfit":null,"provisionExpense":null,"operationIncome":null,"ebitda":27}]