{"capitalize":8313,"tradeVolume":318200,"priceToEarning":372.8,"priceToBook":3.6,"valueBeforeEbitda":52,"dividend":0,"roe":0.01,"profitGrowthAvarage":-0.141,"ageOfReceivable":535.5,"ageOfInventory":767.2,"payableOnEquity":1,"payableOnEbitda":9.5,"ebitOnInterest":1.4,"shortOnLongTermPayable":0.7,"revenue":1361,"operationProfit":134,"netProfit":22,"earningPerShare":103,"asset":4743,"liability":2424,"equity":2320,"bookValuePerShare":10681,"profitMargin":null,"nonInterestOnToi":null,"loanOnDeposit":null,"creditGrowth":null,"badDebtPercentage":null,"provisionOnBadDebt":null,"customerCredit":null,"betaIndex":null,"ticker":"KOS"}