[{"ticker":"EVF","quarter":2,"year":2024,"shortAsset":null,"cash":4,"shortInvest":null,"shortReceivable":null,"inventory":null,"longAsset":null,"fixedAsset":68,"asset":50595,"debt":41907,"shortDebt":null,"longDebt":null,"equity":8688,"capital":7042,"centralBankDeposit":206,"otherBankDeposit":5973,"otherBankLoan":500,"stockInvest":4523,"customerLoan":37969,"badLoan":271,"provision":-361,"netCustomerLoan":37608,"otherAsset":1675,"otherBankCredit":3200,"oweOtherBank":6115,"oweCentralBank":0,"valuablePaper":19290,"payableInterest":969,"receivableInterest":1409,"deposit":4175,"otherDebt":1154,"fund":480,"unDistributedIncome":820,"minorShareHolderProfit":0,"payable":41907},{"ticker":"EVF","quarter":1,"year":2024,"shortAsset":null,"cash":1,"shortInvest":null,"shortReceivable":null,"inventory":null,"longAsset":null,"fixedAsset":72,"asset":47987,"debt":39414,"shortDebt":null,"longDebt":null,"equity":8574,"capital":7042,"centralBankDeposit":6,"otherBankDeposit":11617,"otherBankLoan":150,"stockInvest":2926,"customerLoan":31257,"badLoan":490,"provision":-512,"netCustomerLoan":30745,"otherAsset":2168,"otherBankCredit":3197,"oweOtherBank":5310,"oweCentralBank":0,"valuablePaper":18449,"payableInterest":1026,"receivableInterest":1975,"deposit":3447,"otherDebt":1189,"fund":480,"unDistributedIncome":702,"minorShareHolderProfit":0,"payable":39414},{"ticker":"EVF","quarter":4,"year":2023,"shortAsset":null,"cash":2,"shortInvest":null,"shortReceivable":null,"inventory":null,"longAsset":null,"fixedAsset":76,"asset":49221,"debt":40765,"shortDebt":null,"longDebt":null,"equity":8456,"capital":7042,"centralBankDeposit":1305,"otherBankDeposit":9035,"otherBankLoan":921,"stockInvest":2558,"customerLoan":33553,"badLoan":435,"provision":-461,"netCustomerLoan":33093,"otherAsset":2115,"otherBankCredit":4600,"oweOtherBank":6312,"oweCentralBank":0,"valuablePaper":17421,"payableInterest":1210,"receivableInterest":1683,"deposit":3002,"otherDebt":1414,"fund":431,"unDistributedIncome":630,"minorShareHolderProfit":0,"payable":40765},{"ticker":"EVF","quarter":3,"year":2023,"shortAsset":null,"cash":1,"shortInvest":null,"shortReceivable":null,"inventory":null,"longAsset":null,"fixedAsset":77,"asset":46781,"debt":42261,"shortDebt":null,"longDebt":null,"equity":4520,"capital":3511,"centralBankDeposit":778,"otherBankDeposit":13478,"otherBankLoan":0,"stockInvest":1663,"customerLoan":29141,"badLoan":409,"provision":-395,"netCustomerLoan":28746,"otherAsset":1886,"otherBankCredit":7679,"oweOtherBank":7665,"oweCentralBank":0,"valuablePaper":14812,"payableInterest":959,"receivableInterest":1582,"deposit":2870,"otherDebt":1123,"fund":431,"unDistributedIncome":577,"minorShareHolderProfit":0,"payable":42261},{"ticker":"EVF","quarter":2,"year":2023,"shortAsset":null,"cash":3,"shortInvest":null,"shortReceivable":null,"inventory":null,"longAsset":null,"fixedAsset":80,"asset":47134,"debt":42728,"shortDebt":null,"longDebt":null,"equity":4406,"capital":3511,"centralBankDeposit":1145,"otherBankDeposit":10396,"otherBankLoan":680,"stockInvest":2186,"customerLoan":30498,"badLoan":347,"provision":-351,"netCustomerLoan":30147,"otherAsset":2352,"otherBankCredit":8673,"oweOtherBank":9353,"oweCentralBank":0,"valuablePaper":11094,"payableInterest":986,"receivableInterest":1376,"deposit":4676,"otherDebt":1152,"fund":431,"unDistributedIncome":462,"minorShareHolderProfit":0,"payable":42728},{"ticker":"EVF","quarter":1,"year":2023,"shortAsset":null,"cash":10,"shortInvest":null,"shortReceivable":null,"inventory":null,"longAsset":null,"fixedAsset":78,"asset":44861,"debt":40451,"shortDebt":null,"longDebt":null,"equity":4410,"capital":3511,"centralBankDeposit":3,"otherBankDeposit":19315,"otherBankLoan":300,"stockInvest":1720,"customerLoan":22470,"badLoan":544,"provision":-347,"netCustomerLoan":22123,"otherAsset":1311,"otherBankCredit":9558,"oweOtherBank":6380,"oweCentralBank":0,"valuablePaper":10839,"payableInterest":792,"receivableInterest":930,"deposit":5364,"otherDebt":940,"fund":510,"unDistributedIncome":387,"minorShareHolderProfit":0,"payable":40451}]