[{"ticker":"EVF","quarter":2,"year":2024,"investCost":-1,"fromInvest":-849,"fromFinancial":0,"fromSale":-4239,"freeCashFlow":0},{"ticker":"EVF","quarter":1,"year":2024,"investCost":-1,"fromInvest":-25,"fromFinancial":0,"fromSale":540,"freeCashFlow":0},{"ticker":"EVF","quarter":4,"year":2023,"investCost":-1,"fromInvest":-551,"fromFinancial":3881,"fromSale":-5177,"freeCashFlow":0},{"ticker":"EVF","quarter":3,"year":2023,"investCost":-1,"fromInvest":-300,"fromFinancial":0,"fromSale":1186,"freeCashFlow":0},{"ticker":"EVF","quarter":2,"year":2023,"investCost":-8,"fromInvest":-6,"fromFinancial":0,"fromSale":-7099,"freeCashFlow":0},{"ticker":"EVF","quarter":1,"year":2023,"investCost":0,"fromInvest":397,"fromFinancial":0,"fromSale":7867,"freeCashFlow":0}]