[{"ticker":"EVF","quarter":2,"year":2024,"priceToEarning":19.1,"priceToBook":0.9,"valueBeforeEbitda":null,"dividend":null,"roe":0.064,"roa":0.009,"daysReceivable":null,"daysInventory":null,"daysPayable":null,"ebitOnInterest":null,"earningPerShare":548,"bookValuePerShare":11422,"interestMargin":0.029,"nonInterestOnToi":0.011,"badDebtPercentage":0.007,"provisionOnBadDebt":1.334,"costOfFinancing":0.092,"equityOnTotalAsset":0.172,"equityOnLoan":0.229,"costToIncome":-0.261,"equityOnLiability":0.2,"currentPayment":null,"quickPayment":null,"epsChange":0.115,"ebitdaOnStock":null,"grossProfitMargin":null,"operatingProfitMargin":null,"postTaxMargin":null,"debtOnEquity":null,"debtOnAsset":null,"debtOnEbitda":null,"shortOnLongDebt":null,"assetOnEquity":5.8,"capitalBalance":null,"cashOnEquity":null,"cashOnCapitalize":null,"cashCirculation":null,"revenueOnWorkCapital":null,"capexOnFixedAsset":null,"revenueOnAsset":null,"postTaxOnPreTax":null,"ebitOnRevenue":null,"preTaxOnEbit":null,"preProvisionOnToi":1.016,"postTaxOnToi":0.303,"loanOnEarnAsset":0.806,"loanOnAsset":0.75,"loanOnDeposit":9.094,"depositOnEarnAsset":0.089,"badDebtOnAsset":0.005,"liquidityOnLiability":0.267,"payableOnEquity":4.8,"cancelDebt":0.018,"ebitdaOnStockChange":null,"bookValuePerShareChange":0.013,"creditGrowth":0.245},{"ticker":"EVF","quarter":1,"year":2024,"priceToEarning":31.2,"priceToBook":1.4,"valueBeforeEbitda":null,"dividend":null,"roe":0.058,"roa":0.008,"daysReceivable":null,"daysInventory":null,"daysPayable":null,"ebitOnInterest":null,"earningPerShare":491,"bookValuePerShare":11272,"interestMargin":0.023,"nonInterestOnToi":0.112,"badDebtPercentage":0.016,"provisionOnBadDebt":1.046,"costOfFinancing":0.104,"equityOnTotalAsset":0.179,"equityOnLoan":0.274,"costToIncome":0.257,"equityOnLiability":0.2,"currentPayment":null,"quickPayment":null,"epsChange":0.139,"ebitdaOnStock":null,"grossProfitMargin":null,"operatingProfitMargin":null,"postTaxMargin":null,"debtOnEquity":null,"debtOnAsset":null,"debtOnEbitda":null,"shortOnLongDebt":null,"assetOnEquity":5.6,"capitalBalance":null,"cashOnEquity":null,"cashOnCapitalize":null,"cashCirculation":null,"revenueOnWorkCapital":null,"capexOnFixedAsset":null,"revenueOnAsset":null,"postTaxOnPreTax":null,"ebitOnRevenue":null,"preTaxOnEbit":null,"preProvisionOnToi":0.593,"postTaxOnToi":0.31,"loanOnEarnAsset":0.703,"loanOnAsset":0.651,"loanOnDeposit":9.067,"depositOnEarnAsset":0.078,"badDebtOnAsset":0.01,"liquidityOnLiability":0.373,"payableOnEquity":4.6,"cancelDebt":0.012,"ebitdaOnStockChange":null,"bookValuePerShareChange":0.014,"creditGrowth":0.391},{"ticker":"EVF","quarter":4,"year":2023,"priceToEarning":34.3,"priceToBook":1.3,"valueBeforeEbitda":null,"dividend":null,"roe":0.051,"roa":0.007,"daysReceivable":null,"daysInventory":null,"daysPayable":null,"ebitOnInterest":null,"earningPerShare":431,"bookValuePerShare":11117,"interestMargin":0.017,"nonInterestOnToi":-0.247,"badDebtPercentage":0.013,"provisionOnBadDebt":1.058,"costOfFinancing":0.108,"equityOnTotalAsset":0.172,"equityOnLoan":0.252,"costToIncome":0.337,"equityOnLiability":0.2,"currentPayment":null,"quickPayment":null,"epsChange":-0.176,"ebitdaOnStock":null,"grossProfitMargin":null,"operatingProfitMargin":null,"postTaxMargin":null,"debtOnEquity":null,"debtOnAsset":null,"debtOnEbitda":null,"shortOnLongDebt":null,"assetOnEquity":5.8,"capitalBalance":null,"cashOnEquity":null,"cashOnCapitalize":null,"cashCirculation":null,"revenueOnWorkCapital":null,"capexOnFixedAsset":null,"revenueOnAsset":null,"postTaxOnPreTax":null,"ebitOnRevenue":null,"preTaxOnEbit":null,"preProvisionOnToi":0.528,"postTaxOnToi":0.218,"loanOnEarnAsset":0.729,"loanOnAsset":0.682,"loanOnDeposit":11.179,"depositOnEarnAsset":0.065,"badDebtOnAsset":0.009,"liquidityOnLiability":0.339,"payableOnEquity":4.8,"cancelDebt":0.011,"ebitdaOnStockChange":null,"bookValuePerShareChange":0.871,"creditGrowth":0.378},{"ticker":"EVF","quarter":3,"year":2023,"priceToEarning":21.6,"priceToBook":1.9,"valueBeforeEbitda":null,"dividend":null,"roe":0.091,"roa":0.009,"daysReceivable":null,"daysInventory":null,"daysPayable":null,"ebitOnInterest":null,"earningPerShare":523,"bookValuePerShare":5943,"interestMargin":0.015,"nonInterestOnToi":-0.161,"badDebtPercentage":0.014,"provisionOnBadDebt":0.967,"costOfFinancing":0.103,"equityOnTotalAsset":0.097,"equityOnLoan":0.155,"costToIncome":0.177,"equityOnLiability":0.1,"currentPayment":null,"quickPayment":null,"epsChange":0.101,"ebitdaOnStock":null,"grossProfitMargin":null,"operatingProfitMargin":null,"postTaxMargin":null,"debtOnEquity":null,"debtOnAsset":null,"debtOnEbitda":null,"shortOnLongDebt":null,"assetOnEquity":10.3,"capitalBalance":null,"cashOnEquity":null,"cashOnCapitalize":null,"cashCirculation":null,"revenueOnWorkCapital":null,"capexOnFixedAsset":null,"revenueOnAsset":null,"postTaxOnPreTax":null,"ebitOnRevenue":null,"preTaxOnEbit":null,"preProvisionOnToi":0.662,"postTaxOnToi":0.506,"loanOnEarnAsset":0.659,"loanOnAsset":0.623,"loanOnDeposit":10.153,"depositOnEarnAsset":0.065,"badDebtOnAsset":0.009,"liquidityOnLiability":0.377,"payableOnEquity":9.3,"cancelDebt":0.015,"ebitdaOnStockChange":null,"bookValuePerShareChange":0.026,"creditGrowth":0.432},{"ticker":"EVF","quarter":2,"year":2023,"priceToEarning":16.6,"priceToBook":1.4,"valueBeforeEbitda":null,"dividend":null,"roe":0.085,"roa":0.009,"daysReceivable":null,"daysInventory":null,"daysPayable":null,"ebitOnInterest":null,"earningPerShare":475,"bookValuePerShare":5793,"interestMargin":0.014,"nonInterestOnToi":0.862,"badDebtPercentage":0.011,"provisionOnBadDebt":1.012,"costOfFinancing":0.093,"equityOnTotalAsset":0.093,"equityOnLoan":0.144,"costToIncome":0.301,"equityOnLiability":0.1,"currentPayment":null,"quickPayment":null,"epsChange":0.181,"ebitdaOnStock":null,"grossProfitMargin":null,"operatingProfitMargin":null,"postTaxMargin":null,"debtOnEquity":null,"debtOnAsset":null,"debtOnEbitda":null,"shortOnLongDebt":null,"assetOnEquity":10.7,"capitalBalance":null,"cashOnEquity":null,"cashOnCapitalize":null,"cashCirculation":null,"revenueOnWorkCapital":null,"capexOnFixedAsset":null,"revenueOnAsset":null,"postTaxOnPreTax":null,"ebitOnRevenue":null,"preTaxOnEbit":null,"preProvisionOnToi":0.561,"postTaxOnToi":0.174,"loanOnEarnAsset":0.686,"loanOnAsset":0.647,"loanOnDeposit":6.523,"depositOnEarnAsset":0.105,"badDebtOnAsset":0.007,"liquidityOnLiability":0.337,"payableOnEquity":9.7,"cancelDebt":0.018,"ebitdaOnStockChange":null,"bookValuePerShareChange":-0.001,"creditGrowth":0.508},{"ticker":"EVF","quarter":1,"year":2023,"priceToEarning":15.9,"priceToBook":1.1,"valueBeforeEbitda":null,"dividend":null,"roe":0.072,"roa":0.007,"daysReceivable":null,"daysInventory":null,"daysPayable":null,"ebitOnInterest":null,"earningPerShare":402,"bookValuePerShare":5797,"interestMargin":0.018,"nonInterestOnToi":0.581,"badDebtPercentage":0.024,"provisionOnBadDebt":0.638,"costOfFinancing":0.071,"equityOnTotalAsset":0.098,"equityOnLoan":0.196,"costToIncome":0.235,"equityOnLiability":0.1,"currentPayment":null,"quickPayment":null,"epsChange":-0.162,"ebitdaOnStock":null,"grossProfitMargin":null,"operatingProfitMargin":null,"postTaxMargin":null,"debtOnEquity":null,"debtOnAsset":null,"debtOnEbitda":null,"shortOnLongDebt":null,"assetOnEquity":10.2,"capitalBalance":null,"cashOnEquity":null,"cashOnCapitalize":null,"cashCirculation":null,"revenueOnWorkCapital":null,"capexOnFixedAsset":null,"revenueOnAsset":null,"postTaxOnPreTax":null,"ebitOnRevenue":null,"preTaxOnEbit":null,"preProvisionOnToi":0.615,"postTaxOnToi":0.444,"loanOnEarnAsset":0.518,"loanOnAsset":0.501,"loanOnDeposit":4.189,"depositOnEarnAsset":0.124,"badDebtOnAsset":0.012,"liquidityOnLiability":0.528,"payableOnEquity":9.2,"cancelDebt":0.013,"ebitdaOnStockChange":null,"bookValuePerShareChange":0.017,"creditGrowth":0.216}]