[{"ticker":"EVF","quarter":2,"year":2024,"revenue":385,"yearRevenueGrowth":5.489,"quarterRevenueGrowth":0.026,"costOfGoodSold":null,"grossProfit":null,"operationExpense":102,"operationProfit":390,"yearOperationProfitGrowth":-0.093,"quarterOperationProfitGrowth":-0.079,"interestExpense":null,"preTaxProfit":146,"postTaxProfit":118,"shareHolderIncome":118,"yearShareHolderIncomeGrowth":0.577,"quarterShareHolderIncomeGrowth":-0.101,"investProfit":-31,"serviceProfit":22,"otherProfit":14,"provisionExpense":-345,"operationIncome":491,"ebitda":null},{"ticker":"EVF","quarter":1,"year":2024,"revenue":375,"yearRevenueGrowth":3.667,"quarterRevenueGrowth":0.232,"costOfGoodSold":null,"grossProfit":null,"operationExpense":-109,"operationProfit":423,"yearOperationProfitGrowth":1.203,"quarterOperationProfitGrowth":0.731,"interestExpense":null,"preTaxProfit":164,"postTaxProfit":131,"shareHolderIncome":131,"yearShareHolderIncomeGrowth":0.536,"quarterShareHolderIncomeGrowth":1.467,"investProfit":3,"serviceProfit":23,"otherProfit":21,"provisionExpense":-150,"operationIncome":314,"ebitda":null},{"ticker":"EVF","quarter":4,"year":2023,"revenue":305,"yearRevenueGrowth":0.46,"quarterRevenueGrowth":0.152,"costOfGoodSold":null,"grossProfit":null,"operationExpense":-82,"operationProfit":244,"yearOperationProfitGrowth":-0.131,"quarterOperationProfitGrowth":0.073,"interestExpense":null,"preTaxProfit":67,"postTaxProfit":53,"shareHolderIncome":53,"yearShareHolderIncomeGrowth":-0.568,"quarterShareHolderIncomeGrowth":-0.538,"investProfit":-27,"serviceProfit":-34,"otherProfit":1,"provisionExpense":-95,"operationIncome":162,"ebitda":null},{"ticker":"EVF","quarter":3,"year":2023,"revenue":264,"yearRevenueGrowth":0.425,"quarterRevenueGrowth":3.455,"costOfGoodSold":null,"grossProfit":null,"operationExpense":-40,"operationProfit":228,"yearOperationProfitGrowth":-0.057,"quarterOperationProfitGrowth":-0.47,"interestExpense":null,"preTaxProfit":143,"postTaxProfit":115,"shareHolderIncome":115,"yearShareHolderIncomeGrowth":0.464,"quarterShareHolderIncomeGrowth":0.54,"investProfit":-54,"serviceProfit":13,"otherProfit":4,"provisionExpense":-44,"operationIncome":187,"ebitda":null},{"ticker":"EVF","quarter":2,"year":2023,"revenue":59,"yearRevenueGrowth":-0.768,"quarterRevenueGrowth":-0.262,"costOfGoodSold":null,"grossProfit":null,"operationExpense":-129,"operationProfit":430,"yearOperationProfitGrowth":0.22,"quarterOperationProfitGrowth":1.237,"interestExpense":null,"preTaxProfit":93,"postTaxProfit":75,"shareHolderIncome":75,"yearShareHolderIncomeGrowth":2.876,"quarterShareHolderIncomeGrowth":-0.124,"investProfit":312,"serviceProfit":14,"otherProfit":44,"provisionExpense":-207,"operationIncome":300,"ebitda":null},{"ticker":"EVF","quarter":1,"year":2023,"revenue":80,"yearRevenueGrowth":-0.701,"quarterRevenueGrowth":-0.614,"costOfGoodSold":null,"grossProfit":null,"operationExpense":-45,"operationProfit":192,"yearOperationProfitGrowth":-0.288,"quarterOperationProfitGrowth":-0.317,"interestExpense":null,"preTaxProfit":106,"postTaxProfit":85,"shareHolderIncome":85,"yearShareHolderIncomeGrowth":-0.41,"quarterShareHolderIncomeGrowth":-0.307,"investProfit":101,"serviceProfit":10,"otherProfit":1,"provisionExpense":-41,"operationIncome":147,"ebitda":null}]