{"costOfFinancing":{"top200AvgValue":null,"industryName":"Dịch vụ tài chính","industryAvgValue":"0.09"},"interestMargin":{"top200AvgValue":null,"industryName":"Dịch vụ tài chính","industryAvgValue":"0.091"},"nonInterestOnToi":{"top200AvgValue":null,"industryName":"Dịch vụ tài chính","industryAvgValue":"-0.262"},"costToIncome":{"top200AvgValue":null,"industryName":"Dịch vụ tài chính","industryAvgValue":"0.381"},"preProvisionOnToi":{"top200AvgValue":null,"industryName":"Dịch vụ tài chính","industryAvgValue":"0.496"},"postTaxOnToi":{"top200AvgValue":null,"industryName":"Dịch vụ tài chính","industryAvgValue":"-0.727"},"depositOnEarnAsset":{"top200AvgValue":null,"industryName":"Dịch vụ tài chính","industryAvgValue":"0.118"},"cancelDebt":{"top200AvgValue":null,"industryName":"Dịch vụ tài chính","industryAvgValue":"0.122"},"badDebtPercentage":{"top200AvgValue":null,"industryName":"Dịch vụ tài chính","industryAvgValue":"0.081"},"provisionOnBadDebt":{"top200AvgValue":null,"industryName":"Dịch vụ tài chính","industryAvgValue":"0.983"},"loanOnDeposit":{"top200AvgValue":null,"industryName":"Dịch vụ tài chính","industryAvgValue":"7.196"},"equityOnTotalAsset":{"top200AvgValue":null,"industryName":"Dịch vụ tài chính","industryAvgValue":"0.493"},"badDebtOnAsset":{"top200AvgValue":null,"industryName":"Dịch vụ tài chính","industryAvgValue":"0.057"},"priceToSales":{"top200AvgValue":null,"industryName":"Dịch vụ tài chính","industryAvgValue":null}}