{"exchange":"HOSE","shortName":"Tài chính Điện lực","industryID":298,"industryIDv2":"8773","industryIdLevel2":"8700","industryIdLevel4":"8773","industry":"Dịch vụ tài chính","industryEn":"Financial Services","establishedYear":"2008","noEmployees":303,"noShareholders":55830,"foreignPercent":0.007,"website":"http://www.evnfc.vn","stockRating":2.5,"deltaInWeek":-0.049,"deltaInMonth":-0.031,"deltaInYear":-0.193,"outstandingShare":760.6,"issueShare":704.2,"companyType":"NH","ticker":"EVF"}