{"capitalize":7986,"tradeVolume":1855070,"priceToEarning":19.1,"priceToBook":0.9,"valueBeforeEbitda":null,"dividend":0,"roe":0.064,"profitGrowthAvarage":0.1,"ageOfReceivable":null,"ageOfInventory":null,"payableOnEquity":null,"payableOnEbitda":null,"ebitOnInterest":null,"shortOnLongTermPayable":null,"revenue":1330,"operationProfit":1285,"netProfit":417,"earningPerShare":549,"asset":50595,"liability":41907,"equity":8688,"bookValuePerShare":11423,"profitMargin":0.029,"nonInterestOnToi":0.011,"loanOnDeposit":9.094,"creditGrowth":0.245,"badDebtPercentage":0.007,"provisionOnBadDebt":1.334,"customerCredit":37608,"betaIndex":null,"ticker":"EVF"}