[{"ticker":"HHV","quarter":2,"year":2024,"shortAsset":1356,"cash":405,"shortInvest":96,"shortReceivable":647,"inventory":184,"longAsset":36665,"fixedAsset":27998,"asset":38021,"debt":28066,"shortDebt":920,"longDebt":19050,"equity":9955,"capital":4117,"centralBankDeposit":null,"otherBankDeposit":null,"otherBankLoan":null,"stockInvest":null,"customerLoan":null,"badLoan":null,"provision":null,"netCustomerLoan":null,"otherAsset":null,"otherBankCredit":null,"oweOtherBank":null,"oweCentralBank":null,"valuablePaper":null,"payableInterest":null,"receivableInterest":null,"deposit":null,"otherDebt":600,"fund":null,"unDistributedIncome":0,"minorShareHolderProfit":1436,"payable":28066},{"ticker":"HHV","quarter":1,"year":2024,"shortAsset":1504,"cash":658,"shortInvest":95,"shortReceivable":608,"inventory":113,"longAsset":36156,"fixedAsset":28227,"asset":37660,"debt":27834,"shortDebt":931,"longDebt":19168,"equity":9826,"capital":4117,"centralBankDeposit":null,"otherBankDeposit":null,"otherBankLoan":null,"stockInvest":null,"customerLoan":null,"badLoan":null,"provision":null,"netCustomerLoan":null,"otherAsset":null,"otherBankCredit":null,"oweOtherBank":null,"oweCentralBank":null,"valuablePaper":null,"payableInterest":null,"receivableInterest":null,"deposit":null,"otherDebt":488,"fund":null,"unDistributedIncome":0,"minorShareHolderProfit":1415,"payable":27834},{"ticker":"HHV","quarter":4,"year":2023,"shortAsset":1172,"cash":296,"shortInvest":77,"shortReceivable":686,"inventory":77,"longAsset":35603,"fixedAsset":28329,"asset":36775,"debt":28045,"shortDebt":1029,"longDebt":19255,"equity":8730,"capital":3294,"centralBankDeposit":null,"otherBankDeposit":null,"otherBankLoan":null,"stockInvest":null,"customerLoan":null,"badLoan":null,"provision":null,"netCustomerLoan":null,"otherAsset":null,"otherBankCredit":null,"oweOtherBank":null,"oweCentralBank":null,"valuablePaper":null,"payableInterest":null,"receivableInterest":null,"deposit":null,"otherDebt":183,"fund":null,"unDistributedIncome":0,"minorShareHolderProfit":1236,"payable":28045},{"ticker":"HHV","quarter":3,"year":2023,"shortAsset":1237,"cash":415,"shortInvest":75,"shortReceivable":489,"inventory":207,"longAsset":35283,"fixedAsset":28369,"asset":36520,"debt":27842,"shortDebt":611,"longDebt":19716,"equity":8679,"capital":3294,"centralBankDeposit":null,"otherBankDeposit":null,"otherBankLoan":null,"stockInvest":null,"customerLoan":null,"badLoan":null,"provision":null,"netCustomerLoan":null,"otherAsset":null,"otherBankCredit":null,"oweOtherBank":null,"oweCentralBank":null,"valuablePaper":null,"payableInterest":null,"receivableInterest":null,"deposit":null,"otherDebt":172,"fund":null,"unDistributedIncome":0,"minorShareHolderProfit":1235,"payable":27842},{"ticker":"HHV","quarter":2,"year":2023,"shortAsset":1205,"cash":392,"shortInvest":75,"shortReceivable":456,"inventory":214,"longAsset":34875,"fixedAsset":28431,"asset":36079,"debt":27517,"shortDebt":1065,"longDebt":19309,"equity":8562,"capital":3294,"centralBankDeposit":null,"otherBankDeposit":null,"otherBankLoan":null,"stockInvest":null,"customerLoan":null,"badLoan":null,"provision":null,"netCustomerLoan":null,"otherAsset":null,"otherBankCredit":null,"oweOtherBank":null,"oweCentralBank":null,"valuablePaper":null,"payableInterest":null,"receivableInterest":null,"deposit":null,"otherDebt":505,"fund":null,"unDistributedIncome":0,"minorShareHolderProfit":1219,"payable":27517},{"ticker":"HHV","quarter":1,"year":2023,"shortAsset":1222,"cash":442,"shortInvest":73,"shortReceivable":432,"inventory":190,"longAsset":34819,"fixedAsset":28490,"asset":36041,"debt":27583,"shortDebt":936,"longDebt":19615,"equity":8458,"capital":3078,"centralBankDeposit":null,"otherBankDeposit":null,"otherBankLoan":null,"stockInvest":null,"customerLoan":null,"badLoan":null,"provision":null,"netCustomerLoan":null,"otherAsset":null,"otherBankCredit":null,"oweOtherBank":null,"oweCentralBank":null,"valuablePaper":null,"payableInterest":null,"receivableInterest":null,"deposit":null,"otherDebt":578,"fund":null,"unDistributedIncome":0,"minorShareHolderProfit":1208,"payable":27583}]