[{"ticker":"HHV","quarter":2,"year":2024,"investCost":-17,"fromInvest":-141,"fromFinancial":-130,"fromSale":18,"freeCashFlow":561},{"ticker":"HHV","quarter":1,"year":2024,"investCost":-76,"fromInvest":-370,"fromFinancial":645,"fromSale":87,"freeCashFlow":341},{"ticker":"HHV","quarter":4,"year":2023,"investCost":-12,"fromInvest":-21,"fromFinancial":-43,"fromSale":-56,"freeCashFlow":175},{"ticker":"HHV","quarter":3,"year":2023,"investCost":-37,"fromInvest":-19,"fromFinancial":-70,"fromSale":112,"freeCashFlow":320},{"ticker":"HHV","quarter":2,"year":2023,"investCost":-40,"fromInvest":-13,"fromFinancial":-174,"fromSale":137,"freeCashFlow":205},{"ticker":"HHV","quarter":1,"year":2023,"investCost":-40,"fromInvest":-38,"fromFinancial":-101,"fromSale":199,"freeCashFlow":147}]