[{"ticker":"HHV","quarter":2,"year":2024,"priceToEarning":14.4,"priceToBook":0.6,"valueBeforeEbitda":17.6,"dividend":null,"roe":0.045,"roa":0.01,"daysReceivable":-264,"daysInventory":40,"daysPayable":206,"ebitOnInterest":1.7,"earningPerShare":827,"bookValuePerShare":19710,"interestMargin":null,"nonInterestOnToi":null,"badDebtPercentage":null,"provisionOnBadDebt":null,"costOfFinancing":null,"equityOnTotalAsset":0.224,"equityOnLoan":null,"costToIncome":null,"equityOnLiability":0.4,"currentPayment":0.4,"quickPayment":0.4,"epsChange":0.043,"ebitdaOnStock":4004,"grossProfitMargin":0.426,"operatingProfitMargin":0.402,"postTaxMargin":0.135,"debtOnEquity":2,"debtOnAsset":0.5,"debtOnEbitda":13.6,"shortOnLongDebt":0,"assetOnEquity":4.5,"capitalBalance":-1671,"cashOnEquity":0.041,"cashOnCapitalize":0.079,"cashCirculation":-430,"revenueOnWorkCapital":null,"capexOnFixedAsset":-0.005,"revenueOnAsset":0.1,"postTaxOnPreTax":0.7,"ebitOnRevenue":0.402,"preTaxOnEbit":0.5,"preProvisionOnToi":null,"postTaxOnToi":null,"loanOnEarnAsset":null,"loanOnAsset":null,"loanOnDeposit":null,"depositOnEarnAsset":null,"badDebtOnAsset":null,"liquidityOnLiability":null,"payableOnEquity":2.8,"cancelDebt":null,"ebitdaOnStockChange":0.016,"bookValuePerShareChange":0.013,"creditGrowth":null},{"ticker":"HHV","quarter":1,"year":2024,"priceToEarning":18.5,"priceToBook":0.8,"valueBeforeEbitda":18.1,"dividend":null,"roe":0.044,"roa":0.009,"daysReceivable":-271,"daysInventory":33,"daysPayable":231,"ebitOnInterest":1.5,"earningPerShare":793,"bookValuePerShare":19459,"interestMargin":null,"nonInterestOnToi":null,"badDebtPercentage":null,"provisionOnBadDebt":null,"costOfFinancing":null,"equityOnTotalAsset":0.223,"equityOnLoan":null,"costToIncome":null,"equityOnLiability":0.4,"currentPayment":0.5,"quickPayment":0.5,"epsChange":0.072,"ebitdaOnStock":3942,"grossProfitMargin":0.486,"operatingProfitMargin":0.461,"postTaxMargin":0.139,"debtOnEquity":2,"debtOnAsset":0.5,"debtOnEbitda":14.3,"shortOnLongDebt":0,"assetOnEquity":4.5,"capitalBalance":-1362,"cashOnEquity":0.067,"cashOnCapitalize":0.136,"cashCirculation":-468,"revenueOnWorkCapital":null,"capexOnFixedAsset":-0.006,"revenueOnAsset":0.1,"postTaxOnPreTax":0.7,"ebitOnRevenue":0.461,"preTaxOnEbit":0.4,"preProvisionOnToi":null,"postTaxOnToi":null,"loanOnEarnAsset":null,"loanOnAsset":null,"loanOnDeposit":null,"depositOnEarnAsset":null,"badDebtOnAsset":null,"liquidityOnLiability":null,"payableOnEquity":2.8,"cancelDebt":null,"ebitdaOnStockChange":-0.055,"bookValuePerShareChange":0.122,"creditGrowth":null},{"ticker":"HHV","quarter":4,"year":2023,"priceToEarning":19.9,"priceToBook":0.8,"valueBeforeEbitda":19.8,"dividend":null,"roe":0.044,"roa":0.009,"daysReceivable":-217,"daysInventory":27,"daysPayable":263,"ebitOnInterest":1.3,"earningPerShare":740,"bookValuePerShare":17336,"interestMargin":null,"nonInterestOnToi":null,"badDebtPercentage":null,"provisionOnBadDebt":null,"costOfFinancing":null,"equityOnTotalAsset":0.204,"equityOnLoan":null,"costToIncome":null,"equityOnLiability":0.3,"currentPayment":0.4,"quickPayment":0.4,"epsChange":-0.032,"ebitdaOnStock":4172,"grossProfitMargin":0.27,"operatingProfitMargin":0.251,"postTaxMargin":0.06,"debtOnEquity":2.3,"debtOnAsset":0.6,"debtOnEbitda":15.4,"shortOnLongDebt":0.1,"assetOnEquity":4.9,"capitalBalance":-1704,"cashOnEquity":0.034,"cashOnCapitalize":0.057,"cashCirculation":-453,"revenueOnWorkCapital":null,"capexOnFixedAsset":-0.005,"revenueOnAsset":0.1,"postTaxOnPreTax":0.8,"ebitOnRevenue":0.251,"preTaxOnEbit":0.3,"preProvisionOnToi":null,"postTaxOnToi":null,"loanOnEarnAsset":null,"loanOnAsset":null,"loanOnDeposit":null,"depositOnEarnAsset":null,"badDebtOnAsset":null,"liquidityOnLiability":null,"payableOnEquity":3.2,"cancelDebt":null,"ebitdaOnStockChange":-0.078,"bookValuePerShareChange":0.007,"creditGrowth":null},{"ticker":"HHV","quarter":3,"year":2023,"priceToEarning":18.4,"priceToBook":0.8,"valueBeforeEbitda":20.4,"dividend":null,"roe":0.047,"roa":0.009,"daysReceivable":-247,"daysInventory":49,"daysPayable":282,"ebitOnInterest":1.7,"earningPerShare":764,"bookValuePerShare":17219,"interestMargin":null,"nonInterestOnToi":null,"badDebtPercentage":null,"provisionOnBadDebt":null,"costOfFinancing":null,"equityOnTotalAsset":0.204,"equityOnLoan":null,"costToIncome":null,"equityOnLiability":0.3,"currentPayment":0.5,"quickPayment":0.4,"epsChange":0.092,"ebitdaOnStock":4527,"grossProfitMargin":0.444,"operatingProfitMargin":0.422,"postTaxMargin":0.15,"debtOnEquity":2.3,"debtOnAsset":0.6,"debtOnEbitda":15.2,"shortOnLongDebt":0,"assetOnEquity":4.9,"capitalBalance":-1183,"cashOnEquity":0.048,"cashOnCapitalize":0.064,"cashCirculation":-480,"revenueOnWorkCapital":null,"capexOnFixedAsset":-0.008,"revenueOnAsset":0.1,"postTaxOnPreTax":0.7,"ebitOnRevenue":0.422,"preTaxOnEbit":0.5,"preProvisionOnToi":null,"postTaxOnToi":null,"loanOnEarnAsset":null,"loanOnAsset":null,"loanOnDeposit":null,"depositOnEarnAsset":null,"badDebtOnAsset":null,"liquidityOnLiability":null,"payableOnEquity":3.2,"cancelDebt":null,"ebitdaOnStockChange":0.036,"bookValuePerShareChange":0.014,"creditGrowth":null},{"ticker":"HHV","quarter":2,"year":2023,"priceToEarning":19.4,"priceToBook":0.8,"valueBeforeEbitda":19.6,"dividend":null,"roe":0.043,"roa":0.009,"daysReceivable":-372,"daysInventory":51,"daysPayable":288,"ebitOnInterest":1.6,"earningPerShare":700,"bookValuePerShare":16987,"interestMargin":null,"nonInterestOnToi":null,"badDebtPercentage":null,"provisionOnBadDebt":null,"costOfFinancing":null,"equityOnTotalAsset":0.204,"equityOnLoan":null,"costToIncome":null,"equityOnLiability":0.3,"currentPayment":0.3,"quickPayment":0.3,"epsChange":0.081,"ebitdaOnStock":4371,"grossProfitMargin":0.472,"operatingProfitMargin":0.45,"postTaxMargin":0.155,"debtOnEquity":2.4,"debtOnAsset":0.6,"debtOnEbitda":15.8,"shortOnLongDebt":0.1,"assetOnEquity":4.9,"capitalBalance":-2721,"cashOnEquity":0.046,"cashOnCapitalize":0.091,"cashCirculation":-610,"revenueOnWorkCapital":null,"capexOnFixedAsset":-0.01,"revenueOnAsset":0.1,"postTaxOnPreTax":0.8,"ebitOnRevenue":0.45,"preTaxOnEbit":0.5,"preProvisionOnToi":null,"postTaxOnToi":null,"loanOnEarnAsset":null,"loanOnAsset":null,"loanOnDeposit":null,"depositOnEarnAsset":null,"badDebtOnAsset":null,"liquidityOnLiability":null,"payableOnEquity":3.2,"cancelDebt":null,"ebitdaOnStockChange":0.005,"bookValuePerShareChange":0.013,"creditGrowth":null},{"ticker":"HHV","quarter":1,"year":2023,"priceToEarning":17.3,"priceToBook":0.7,"valueBeforeEbitda":21.2,"dividend":null,"roe":0.041,"roa":0.008,"daysReceivable":-383,"daysInventory":44,"daysPayable":306,"ebitOnInterest":1.5,"earningPerShare":647,"bookValuePerShare":16772,"interestMargin":null,"nonInterestOnToi":null,"badDebtPercentage":null,"provisionOnBadDebt":null,"costOfFinancing":null,"equityOnTotalAsset":0.201,"equityOnLoan":null,"costToIncome":null,"equityOnLiability":0.3,"currentPayment":0.3,"quickPayment":0.3,"epsChange":0.018,"ebitdaOnStock":4351,"grossProfitMargin":0.48,"operatingProfitMargin":0.45,"postTaxMargin":0.135,"debtOnEquity":2.4,"debtOnAsset":0.6,"debtOnEbitda":16.6,"shortOnLongDebt":0,"assetOnEquity":5,"capitalBalance":-2844,"cashOnEquity":0.052,"cashOnCapitalize":0.084,"cashCirculation":-645,"revenueOnWorkCapital":null,"capexOnFixedAsset":-0.008,"revenueOnAsset":0.1,"postTaxOnPreTax":0.8,"ebitOnRevenue":0.45,"preTaxOnEbit":0.4,"preProvisionOnToi":null,"postTaxOnToi":null,"loanOnEarnAsset":null,"loanOnAsset":null,"loanOnDeposit":null,"depositOnEarnAsset":null,"badDebtOnAsset":null,"liquidityOnLiability":null,"payableOnEquity":3.3,"cancelDebt":null,"ebitdaOnStockChange":0.014,"bookValuePerShareChange":0.008,"creditGrowth":null}]