[{"ticker":"HHV","quarter":2,"year":2024,"revenue":814,"yearRevenueGrowth":0.329,"quarterRevenueGrowth":0.179,"costOfGoodSold":-467,"grossProfit":347,"operationExpense":-20,"operationProfit":327,"yearOperationProfitGrowth":0.187,"quarterOperationProfitGrowth":0.029,"interestExpense":-195,"preTaxProfit":151,"postTaxProfit":130,"shareHolderIncome":109,"yearShareHolderIncomeGrowth":0.156,"quarterShareHolderIncomeGrowth":0.14,"investProfit":null,"serviceProfit":null,"otherProfit":null,"provisionExpense":null,"operationIncome":null,"ebitda":420},{"ticker":"HHV","quarter":1,"year":2024,"revenue":690,"yearRevenueGrowth":0.279,"quarterRevenueGrowth":-0.199,"costOfGoodSold":-355,"grossProfit":335,"operationExpense":-17,"operationProfit":318,"yearOperationProfitGrowth":0.31,"quarterOperationProfitGrowth":0.473,"interestExpense":-208,"preTaxProfit":131,"postTaxProfit":114,"shareHolderIncome":96,"yearShareHolderIncomeGrowth":0.317,"quarterShareHolderIncomeGrowth":0.867,"investProfit":null,"serviceProfit":null,"otherProfit":null,"provisionExpense":null,"operationIncome":null,"ebitda":409},{"ticker":"HHV","quarter":4,"year":2023,"revenue":861,"yearRevenueGrowth":0.397,"quarterRevenueGrowth":0.279,"costOfGoodSold":-629,"grossProfit":233,"operationExpense":-17,"operationProfit":216,"yearOperationProfitGrowth":-0.11,"quarterOperationProfitGrowth":-0.24,"interestExpense":-163,"preTaxProfit":67,"postTaxProfit":53,"shareHolderIncome":51,"yearShareHolderIncomeGrowth":-0.172,"quarterShareHolderIncomeGrowth":-0.49,"investProfit":null,"serviceProfit":null,"otherProfit":null,"provisionExpense":null,"operationIncome":null,"ebitda":294},{"ticker":"HHV","quarter":3,"year":2023,"revenue":674,"yearRevenueGrowth":0.196,"quarterRevenueGrowth":0.1,"costOfGoodSold":-375,"grossProfit":299,"operationExpense":-15,"operationProfit":284,"yearOperationProfitGrowth":0.183,"quarterOperationProfitGrowth":0.03,"interestExpense":-165,"preTaxProfit":135,"postTaxProfit":117,"shareHolderIncome":101,"yearShareHolderIncomeGrowth":0.38,"quarterShareHolderIncomeGrowth":0.066,"investProfit":null,"serviceProfit":null,"otherProfit":null,"provisionExpense":null,"operationIncome":null,"ebitda":360},{"ticker":"HHV","quarter":2,"year":2023,"revenue":612,"yearRevenueGrowth":0.265,"quarterRevenueGrowth":0.135,"costOfGoodSold":-324,"grossProfit":289,"operationExpense":-13,"operationProfit":276,"yearOperationProfitGrowth":0.188,"quarterOperationProfitGrowth":0.136,"interestExpense":-171,"preTaxProfit":126,"postTaxProfit":109,"shareHolderIncome":95,"yearShareHolderIncomeGrowth":0.316,"quarterShareHolderIncomeGrowth":0.298,"investProfit":null,"serviceProfit":null,"otherProfit":null,"provisionExpense":null,"operationIncome":null,"ebitda":355},{"ticker":"HHV","quarter":1,"year":2023,"revenue":539,"yearRevenueGrowth":0.252,"quarterRevenueGrowth":-0.125,"costOfGoodSold":-281,"grossProfit":259,"operationExpense":-16,"operationProfit":243,"yearOperationProfitGrowth":0.029,"quarterOperationProfitGrowth":0.001,"interestExpense":-164,"preTaxProfit":95,"postTaxProfit":83,"shareHolderIncome":73,"yearShareHolderIncomeGrowth":0.074,"quarterShareHolderIncomeGrowth":0.173,"investProfit":null,"serviceProfit":null,"otherProfit":null,"provisionExpense":null,"operationIncome":null,"ebitda":320}]