{"exchange":"HOSE","shortName":"Đầu tư Hạ tầng Giao thông Đèo Cả","industryID":181,"industryIDv2":"2357","industryIdLevel2":"2300","industryIdLevel4":"2357","industry":"Xây dựng và Vật liệu","industryEn":"Construction & Materials","establishedYear":"2010","noEmployees":515,"noShareholders":46149,"foreignPercent":0.08,"website":"https://hhv.com.vn","stockRating":2.3,"deltaInWeek":-0.006,"deltaInMonth":-0.029,"deltaInYear":-0.296,"outstandingShare":432.3,"issueShare":432.3,"companyType":"CT","ticker":"HHV"}