{"capitalize":5144,"tradeVolume":3278593,"priceToEarning":14.4,"priceToBook":0.6,"valueBeforeEbitda":17.6,"dividend":0,"roe":0.045,"profitGrowthAvarage":0.895,"ageOfReceivable":-263.8,"ageOfInventory":39.7,"payableOnEquity":2.8,"payableOnEbitda":13.6,"ebitOnInterest":1.7,"shortOnLongTermPayable":0,"revenue":3038,"operationProfit":1145,"netProfit":358,"earningPerShare":828,"asset":38021,"liability":28066,"equity":9955,"bookValuePerShare":19710,"profitMargin":null,"nonInterestOnToi":null,"loanOnDeposit":null,"creditGrowth":null,"badDebtPercentage":null,"provisionOnBadDebt":null,"customerCredit":null,"betaIndex":null,"ticker":"HHV"}