[{"ticker":"HPG","quarter":2,"year":2024,"shortAsset":84467,"cash":13032,"shortInvest":15315,"shortReceivable":10393,"inventory":40164,"longAsset":122142,"fixedAsset":70019,"asset":206609,"debt":97933,"shortDebt":53315,"longDebt":19675,"equity":108677,"capital":63963,"centralBankDeposit":null,"otherBankDeposit":null,"otherBankLoan":null,"stockInvest":null,"customerLoan":null,"badLoan":null,"provision":null,"netCustomerLoan":null,"otherAsset":null,"otherBankCredit":null,"oweOtherBank":null,"oweCentralBank":null,"valuablePaper":null,"payableInterest":null,"receivableInterest":null,"deposit":null,"otherDebt":333,"fund":null,"unDistributedIncome":0,"minorShareHolderProfit":103,"payable":97933},{"ticker":"HPG","quarter":1,"year":2024,"shortAsset":94032,"cash":12429,"shortInvest":22271,"shortReceivable":12105,"inventory":42714,"longAsset":107908,"fixedAsset":71016,"asset":201940,"debt":96316,"shortDebt":61438,"longDebt":16080,"equity":105625,"capital":58148,"centralBankDeposit":null,"otherBankDeposit":null,"otherBankLoan":null,"stockInvest":null,"customerLoan":null,"badLoan":null,"provision":null,"netCustomerLoan":null,"otherAsset":null,"otherBankCredit":null,"oweOtherBank":null,"oweCentralBank":null,"valuablePaper":null,"payableInterest":null,"receivableInterest":null,"deposit":null,"otherDebt":193,"fund":null,"unDistributedIncome":0,"minorShareHolderProfit":104,"payable":96316},{"ticker":"HPG","quarter":4,"year":2023,"shortAsset":82716,"cash":12267,"shortInvest":22162,"shortReceivable":10702,"inventory":34504,"longAsset":105066,"fixedAsset":72014,"asset":187783,"debt":84946,"shortDebt":54982,"longDebt":10399,"equity":102836,"capital":58148,"centralBankDeposit":null,"otherBankDeposit":null,"otherBankLoan":null,"stockInvest":null,"customerLoan":null,"badLoan":null,"provision":null,"netCustomerLoan":null,"otherAsset":null,"otherBankCredit":null,"oweOtherBank":null,"oweCentralBank":null,"valuablePaper":null,"payableInterest":null,"receivableInterest":null,"deposit":null,"otherDebt":183,"fund":null,"unDistributedIncome":0,"minorShareHolderProfit":66,"payable":84946},{"ticker":"HPG","quarter":3,"year":2023,"shortAsset":78483,"cash":9697,"shortInvest":19957,"shortReceivable":12506,"inventory":33524,"longAsset":95024,"fixedAsset":72782,"asset":173507,"debt":73642,"shortDebt":49238,"longDebt":8745,"equity":99865,"capital":58148,"centralBankDeposit":null,"otherBankDeposit":null,"otherBankLoan":null,"stockInvest":null,"customerLoan":null,"badLoan":null,"provision":null,"netCustomerLoan":null,"otherAsset":null,"otherBankCredit":null,"oweOtherBank":null,"oweCentralBank":null,"valuablePaper":null,"payableInterest":null,"receivableInterest":null,"deposit":null,"otherDebt":381,"fund":null,"unDistributedIncome":0,"minorShareHolderProfit":72,"payable":73642},{"ticker":"HPG","quarter":2,"year":2023,"shortAsset":84904,"cash":13253,"shortInvest":22848,"shortReceivable":14299,"inventory":32002,"longAsset":91340,"fixedAsset":68934,"asset":176243,"debt":78383,"shortDebt":51748,"longDebt":8879,"equity":97860,"capital":58148,"centralBankDeposit":null,"otherBankDeposit":null,"otherBankLoan":null,"stockInvest":null,"customerLoan":null,"badLoan":null,"provision":null,"netCustomerLoan":null,"otherAsset":null,"otherBankCredit":null,"oweOtherBank":null,"oweCentralBank":null,"valuablePaper":null,"payableInterest":null,"receivableInterest":null,"deposit":null,"otherDebt":361,"fund":null,"unDistributedIncome":0,"minorShareHolderProfit":77,"payable":78383},{"ticker":"HPG","quarter":1,"year":2023,"shortAsset":85412,"cash":7868,"shortInvest":27421,"shortReceivable":13830,"inventory":34307,"longAsset":89996,"fixedAsset":69945,"asset":175409,"debt":78971,"shortDebt":50354,"longDebt":10305,"equity":96438,"capital":58148,"centralBankDeposit":null,"otherBankDeposit":null,"otherBankLoan":null,"stockInvest":null,"customerLoan":null,"badLoan":null,"provision":null,"netCustomerLoan":null,"otherAsset":null,"otherBankCredit":null,"oweOtherBank":null,"oweCentralBank":null,"valuablePaper":null,"payableInterest":null,"receivableInterest":null,"deposit":null,"otherDebt":433,"fund":null,"unDistributedIncome":0,"minorShareHolderProfit":91,"payable":78971}]