[{"ticker":"HPG","quarter":2,"year":2024,"investCost":-4039,"fromInvest":2506,"fromFinancial":-4404,"fromSale":2500,"freeCashFlow":12292},{"ticker":"HPG","quarter":1,"year":2024,"investCost":-14798,"fromInvest":-12624,"fromFinancial":12050,"fromSale":749,"freeCashFlow":-1637},{"ticker":"HPG","quarter":4,"year":2023,"investCost":-7374,"fromInvest":-10374,"fromFinancial":7533,"fromSale":5410,"freeCashFlow":-1194},{"ticker":"HPG","quarter":3,"year":2023,"investCost":-4361,"fromInvest":-1277,"fromFinancial":-2913,"fromSale":633,"freeCashFlow":2766},{"ticker":"HPG","quarter":2,"year":2023,"investCost":-2799,"fromInvest":1022,"fromFinancial":-168,"fromSale":4531,"freeCashFlow":-3235},{"ticker":"HPG","quarter":1,"year":2023,"investCost":-2819,"fromInvest":-2173,"fromFinancial":2821,"fromSale":-1103,"freeCashFlow":-578}]