{"OriginStock":{"Cumulative_Return_3_Month":-0.0271,"Cumulative_Return_6_Month":0.0741,"Cumulative_Return_12_Month":0.2508,"Volatility_12_Month":0.2331,"SharpeRatio_3_Month":-0.6325,"SharpeRatio_6_Month":0.6441,"SharpeRatio_12_Month":0.9655,"Maximum_Drawdown_12_Month":0.1605},"SimilarStock":[{"correlation":0.158,"beta":0.774,"pe":-6.608,"price_volatility_1_month_compareWith_VNINDEX":0.038,"price_volatility_3_month_compareWith_VNINDEX":-0.1,"price_volatility_6_month_compareWith_VNINDEX":-0.148,"companyName":"Công ty Cổ phần Masan High-Tech Materials","industryName":"Tài nguyên Cơ bản","exchangeName":"UpCom","ticker":"MSR"},{"correlation":0.734,"beta":1.531,"pe":11.26,"price_volatility_1_month_compareWith_VNINDEX":0.009,"price_volatility_3_month_compareWith_VNINDEX":-0.144,"price_volatility_6_month_compareWith_VNINDEX":-0.02,"companyName":"Công ty Cổ phần Tập đoàn Hoa Sen","industryName":"Tài nguyên Cơ bản","exchangeName":"HOSE","ticker":"HSG"},{"correlation":-0.1,"beta":0.217,"pe":15.774,"price_volatility_1_month_compareWith_VNINDEX":-0.114,"price_volatility_3_month_compareWith_VNINDEX":0.347,"price_volatility_6_month_compareWith_VNINDEX":0.684,"companyName":"Tổng Công ty Khoáng sản TKV - Công ty Cổ phần","industryName":"Tài nguyên Cơ bản","exchangeName":"HNX","ticker":"KSV"},{"correlation":0.301,"beta":0.74,"pe":12.765,"price_volatility_1_month_compareWith_VNINDEX":-0.029,"price_volatility_3_month_compareWith_VNINDEX":-0.099,"price_volatility_6_month_compareWith_VNINDEX":0.001,"companyName":"Công ty Cổ phần Gỗ An Cường","industryName":"Tài nguyên Cơ bản","exchangeName":"HOSE","ticker":"ACG"},{"correlation":0.189,"beta":0.35,"pe":16.25,"price_volatility_1_month_compareWith_VNINDEX":-0.072,"price_volatility_3_month_compareWith_VNINDEX":-0.11,"price_volatility_6_month_compareWith_VNINDEX":-0.034,"companyName":"Tổng Công ty Lâm nghiệp Việt Nam - Công ty Cổ phần","industryName":"Tài nguyên Cơ bản","exchangeName":"HNX","ticker":"VIF"},{"correlation":0.729,"beta":1.635,"pe":13.232,"price_volatility_1_month_compareWith_VNINDEX":-0.031,"price_volatility_3_month_compareWith_VNINDEX":-0.171,"price_volatility_6_month_compareWith_VNINDEX":-0.169,"companyName":"Công ty Cổ phần Thép Nam Kim","industryName":"Tài nguyên Cơ bản","exchangeName":"HOSE","ticker":"NKG"},{"correlation":0.384,"beta":0.669,"pe":133.058,"price_volatility_1_month_compareWith_VNINDEX":-0.091,"price_volatility_3_month_compareWith_VNINDEX":-0.262,"price_volatility_6_month_compareWith_VNINDEX":0.31,"companyName":"Tổng Công ty Thép Việt Nam - Công ty Cổ phần","industryName":"Tài nguyên Cơ bản","exchangeName":"UpCom","ticker":"TVN"},{"correlation":0.542,"beta":1.005,"pe":12.512,"price_volatility_1_month_compareWith_VNINDEX":-0.042,"price_volatility_3_month_compareWith_VNINDEX":-0.164,"price_volatility_6_month_compareWith_VNINDEX":-0.062,"companyName":"Công ty Cổ phần Phú Tài","industryName":"Tài nguyên Cơ bản","exchangeName":"HOSE","ticker":"PTB"},{"correlation":0.451,"beta":0.652,"pe":9.395,"price_volatility_1_month_compareWith_VNINDEX":0.017,"price_volatility_3_month_compareWith_VNINDEX":-0.096,"price_volatility_6_month_compareWith_VNINDEX":0.192,"companyName":"Công ty Cổ phần Tôn Đông Á","industryName":"Tài nguyên Cơ bản","exchangeName":"UpCom","ticker":"GDA"},{"correlation":0.086,"beta":0.404,"pe":19.198,"price_volatility_1_month_compareWith_VNINDEX":-0.038,"price_volatility_3_month_compareWith_VNINDEX":-0.014,"price_volatility_6_month_compareWith_VNINDEX":-0.077,"companyName":"Tổng Công ty Sản xuất - Xuất nhập khẩu Bình Dương - Công ty cổ phần","industryName":"Tài nguyên Cơ bản","exchangeName":"UpCom","ticker":"PRT"}]}