[{"ticker":"HPG","quarter":2,"year":2024,"priceToEarning":15.4,"priceToBook":1.6,"valueBeforeEbitda":11.3,"dividend":null,"roe":0.108,"roa":0.058,"daysReceivable":37,"daysInventory":114,"daysPayable":43,"ebitOnInterest":7.3,"earningPerShare":1745,"bookValuePerShare":16974,"interestMargin":null,"nonInterestOnToi":null,"badDebtPercentage":null,"provisionOnBadDebt":null,"costOfFinancing":null,"equityOnTotalAsset":0.526,"equityOnLoan":null,"costToIncome":null,"equityOnLiability":1.1,"currentPayment":1.1,"quickPayment":0.6,"epsChange":0.2,"ebitdaOnStock":3382,"grossProfitMargin":0.133,"operatingProfitMargin":0.104,"postTaxMargin":0.084,"debtOnEquity":0.7,"debtOnAsset":0.4,"debtOnEbitda":3.2,"shortOnLongDebt":2.7,"assetOnEquity":1.9,"capitalBalance":10916,"cashOnEquity":0.12,"cashOnCapitalize":0.076,"cashCirculation":108,"revenueOnWorkCapital":9.8,"capexOnFixedAsset":-0.44,"revenueOnAsset":0.7,"postTaxOnPreTax":0.9,"ebitOnRevenue":0.104,"preTaxOnEbit":0.9,"preProvisionOnToi":null,"postTaxOnToi":null,"loanOnEarnAsset":null,"loanOnAsset":null,"loanOnDeposit":null,"depositOnEarnAsset":null,"badDebtOnAsset":null,"liquidityOnLiability":null,"payableOnEquity":0.9,"cancelDebt":null,"ebitdaOnStockChange":0.046,"bookValuePerShareChange":0.029,"creditGrowth":null},{"ticker":"HPG","quarter":1,"year":2024,"priceToEarning":18.9,"priceToBook":1.7,"valueBeforeEbitda":12.7,"dividend":null,"roe":0.092,"roa":0.049,"daysReceivable":48,"daysInventory":130,"daysPayable":45,"ebitOnInterest":5,"earningPerShare":1455,"bookValuePerShare":16497,"interestMargin":null,"nonInterestOnToi":null,"badDebtPercentage":null,"provisionOnBadDebt":null,"costOfFinancing":null,"equityOnTotalAsset":0.523,"equityOnLoan":null,"costToIncome":null,"equityOnLiability":1.1,"currentPayment":1.2,"quickPayment":0.6,"epsChange":0.362,"ebitdaOnStock":3232,"grossProfitMargin":0.135,"operatingProfitMargin":0.104,"postTaxMargin":0.093,"debtOnEquity":0.7,"debtOnAsset":0.4,"debtOnEbitda":3.7,"shortOnLongDebt":3.8,"assetOnEquity":1.9,"capitalBalance":14718,"cashOnEquity":0.118,"cashOnCapitalize":0.071,"cashCirculation":133,"revenueOnWorkCapital":7.6,"capexOnFixedAsset":-0.416,"revenueOnAsset":0.7,"postTaxOnPreTax":0.9,"ebitOnRevenue":0.104,"preTaxOnEbit":1,"preProvisionOnToi":null,"postTaxOnToi":null,"loanOnEarnAsset":null,"loanOnAsset":null,"loanOnDeposit":null,"depositOnEarnAsset":null,"badDebtOnAsset":null,"liquidityOnLiability":null,"payableOnEquity":0.9,"cancelDebt":null,"ebitdaOnStockChange":0.143,"bookValuePerShareChange":0.027,"creditGrowth":null},{"ticker":"HPG","quarter":4,"year":2023,"priceToEarning":23.8,"priceToBook":1.6,"valueBeforeEbitda":13,"dividend":null,"roe":0.069,"roa":0.038,"daysReceivable":45,"daysInventory":119,"daysPayable":40,"ebitOnInterest":5.2,"earningPerShare":1068,"bookValuePerShare":16067,"interestMargin":null,"nonInterestOnToi":null,"badDebtPercentage":null,"provisionOnBadDebt":null,"costOfFinancing":null,"equityOnTotalAsset":0.547,"equityOnLoan":null,"costToIncome":null,"equityOnLiability":1.2,"currentPayment":1.2,"quickPayment":0.7,"epsChange":2.654,"ebitdaOnStock":2828,"grossProfitMargin":0.13,"operatingProfitMargin":0.108,"postTaxMargin":0.086,"debtOnEquity":0.6,"debtOnAsset":0.3,"debtOnEbitda":3.7,"shortOnLongDebt":5.3,"assetOnEquity":1.8,"capitalBalance":11203,"cashOnEquity":0.119,"cashOnCapitalize":0.074,"cashCirculation":123,"revenueOnWorkCapital":8.1,"capexOnFixedAsset":-0.243,"revenueOnAsset":0.7,"postTaxOnPreTax":0.9,"ebitOnRevenue":0.108,"preTaxOnEbit":0.9,"preProvisionOnToi":null,"postTaxOnToi":null,"loanOnEarnAsset":null,"loanOnAsset":null,"loanOnDeposit":null,"depositOnEarnAsset":null,"badDebtOnAsset":null,"liquidityOnLiability":null,"payableOnEquity":0.8,"cancelDebt":null,"ebitdaOnStockChange":0.527,"bookValuePerShareChange":0.03,"creditGrowth":null},{"ticker":"HPG","quarter":3,"year":2023,"priceToEarning":81.7,"priceToBook":1.5,"valueBeforeEbitda":19.6,"dividend":null,"roe":0.019,"roa":0.01,"daysReceivable":64,"daysInventory":137,"daysPayable":50,"ebitOnInterest":3.2,"earningPerShare":292,"bookValuePerShare":15601,"interestMargin":null,"nonInterestOnToi":null,"badDebtPercentage":null,"provisionOnBadDebt":null,"costOfFinancing":null,"equityOnTotalAsset":0.575,"equityOnLoan":null,"costToIncome":null,"equityOnLiability":1.4,"currentPayment":1.2,"quickPayment":0.7,"epsChange":-1.98,"ebitdaOnStock":1852,"grossProfitMargin":0.126,"operatingProfitMargin":0.095,"postTaxMargin":0.07,"debtOnEquity":0.6,"debtOnAsset":0.3,"debtOnEbitda":5.7,"shortOnLongDebt":5.6,"assetOnEquity":1.7,"capitalBalance":14365,"cashOnEquity":0.097,"cashOnCapitalize":0.06,"cashCirculation":151,"revenueOnWorkCapital":5.7,"capexOnFixedAsset":-0.191,"revenueOnAsset":0.6,"postTaxOnPreTax":0.9,"ebitOnRevenue":0.095,"preTaxOnEbit":0.8,"preProvisionOnToi":null,"postTaxOnToi":null,"loanOnEarnAsset":null,"loanOnAsset":null,"loanOnDeposit":null,"depositOnEarnAsset":null,"badDebtOnAsset":null,"liquidityOnLiability":null,"payableOnEquity":0.7,"cancelDebt":null,"ebitdaOnStockChange":0.17,"bookValuePerShareChange":0.021,"creditGrowth":null},{"ticker":"HPG","quarter":2,"year":2023,"priceToEarning":-79.7,"priceToBook":1.6,"valueBeforeEbitda":22.5,"dividend":null,"roe":-0.019,"roa":-0.01,"daysReceivable":67,"daysInventory":147,"daysPayable":87,"ebitOnInterest":2.3,"earningPerShare":-298,"bookValuePerShare":15287,"interestMargin":null,"nonInterestOnToi":null,"badDebtPercentage":null,"provisionOnBadDebt":null,"costOfFinancing":null,"equityOnTotalAsset":0.555,"equityOnLoan":null,"costToIncome":null,"equityOnLiability":1.2,"currentPayment":1.2,"quickPayment":0.8,"epsChange":-3.874,"ebitdaOnStock":1582,"grossProfitMargin":0.108,"operatingProfitMargin":0.079,"postTaxMargin":0.049,"debtOnEquity":0.6,"debtOnAsset":0.3,"debtOnEbitda":8,"shortOnLongDebt":5.8,"assetOnEquity":1.8,"capitalBalance":16219,"cashOnEquity":0.135,"cashOnCapitalize":0.098,"cashCirculation":127,"revenueOnWorkCapital":5.4,"capexOnFixedAsset":-0.199,"revenueOnAsset":0.6,"postTaxOnPreTax":0.9,"ebitOnRevenue":0.079,"preTaxOnEbit":0.7,"preProvisionOnToi":null,"postTaxOnToi":null,"loanOnEarnAsset":null,"loanOnAsset":null,"loanOnDeposit":null,"depositOnEarnAsset":null,"badDebtOnAsset":null,"liquidityOnLiability":null,"payableOnEquity":0.8,"cancelDebt":null,"ebitdaOnStockChange":-0.293,"bookValuePerShareChange":0.015,"creditGrowth":null},{"ticker":"HPG","quarter":1,"year":2023,"priceToEarning":182.1,"priceToBook":1.3,"valueBeforeEbitda":18.9,"dividend":null,"roe":0.007,"roa":0.004,"daysReceivable":67,"daysInventory":117,"daysPayable":57,"ebitOnInterest":0.9,"earningPerShare":103,"bookValuePerShare":15063,"interestMargin":null,"nonInterestOnToi":null,"badDebtPercentage":null,"provisionOnBadDebt":null,"costOfFinancing":null,"equityOnTotalAsset":0.549,"equityOnLoan":null,"costToIncome":null,"equityOnLiability":1.2,"currentPayment":1.3,"quickPayment":0.8,"epsChange":-0.922,"ebitdaOnStock":2238,"grossProfitMargin":0.063,"operatingProfitMargin":0.035,"postTaxMargin":0.015,"debtOnEquity":0.6,"debtOnAsset":0.3,"debtOnEbitda":5.2,"shortOnLongDebt":4.9,"assetOnEquity":1.8,"capitalBalance":17513,"cashOnEquity":0.082,"cashOnCapitalize":0.048,"cashCirculation":127,"revenueOnWorkCapital":5.4,"capexOnFixedAsset":-0.211,"revenueOnAsset":0.7,"postTaxOnPreTax":0.7,"ebitOnRevenue":0.035,"preTaxOnEbit":0.6,"preProvisionOnToi":null,"postTaxOnToi":null,"loanOnEarnAsset":null,"loanOnAsset":null,"loanOnDeposit":null,"depositOnEarnAsset":null,"badDebtOnAsset":null,"liquidityOnLiability":null,"payableOnEquity":0.8,"cancelDebt":null,"ebitdaOnStockChange":-0.421,"bookValuePerShareChange":0.004,"creditGrowth":null}]