[{"ticker":"HPG","quarter":2,"year":2024,"revenue":39556,"yearRevenueGrowth":0.341,"quarterRevenueGrowth":0.282,"costOfGoodSold":-34308,"grossProfit":5247,"operationExpense":-1136,"operationProfit":4112,"yearOperationProfitGrowth":0.77,"quarterOperationProfitGrowth":0.286,"interestExpense":-564,"preTaxProfit":3733,"postTaxProfit":3320,"shareHolderIncome":3319,"yearShareHolderIncomeGrowth":1.273,"quarterShareHolderIncomeGrowth":0.156,"investProfit":null,"serviceProfit":null,"otherProfit":null,"provisionExpense":null,"operationIncome":null,"ebitda":5841},{"ticker":"HPG","quarter":1,"year":2024,"revenue":30852,"yearRevenueGrowth":0.16,"quarterRevenueGrowth":-0.103,"costOfGoodSold":-26698,"grossProfit":4154,"operationExpense":-958,"operationProfit":3196,"yearOperationProfitGrowth":2.478,"quarterOperationProfitGrowth":-0.139,"interestExpense":-636,"preTaxProfit":3261,"postTaxProfit":2869,"shareHolderIncome":2871,"yearShareHolderIncomeGrowth":6.222,"quarterShareHolderIncomeGrowth":-0.034,"investProfit":null,"serviceProfit":null,"otherProfit":null,"provisionExpense":null,"operationIncome":null,"ebitda":4918},{"ticker":"HPG","quarter":4,"year":2023,"revenue":34384,"yearRevenueGrowth":0.331,"quarterRevenueGrowth":0.207,"costOfGoodSold":-29912,"grossProfit":4472,"operationExpense":-761,"operationProfit":3711,"yearOperationProfitGrowth":null,"quarterOperationProfitGrowth":0.366,"interestExpense":-711,"preTaxProfit":3385,"postTaxProfit":2969,"shareHolderIncome":2973,"yearShareHolderIncomeGrowth":null,"quarterShareHolderIncomeGrowth":0.483,"investProfit":null,"serviceProfit":null,"otherProfit":null,"provisionExpense":null,"operationIncome":null,"ebitda":5452},{"ticker":"HPG","quarter":3,"year":2023,"revenue":28484,"yearRevenueGrowth":-0.165,"quarterRevenueGrowth":-0.034,"costOfGoodSold":-24889,"grossProfit":3595,"operationExpense":-879,"operationProfit":2716,"yearOperationProfitGrowth":37.08,"quarterOperationProfitGrowth":0.169,"interestExpense":-856,"preTaxProfit":2174,"postTaxProfit":2000,"shareHolderIncome":2005,"yearShareHolderIncomeGrowth":null,"quarterShareHolderIncomeGrowth":0.373,"investProfit":null,"serviceProfit":null,"otherProfit":null,"provisionExpense":null,"operationIncome":null,"ebitda":4438},{"ticker":"HPG","quarter":2,"year":2023,"revenue":29496,"yearRevenueGrowth":-0.212,"quarterRevenueGrowth":0.109,"costOfGoodSold":-26301,"grossProfit":3195,"operationExpense":-871,"operationProfit":2324,"yearOperationProfitGrowth":-0.591,"quarterOperationProfitGrowth":1.528,"interestExpense":-1029,"preTaxProfit":1702,"postTaxProfit":1448,"shareHolderIncome":1460,"yearShareHolderIncomeGrowth":-0.638,"quarterShareHolderIncomeGrowth":2.673,"investProfit":null,"serviceProfit":null,"otherProfit":null,"provisionExpense":null,"operationIncome":null,"ebitda":3986},{"ticker":"HPG","quarter":1,"year":2023,"revenue":26589,"yearRevenueGrowth":-0.397,"quarterRevenueGrowth":0.03,"costOfGoodSold":-24912,"grossProfit":1676,"operationExpense":-757,"operationProfit":919,"yearOperationProfitGrowth":-0.901,"quarterOperationProfitGrowth":null,"interestExpense":-990,"preTaxProfit":532,"postTaxProfit":383,"shareHolderIncome":397,"yearShareHolderIncomeGrowth":-0.952,"quarterShareHolderIncomeGrowth":null,"investProfit":null,"serviceProfit":null,"otherProfit":null,"provisionExpense":null,"operationIncome":null,"ebitda":2567}]