{"priceToEarning":{"top200AvgValue":"17.2","industryName":"Tài nguyên Cơ bản","industryAvgValue":"20.4"},"valueBeforeEbitda":{"top200AvgValue":"14.1","industryName":"Tài nguyên Cơ bản","industryAvgValue":"11.7"},"priceToBook":{"top200AvgValue":"1.8","industryName":"Tài nguyên Cơ bản","industryAvgValue":"1.3"},"dividend":{"top200AvgValue":"0","industryName":"Tài nguyên Cơ bản","industryAvgValue":"0"},"roe":{"top200AvgValue":"0.105","industryName":"Tài nguyên Cơ bản","industryAvgValue":"0.034"},"roa":{"top200AvgValue":"0.038","industryName":"Tài nguyên Cơ bản","industryAvgValue":"0.015"},"grossProfitMargin":{"top200AvgValue":"0.28","industryName":"Tài nguyên Cơ bản","industryAvgValue":"0.089"},"operatingProfitMargin":{"top200AvgValue":"0.166","industryName":"Tài nguyên Cơ bản","industryAvgValue":"0.033"},"postTaxMargin":{"top200AvgValue":"0.143","industryName":"Tài nguyên Cơ bản","industryAvgValue":"0.025"},"debtOnEquity":{"top200AvgValue":"1.3","industryName":"Tài nguyên Cơ bản","industryAvgValue":"1.4"},"debtOnAsset":{"top200AvgValue":"0.6","industryName":"Tài nguyên Cơ bản","industryAvgValue":"0.6"},"debtOnEbitda":{"top200AvgValue":"2.2","industryName":"Tài nguyên Cơ bản","industryAvgValue":"3.5"},"shortOnLongDebt":{"top200AvgValue":"1.1","industryName":"Tài nguyên Cơ bản","industryAvgValue":"3.3"},"ebitOnInterest":{"top200AvgValue":"5.6","industryName":"Tài nguyên Cơ bản","industryAvgValue":"1.3"},"assetOnEquity":{"top200AvgValue":"2.4","industryName":"Tài nguyên Cơ bản","industryAvgValue":"2.5"},"cashOnEquity":{"top200AvgValue":"0.107","industryName":"Tài nguyên Cơ bản","industryAvgValue":"0.06"},"cashOnCapitalize":{"top200AvgValue":"0.059","industryName":"Tài nguyên Cơ bản","industryAvgValue":"0.073"},"currentPayment":{"top200AvgValue":"1.7","industryName":"Tài nguyên Cơ bản","industryAvgValue":"1.2"},"quickPayment":{"top200AvgValue":"1.3","industryName":"Tài nguyên Cơ bản","industryAvgValue":"0.7"},"daysReceivable":{"top200AvgValue":"145","industryName":"Tài nguyên Cơ bản","industryAvgValue":"39"},"daysInventory":{"top200AvgValue":"73","industryName":"Tài nguyên Cơ bản","industryAvgValue":"78"},"daysPayable":{"top200AvgValue":"34","industryName":"Tài nguyên Cơ bản","industryAvgValue":"33"},"cashCirculation":{"top200AvgValue":"0.2","industryName":"Tài nguyên Cơ bản","industryAvgValue":"0.1"},"revenueOnWorkCapital":{"top200AvgValue":"2.2","industryName":"Tài nguyên Cơ bản","industryAvgValue":"5.8"},"revenueOnAsset":{"top200AvgValue":"0.5","industryName":"Tài nguyên Cơ bản","industryAvgValue":"1.1"},"ebitOnRevenue":{"top200AvgValue":"0.166","industryName":"Tài nguyên Cơ bản","industryAvgValue":"0.033"},"netDebtOnEbitda":{"top200AvgValue":"2.2","industryName":"Tài nguyên Cơ bản","industryAvgValue":"3.5"},"netDebtOnEquity":{"top200AvgValue":"0.5","industryName":"Tài nguyên Cơ bản","industryAvgValue":"0.8"},"priceToSales":{"top200AvgValue":"2.3","industryName":"Tài nguyên Cơ bản","industryAvgValue":"0.3"}}