{"capitalize":172379,"tradeVolume":16254444,"priceToEarning":15.4,"priceToBook":1.6,"valueBeforeEbitda":11.3,"dividend":0,"roe":0.108,"profitGrowthAvarage":-0.044,"ageOfReceivable":37.2,"ageOfInventory":113.7,"payableOnEquity":0.9,"payableOnEbitda":3.2,"ebitOnInterest":7.3,"shortOnLongTermPayable":2.7,"revenue":133276,"operationProfit":13735,"netProfit":11167,"earningPerShare":1746,"asset":206609,"liability":97933,"equity":108677,"bookValuePerShare":16975,"profitMargin":null,"nonInterestOnToi":null,"loanOnDeposit":null,"creditGrowth":null,"badDebtPercentage":null,"provisionOnBadDebt":null,"customerCredit":null,"betaIndex":null,"ticker":"HPG"}