[{"ticker":"BSI","quarter":3,"year":2024,"shortAsset":9976,"cash":282,"shortInvest":9376,"shortReceivable":306,"inventory":0,"longAsset":546,"fixedAsset":27,"asset":10522,"debt":5546,"shortDebt":4349,"longDebt":0,"equity":4976,"capital":2231,"centralBankDeposit":null,"otherBankDeposit":null,"otherBankLoan":null,"stockInvest":null,"customerLoan":null,"badLoan":null,"provision":null,"netCustomerLoan":null,"otherAsset":null,"otherBankCredit":null,"oweOtherBank":null,"oweCentralBank":null,"valuablePaper":null,"payableInterest":null,"receivableInterest":null,"deposit":null,"otherDebt":1,"fund":null,"unDistributedIncome":0,"minorShareHolderProfit":0,"payable":5546},{"ticker":"BSI","quarter":2,"year":2024,"shortAsset":9572,"cash":908,"shortInvest":8552,"shortReceivable":100,"inventory":0,"longAsset":286,"fixedAsset":29,"asset":9858,"debt":4953,"shortDebt":3712,"longDebt":0,"equity":4906,"capital":2028,"centralBankDeposit":null,"otherBankDeposit":null,"otherBankLoan":null,"stockInvest":null,"customerLoan":null,"badLoan":null,"provision":null,"netCustomerLoan":null,"otherAsset":null,"otherBankCredit":null,"oweOtherBank":null,"oweCentralBank":null,"valuablePaper":null,"payableInterest":null,"receivableInterest":null,"deposit":null,"otherDebt":6,"fund":null,"unDistributedIncome":0,"minorShareHolderProfit":0,"payable":4953},{"ticker":"BSI","quarter":1,"year":2024,"shortAsset":10479,"cash":388,"shortInvest":9993,"shortReceivable":85,"inventory":0,"longAsset":85,"fixedAsset":31,"asset":10564,"debt":5743,"shortDebt":4156,"longDebt":0,"equity":4822,"capital":2028,"centralBankDeposit":null,"otherBankDeposit":null,"otherBankLoan":null,"stockInvest":null,"customerLoan":null,"badLoan":null,"provision":null,"netCustomerLoan":null,"otherAsset":null,"otherBankCredit":null,"oweOtherBank":null,"oweCentralBank":null,"valuablePaper":null,"payableInterest":null,"receivableInterest":null,"deposit":null,"otherDebt":2,"fund":null,"unDistributedIncome":0,"minorShareHolderProfit":0,"payable":5743},{"ticker":"BSI","quarter":4,"year":2023,"shortAsset":8240,"cash":817,"shortInvest":7283,"shortReceivable":120,"inventory":0,"longAsset":87,"fixedAsset":29,"asset":8326,"debt":3642,"shortDebt":2804,"longDebt":0,"equity":4685,"capital":2028,"centralBankDeposit":null,"otherBankDeposit":null,"otherBankLoan":null,"stockInvest":null,"customerLoan":null,"badLoan":null,"provision":null,"netCustomerLoan":null,"otherAsset":null,"otherBankCredit":null,"oweOtherBank":null,"oweCentralBank":null,"valuablePaper":null,"payableInterest":null,"receivableInterest":null,"deposit":null,"otherDebt":2,"fund":null,"unDistributedIncome":0,"minorShareHolderProfit":0,"payable":3642},{"ticker":"BSI","quarter":3,"year":2023,"shortAsset":8250,"cash":1434,"shortInvest":6692,"shortReceivable":108,"inventory":0,"longAsset":188,"fixedAsset":31,"asset":8438,"debt":3840,"shortDebt":3401,"longDebt":0,"equity":4597,"capital":2028,"centralBankDeposit":null,"otherBankDeposit":null,"otherBankLoan":null,"stockInvest":null,"customerLoan":null,"badLoan":null,"provision":null,"netCustomerLoan":null,"otherAsset":null,"otherBankCredit":null,"oweOtherBank":null,"oweCentralBank":null,"valuablePaper":null,"payableInterest":null,"receivableInterest":null,"deposit":null,"otherDebt":6,"fund":null,"unDistributedIncome":0,"minorShareHolderProfit":0,"payable":3840},{"ticker":"BSI","quarter":2,"year":2023,"shortAsset":7841,"cash":669,"shortInvest":7045,"shortReceivable":107,"inventory":0,"longAsset":239,"fixedAsset":33,"asset":8080,"debt":3512,"shortDebt":3147,"longDebt":0,"equity":4568,"capital":1878,"centralBankDeposit":null,"otherBankDeposit":null,"otherBankLoan":null,"stockInvest":null,"customerLoan":null,"badLoan":null,"provision":null,"netCustomerLoan":null,"otherAsset":null,"otherBankCredit":null,"oweOtherBank":null,"oweCentralBank":null,"valuablePaper":null,"payableInterest":null,"receivableInterest":null,"deposit":null,"otherDebt":2,"fund":null,"unDistributedIncome":0,"minorShareHolderProfit":0,"payable":3512}]