[{"ticker":"BSI","quarter":3,"year":2024,"investCost":-1,"fromInvest":1,"fromFinancial":337,"fromSale":-964,"freeCashFlow":100},{"ticker":"BSI","quarter":2,"year":2024,"investCost":0,"fromInvest":2,"fromFinancial":-444,"fromSale":961,"freeCashFlow":814},{"ticker":"BSI","quarter":1,"year":2024,"investCost":-4,"fromInvest":-2,"fromFinancial":1152,"fromSale":-1579,"freeCashFlow":-511},{"ticker":"BSI","quarter":4,"year":2023,"investCost":-1,"fromInvest":2,"fromFinancial":-372,"fromSale":-246,"freeCashFlow":415},{"ticker":"BSI","quarter":3,"year":2023,"investCost":0,"fromInvest":2,"fromFinancial":459,"fromSale":304,"freeCashFlow":583},{"ticker":"BSI","quarter":2,"year":2023,"investCost":-7,"fromInvest":-5,"fromFinancial":1233,"fromSale":-852,"freeCashFlow":34}]