[{"ticker":"BSI","quarter":3,"year":2024,"priceToEarning":29.6,"priceToBook":2.3,"valueBeforeEbitda":23.8,"dividend":null,"roe":0.081,"roa":0.041,"daysReceivable":1186,"daysInventory":null,"daysPayable":1,"ebitOnInterest":null,"earningPerShare":1731,"bookValuePerShare":22305,"interestMargin":null,"nonInterestOnToi":null,"badDebtPercentage":null,"provisionOnBadDebt":null,"costOfFinancing":null,"equityOnTotalAsset":0.473,"equityOnLoan":null,"costToIncome":null,"equityOnLiability":0.9,"currentPayment":1.8,"quickPayment":1.8,"epsChange":-0.12,"ebitdaOnStock":3052,"grossProfitMargin":0.595,"operatingProfitMargin":0.436,"postTaxMargin":0.219,"debtOnEquity":0.9,"debtOnAsset":0.4,"debtOnEbitda":6,"shortOnLongDebt":null,"assetOnEquity":2.1,"capitalBalance":4446,"cashOnEquity":0.057,"cashOnCapitalize":0.025,"cashCirculation":null,"revenueOnWorkCapital":0.3,"capexOnFixedAsset":-0.192,"revenueOnAsset":0.1,"postTaxOnPreTax":0.7,"ebitOnRevenue":0.436,"preTaxOnEbit":0.7,"preProvisionOnToi":null,"postTaxOnToi":null,"loanOnEarnAsset":null,"loanOnAsset":null,"loanOnDeposit":null,"depositOnEarnAsset":null,"badDebtOnAsset":null,"liquidityOnLiability":null,"payableOnEquity":1.1,"cancelDebt":null,"ebitdaOnStockChange":-0.161,"bookValuePerShareChange":0.014,"creditGrowth":null},{"ticker":"BSI","quarter":2,"year":2024,"priceToEarning":23.5,"priceToBook":2.1,"valueBeforeEbitda":20.1,"dividend":null,"roe":0.093,"roa":0.049,"daysReceivable":1143,"daysInventory":null,"daysPayable":0,"ebitOnInterest":null,"earningPerShare":1968,"bookValuePerShare":21991,"interestMargin":null,"nonInterestOnToi":null,"badDebtPercentage":null,"provisionOnBadDebt":null,"costOfFinancing":null,"equityOnTotalAsset":0.498,"equityOnLoan":null,"costToIncome":null,"equityOnLiability":1,"currentPayment":1.9,"quickPayment":1.9,"epsChange":-0.02,"ebitdaOnStock":3640,"grossProfitMargin":0.508,"operatingProfitMargin":0.404,"postTaxMargin":0.271,"debtOnEquity":0.8,"debtOnAsset":0.4,"debtOnEbitda":4.8,"shortOnLongDebt":null,"assetOnEquity":2,"capitalBalance":4626,"cashOnEquity":0.185,"cashOnCapitalize":0.079,"cashCirculation":null,"revenueOnWorkCapital":0.3,"capexOnFixedAsset":-0.162,"revenueOnAsset":0.2,"postTaxOnPreTax":0.8,"ebitOnRevenue":0.404,"preTaxOnEbit":0.8,"preProvisionOnToi":null,"postTaxOnToi":null,"loanOnEarnAsset":null,"loanOnAsset":null,"loanOnDeposit":null,"depositOnEarnAsset":null,"badDebtOnAsset":null,"liquidityOnLiability":null,"payableOnEquity":1,"cancelDebt":null,"ebitdaOnStockChange":-0.018,"bookValuePerShareChange":0.017,"creditGrowth":null},{"ticker":"BSI","quarter":1,"year":2024,"priceToEarning":28.6,"priceToBook":2.7,"valueBeforeEbitda":19.8,"dividend":null,"roe":0.096,"roa":0.053,"daysReceivable":1255,"daysInventory":null,"daysPayable":1,"ebitOnInterest":null,"earningPerShare":2007,"bookValuePerShare":21615,"interestMargin":null,"nonInterestOnToi":null,"badDebtPercentage":null,"provisionOnBadDebt":null,"costOfFinancing":null,"equityOnTotalAsset":0.456,"equityOnLoan":null,"costToIncome":null,"equityOnLiability":0.8,"currentPayment":1.8,"quickPayment":1.8,"epsChange":0.097,"ebitdaOnStock":3706,"grossProfitMargin":0.731,"operatingProfitMargin":0.595,"postTaxMargin":0.39,"debtOnEquity":0.9,"debtOnAsset":0.4,"debtOnEbitda":4.2,"shortOnLongDebt":null,"assetOnEquity":2.2,"capitalBalance":4758,"cashOnEquity":0.081,"cashOnCapitalize":0.037,"cashCirculation":null,"revenueOnWorkCapital":0.3,"capexOnFixedAsset":-0.403,"revenueOnAsset":0.2,"postTaxOnPreTax":0.8,"ebitOnRevenue":0.595,"preTaxOnEbit":0.8,"preProvisionOnToi":null,"postTaxOnToi":null,"loanOnEarnAsset":null,"loanOnAsset":null,"loanOnDeposit":null,"depositOnEarnAsset":null,"badDebtOnAsset":null,"liquidityOnLiability":null,"payableOnEquity":1.2,"cancelDebt":null,"ebitdaOnStockChange":0.112,"bookValuePerShareChange":0.029,"creditGrowth":null},{"ticker":"BSI","quarter":4,"year":2023,"priceToEarning":23.6,"priceToBook":2.1,"valueBeforeEbitda":18.5,"dividend":null,"roe":0.09,"roa":0.059,"daysReceivable":1283,"daysInventory":null,"daysPayable":2,"ebitOnInterest":null,"earningPerShare":1830,"bookValuePerShare":21001,"interestMargin":null,"nonInterestOnToi":null,"badDebtPercentage":null,"provisionOnBadDebt":null,"costOfFinancing":null,"equityOnTotalAsset":0.563,"equityOnLoan":null,"costToIncome":null,"equityOnLiability":1.3,"currentPayment":2.3,"quickPayment":2.3,"epsChange":0.134,"ebitdaOnStock":3332,"grossProfitMargin":0.63,"operatingProfitMargin":0.45,"postTaxMargin":0.239,"debtOnEquity":0.6,"debtOnAsset":0.3,"debtOnEbitda":2.9,"shortOnLongDebt":null,"assetOnEquity":1.8,"capitalBalance":4604,"cashOnEquity":0.174,"cashOnCapitalize":0.081,"cashCirculation":null,"revenueOnWorkCapital":0.3,"capexOnFixedAsset":-0.436,"revenueOnAsset":0.2,"postTaxOnPreTax":0.8,"ebitOnRevenue":0.45,"preTaxOnEbit":0.7,"preProvisionOnToi":null,"postTaxOnToi":null,"loanOnEarnAsset":null,"loanOnAsset":null,"loanOnDeposit":null,"depositOnEarnAsset":null,"badDebtOnAsset":null,"liquidityOnLiability":null,"payableOnEquity":0.8,"cancelDebt":null,"ebitdaOnStockChange":0.146,"bookValuePerShareChange":0.019,"creditGrowth":null},{"ticker":"BSI","quarter":3,"year":2023,"priceToEarning":23.1,"priceToBook":1.8,"valueBeforeEbitda":21.8,"dividend":null,"roe":0.081,"roa":0.046,"daysReceivable":1277,"daysInventory":null,"daysPayable":1,"ebitOnInterest":null,"earningPerShare":1614,"bookValuePerShare":20610,"interestMargin":null,"nonInterestOnToi":null,"badDebtPercentage":null,"provisionOnBadDebt":null,"costOfFinancing":null,"equityOnTotalAsset":0.545,"equityOnLoan":null,"costToIncome":null,"equityOnLiability":1.2,"currentPayment":2.2,"quickPayment":2.2,"epsChange":0.405,"ebitdaOnStock":2907,"grossProfitMargin":0.616,"operatingProfitMargin":0.518,"postTaxMargin":0.318,"debtOnEquity":0.7,"debtOnAsset":0.4,"debtOnEbitda":4.9,"shortOnLongDebt":null,"assetOnEquity":1.8,"capitalBalance":4418,"cashOnEquity":0.312,"cashOnCapitalize":0.138,"cashCirculation":null,"revenueOnWorkCapital":0.3,"capexOnFixedAsset":-0.433,"revenueOnAsset":0.2,"postTaxOnPreTax":0.8,"ebitOnRevenue":0.518,"preTaxOnEbit":0.8,"preProvisionOnToi":null,"postTaxOnToi":null,"loanOnEarnAsset":null,"loanOnAsset":null,"loanOnDeposit":null,"depositOnEarnAsset":null,"badDebtOnAsset":null,"liquidityOnLiability":null,"payableOnEquity":0.8,"cancelDebt":null,"ebitdaOnStockChange":0.024,"bookValuePerShareChange":0.006,"creditGrowth":null},{"ticker":"BSI","quarter":2,"year":2023,"priceToEarning":23.5,"priceToBook":1.3,"valueBeforeEbitda":23.1,"dividend":null,"roe":0.082,"roa":0.037,"daysReceivable":945,"daysInventory":null,"daysPayable":1,"ebitOnInterest":null,"earningPerShare":1149,"bookValuePerShare":20480,"interestMargin":null,"nonInterestOnToi":null,"badDebtPercentage":null,"provisionOnBadDebt":null,"costOfFinancing":null,"equityOnTotalAsset":0.565,"equityOnLoan":null,"costToIncome":null,"equityOnLiability":1.3,"currentPayment":2.2,"quickPayment":2.2,"epsChange":1.022,"ebitdaOnStock":2839,"grossProfitMargin":0.708,"operatingProfitMargin":0.583,"postTaxMargin":0.391,"debtOnEquity":0.7,"debtOnAsset":0.4,"debtOnEbitda":6.6,"shortOnLongDebt":null,"assetOnEquity":1.8,"capitalBalance":4343,"cashOnEquity":0.146,"cashOnCapitalize":0.087,"cashCirculation":null,"revenueOnWorkCapital":0.4,"capexOnFixedAsset":-0.491,"revenueOnAsset":0.2,"postTaxOnPreTax":0.8,"ebitOnRevenue":0.583,"preTaxOnEbit":0.8,"preProvisionOnToi":null,"postTaxOnToi":null,"loanOnEarnAsset":null,"loanOnAsset":null,"loanOnDeposit":null,"depositOnEarnAsset":null,"badDebtOnAsset":null,"liquidityOnLiability":null,"payableOnEquity":0.8,"cancelDebt":null,"ebitdaOnStockChange":0.431,"bookValuePerShareChange":0.023,"creditGrowth":null}]