[{"ticker":"BSI","quarter":3,"year":2024,"revenue":319,"yearRevenueGrowth":-0.173,"quarterRevenueGrowth":-0.248,"costOfGoodSold":-129,"grossProfit":190,"operationExpense":-51,"operationProfit":139,"yearOperationProfitGrowth":-0.305,"quarterOperationProfitGrowth":-0.189,"interestExpense":-46,"preTaxProfit":94,"postTaxProfit":70,"shareHolderIncome":70,"yearShareHolderIncomeGrowth":-0.429,"quarterShareHolderIncomeGrowth":-0.39,"investProfit":null,"serviceProfit":null,"otherProfit":null,"provisionExpense":null,"operationIncome":null,"ebitda":141},{"ticker":"BSI","quarter":2,"year":2024,"revenue":424,"yearRevenueGrowth":0.341,"quarterRevenueGrowth":0.206,"costOfGoodSold":-209,"grossProfit":216,"operationExpense":-44,"operationProfit":172,"yearOperationProfitGrowth":-0.07,"quarterOperationProfitGrowth":-0.18,"interestExpense":-38,"preTaxProfit":136,"postTaxProfit":115,"shareHolderIncome":115,"yearShareHolderIncomeGrowth":-0.071,"quarterShareHolderIncomeGrowth":-0.163,"investProfit":null,"serviceProfit":null,"otherProfit":null,"provisionExpense":null,"operationIncome":null,"ebitda":174},{"ticker":"BSI","quarter":1,"year":2024,"revenue":352,"yearRevenueGrowth":0.225,"quarterRevenueGrowth":0.306,"costOfGoodSold":-95,"grossProfit":257,"operationExpense":-48,"operationProfit":209,"yearOperationProfitGrowth":0.533,"quarterOperationProfitGrowth":0.727,"interestExpense":-39,"preTaxProfit":172,"postTaxProfit":137,"shareHolderIncome":137,"yearShareHolderIncomeGrowth":0.404,"quarterShareHolderIncomeGrowth":1.13,"investProfit":null,"serviceProfit":null,"otherProfit":null,"provisionExpense":null,"operationIncome":null,"ebitda":211},{"ticker":"BSI","quarter":4,"year":2023,"revenue":269,"yearRevenueGrowth":0.088,"quarterRevenueGrowth":-0.302,"costOfGoodSold":-100,"grossProfit":170,"operationExpense":-49,"operationProfit":121,"yearOperationProfitGrowth":2.129,"quarterOperationProfitGrowth":-0.394,"interestExpense":-43,"preTaxProfit":80,"postTaxProfit":64,"shareHolderIncome":64,"yearShareHolderIncomeGrowth":2.964,"quarterShareHolderIncomeGrowth":-0.475,"investProfit":null,"serviceProfit":null,"otherProfit":null,"provisionExpense":null,"operationIncome":null,"ebitda":123},{"ticker":"BSI","quarter":3,"year":2023,"revenue":386,"yearRevenueGrowth":0.52,"quarterRevenueGrowth":0.22,"costOfGoodSold":-148,"grossProfit":238,"operationExpense":-38,"operationProfit":200,"yearOperationProfitGrowth":1.762,"quarterOperationProfitGrowth":0.085,"interestExpense":-50,"preTaxProfit":153,"postTaxProfit":123,"shareHolderIncome":123,"yearShareHolderIncomeGrowth":5.527,"quarterShareHolderIncomeGrowth":-0.007,"investProfit":null,"serviceProfit":null,"otherProfit":null,"provisionExpense":null,"operationIncome":null,"ebitda":202},{"ticker":"BSI","quarter":2,"year":2023,"revenue":316,"yearRevenueGrowth":0.241,"quarterRevenueGrowth":0.102,"costOfGoodSold":-93,"grossProfit":224,"operationExpense":-39,"operationProfit":184,"yearOperationProfitGrowth":2.51,"quarterOperationProfitGrowth":0.351,"interestExpense":-34,"preTaxProfit":154,"postTaxProfit":124,"shareHolderIncome":124,"yearShareHolderIncomeGrowth":null,"quarterShareHolderIncomeGrowth":0.265,"investProfit":null,"serviceProfit":null,"otherProfit":null,"provisionExpense":null,"operationIncome":null,"ebitda":187}]