{"capitalize":11421,"tradeVolume":647959,"priceToEarning":29.6,"priceToBook":2.3,"valueBeforeEbitda":23.8,"dividend":0,"roe":0.081,"profitGrowthAvarage":0.159,"ageOfReceivable":1185.7,"ageOfInventory":null,"payableOnEquity":1.1,"payableOnEbitda":6,"ebitOnInterest":null,"shortOnLongTermPayable":null,"revenue":1364,"operationProfit":641,"netProfit":386,"earningPerShare":1732,"asset":10522,"liability":5546,"equity":4976,"bookValuePerShare":22306,"profitMargin":null,"nonInterestOnToi":null,"loanOnDeposit":null,"creditGrowth":null,"badDebtPercentage":null,"provisionOnBadDebt":null,"customerCredit":null,"betaIndex":null,"ticker":"BSI"}