[{"ticker":"ANV","quarter":2,"year":2024,"shortAsset":2747,"cash":32,"shortInvest":67,"shortReceivable":419,"inventory":2132,"longAsset":2165,"fixedAsset":1019,"asset":4912,"debt":2066,"shortDebt":1587,"longDebt":120,"equity":2846,"capital":1335,"centralBankDeposit":null,"otherBankDeposit":null,"otherBankLoan":null,"stockInvest":null,"customerLoan":null,"badLoan":null,"provision":null,"netCustomerLoan":null,"otherAsset":null,"otherBankCredit":null,"oweOtherBank":null,"oweCentralBank":null,"valuablePaper":null,"payableInterest":null,"receivableInterest":null,"deposit":null,"otherDebt":43,"fund":null,"unDistributedIncome":0,"minorShareHolderProfit":0,"payable":2066},{"ticker":"ANV","quarter":1,"year":2024,"shortAsset":2921,"cash":41,"shortInvest":63,"shortReceivable":404,"inventory":2309,"longAsset":2141,"fixedAsset":1016,"asset":5062,"debt":2198,"shortDebt":1754,"longDebt":173,"equity":2865,"capital":1335,"centralBankDeposit":null,"otherBankDeposit":null,"otherBankLoan":null,"stockInvest":null,"customerLoan":null,"badLoan":null,"provision":null,"netCustomerLoan":null,"otherAsset":null,"otherBankCredit":null,"oweOtherBank":null,"oweCentralBank":null,"valuablePaper":null,"payableInterest":null,"receivableInterest":null,"deposit":null,"otherDebt":24,"fund":null,"unDistributedIncome":0,"minorShareHolderProfit":0,"payable":2198},{"ticker":"ANV","quarter":4,"year":2023,"shortAsset":2943,"cash":40,"shortInvest":72,"shortReceivable":364,"inventory":2344,"longAsset":2168,"fixedAsset":1032,"asset":5111,"debt":2260,"shortDebt":1784,"longDebt":145,"equity":2851,"capital":1335,"centralBankDeposit":null,"otherBankDeposit":null,"otherBankLoan":null,"stockInvest":null,"customerLoan":null,"badLoan":null,"provision":null,"netCustomerLoan":null,"otherAsset":null,"otherBankCredit":null,"oweOtherBank":null,"oweCentralBank":null,"valuablePaper":null,"payableInterest":null,"receivableInterest":null,"deposit":null,"otherDebt":63,"fund":null,"unDistributedIncome":0,"minorShareHolderProfit":0,"payable":2260},{"ticker":"ANV","quarter":3,"year":2023,"shortAsset":3197,"cash":30,"shortInvest":186,"shortReceivable":412,"inventory":2448,"longAsset":2163,"fixedAsset":1045,"asset":5360,"debt":2376,"shortDebt":1780,"longDebt":185,"equity":2984,"capital":1335,"centralBankDeposit":null,"otherBankDeposit":null,"otherBankLoan":null,"stockInvest":null,"customerLoan":null,"badLoan":null,"provision":null,"netCustomerLoan":null,"otherAsset":null,"otherBankCredit":null,"oweOtherBank":null,"oweCentralBank":null,"valuablePaper":null,"payableInterest":null,"receivableInterest":null,"deposit":null,"otherDebt":54,"fund":null,"unDistributedIncome":0,"minorShareHolderProfit":0,"payable":2376},{"ticker":"ANV","quarter":2,"year":2023,"shortAsset":3301,"cash":38,"shortInvest":195,"shortReceivable":334,"inventory":2623,"longAsset":2180,"fixedAsset":1068,"asset":5481,"debt":2498,"shortDebt":1931,"longDebt":185,"equity":2983,"capital":1335,"centralBankDeposit":null,"otherBankDeposit":null,"otherBankLoan":null,"stockInvest":null,"customerLoan":null,"badLoan":null,"provision":null,"netCustomerLoan":null,"otherAsset":null,"otherBankCredit":null,"oweOtherBank":null,"oweCentralBank":null,"valuablePaper":null,"payableInterest":null,"receivableInterest":null,"deposit":null,"otherDebt":24,"fund":null,"unDistributedIncome":0,"minorShareHolderProfit":0,"payable":2498},{"ticker":"ANV","quarter":1,"year":2023,"shortAsset":3508,"cash":31,"shortInvest":285,"shortReceivable":427,"inventory":2666,"longAsset":2205,"fixedAsset":1080,"asset":5713,"debt":2679,"shortDebt":1793,"longDebt":263,"equity":3034,"capital":1335,"centralBankDeposit":null,"otherBankDeposit":null,"otherBankLoan":null,"stockInvest":null,"customerLoan":null,"badLoan":null,"provision":null,"netCustomerLoan":null,"otherAsset":null,"otherBankCredit":null,"oweOtherBank":null,"oweCentralBank":null,"valuablePaper":null,"payableInterest":null,"receivableInterest":null,"deposit":null,"otherDebt":101,"fund":null,"unDistributedIncome":0,"minorShareHolderProfit":0,"payable":2679}]