[{"ticker":"ANV","quarter":2,"year":2024,"investCost":-39,"fromInvest":-34,"fromFinancial":-133,"fromSale":156,"freeCashFlow":-24},{"ticker":"ANV","quarter":1,"year":2024,"investCost":-26,"fromInvest":2,"fromFinancial":-186,"fromSale":186,"freeCashFlow":-60},{"ticker":"ANV","quarter":4,"year":2023,"investCost":-17,"fromInvest":102,"fromFinancial":-168,"fromSale":76,"freeCashFlow":234},{"ticker":"ANV","quarter":3,"year":2023,"investCost":-16,"fromInvest":-112,"fromFinancial":-110,"fromSale":215,"freeCashFlow":133},{"ticker":"ANV","quarter":2,"year":2023,"investCost":-6,"fromInvest":203,"fromFinancial":-63,"fromSale":-134,"freeCashFlow":262},{"ticker":"ANV","quarter":1,"year":2023,"investCost":-11,"fromInvest":109,"fromFinancial":35,"fromSale":-143,"freeCashFlow":548}]