[{"ticker":"ANV","quarter":2,"year":2024,"priceToEarning":292.9,"priceToBook":1.6,"valueBeforeEbitda":34.9,"dividend":null,"roe":0.005,"roa":0.003,"daysReceivable":75,"daysInventory":218,"daysPayable":20,"ebitOnInterest":2,"earningPerShare":113,"bookValuePerShare":21379,"interestMargin":null,"nonInterestOnToi":null,"badDebtPercentage":null,"provisionOnBadDebt":null,"costOfFinancing":null,"equityOnTotalAsset":0.579,"equityOnLoan":null,"costToIncome":null,"equityOnLiability":1.4,"currentPayment":1.4,"quickPayment":0.3,"epsChange":-1.45,"ebitdaOnStock":1312,"grossProfitMargin":0.124,"operatingProfitMargin":0.044,"postTaxMargin":null,"debtOnEquity":0.6,"debtOnAsset":0.3,"debtOnEbitda":10.9,"shortOnLongDebt":13.3,"assetOnEquity":1.7,"capitalBalance":815,"cashOnEquity":0.011,"cashOnCapitalize":0.007,"cashCirculation":274,"revenueOnWorkCapital":4.9,"capexOnFixedAsset":-0.094,"revenueOnAsset":0.9,"postTaxOnPreTax":null,"ebitOnRevenue":0.044,"preTaxOnEbit":-0.1,"preProvisionOnToi":null,"postTaxOnToi":null,"loanOnEarnAsset":null,"loanOnAsset":null,"loanOnDeposit":null,"depositOnEarnAsset":null,"badDebtOnAsset":null,"liquidityOnLiability":null,"payableOnEquity":0.7,"cancelDebt":null,"ebitdaOnStockChange":0.671,"bookValuePerShareChange":-0.006,"creditGrowth":null},{"ticker":"ANV","quarter":1,"year":2024,"priceToEarning":-135.6,"priceToBook":1.6,"valueBeforeEbitda":60.2,"dividend":null,"roe":-0.011,"roa":-0.006,"daysReceivable":86,"daysInventory":230,"daysPayable":26,"ebitOnInterest":2.2,"earningPerShare":-252,"bookValuePerShare":21518,"interestMargin":null,"nonInterestOnToi":null,"badDebtPercentage":null,"provisionOnBadDebt":null,"costOfFinancing":null,"equityOnTotalAsset":0.566,"equityOnLoan":null,"costToIncome":null,"equityOnLiability":1.3,"currentPayment":1.5,"quickPayment":0.3,"epsChange":-1.803,"ebitdaOnStock":785,"grossProfitMargin":0.1,"operatingProfitMargin":0.048,"postTaxMargin":0.017,"debtOnEquity":0.7,"debtOnAsset":0.4,"debtOnEbitda":19,"shortOnLongDebt":10.1,"assetOnEquity":1.8,"capitalBalance":914,"cashOnEquity":0.014,"cashOnCapitalize":0.009,"cashCirculation":290,"revenueOnWorkCapital":4.3,"capexOnFixedAsset":-0.062,"revenueOnAsset":0.8,"postTaxOnPreTax":0.6,"ebitOnRevenue":0.048,"preTaxOnEbit":0.6,"preProvisionOnToi":null,"postTaxOnToi":null,"loanOnEarnAsset":null,"loanOnAsset":null,"loanOnDeposit":null,"depositOnEarnAsset":null,"badDebtOnAsset":null,"liquidityOnLiability":null,"payableOnEquity":0.8,"cancelDebt":null,"ebitdaOnStockChange":-0.45,"bookValuePerShareChange":0.005,"creditGrowth":null},{"ticker":"ANV","quarter":4,"year":2023,"priceToEarning":97.5,"priceToBook":1.4,"valueBeforeEbitda":31.1,"dividend":null,"roe":0.015,"roa":0.008,"daysReceivable":67,"daysInventory":214,"daysPayable":21,"ebitOnInterest":1.3,"earningPerShare":314,"bookValuePerShare":21411,"interestMargin":null,"nonInterestOnToi":null,"badDebtPercentage":null,"provisionOnBadDebt":null,"costOfFinancing":null,"equityOnTotalAsset":0.558,"equityOnLoan":null,"costToIncome":null,"equityOnLiability":1.3,"currentPayment":1.4,"quickPayment":0.3,"epsChange":-0.719,"ebitdaOnStock":1428,"grossProfitMargin":0.103,"operatingProfitMargin":0.038,"postTaxMargin":null,"debtOnEquity":0.7,"debtOnAsset":0.4,"debtOnEbitda":10.3,"shortOnLongDebt":12.3,"assetOnEquity":1.8,"capitalBalance":844,"cashOnEquity":0.014,"cashOnCapitalize":0.01,"cashCirculation":261,"revenueOnWorkCapital":5.4,"capexOnFixedAsset":-0.047,"revenueOnAsset":0.8,"postTaxOnPreTax":null,"ebitOnRevenue":0.038,"preTaxOnEbit":0.1,"preProvisionOnToi":null,"postTaxOnToi":null,"loanOnEarnAsset":null,"loanOnAsset":null,"loanOnDeposit":null,"depositOnEarnAsset":null,"badDebtOnAsset":null,"liquidityOnLiability":null,"payableOnEquity":0.8,"cancelDebt":null,"ebitdaOnStockChange":-0.358,"bookValuePerShareChange":-0.045,"creditGrowth":null},{"ticker":"ANV","quarter":3,"year":2023,"priceToEarning":30.6,"priceToBook":1.5,"valueBeforeEbitda":20.3,"dividend":null,"roe":0.051,"roa":0.027,"daysReceivable":76,"daysInventory":222,"daysPayable":26,"ebitOnInterest":1.1,"earningPerShare":1118,"bookValuePerShare":22415,"interestMargin":null,"nonInterestOnToi":null,"badDebtPercentage":null,"provisionOnBadDebt":null,"costOfFinancing":null,"equityOnTotalAsset":0.557,"equityOnLoan":null,"costToIncome":null,"equityOnLiability":1.3,"currentPayment":1.5,"quickPayment":0.3,"epsChange":-0.444,"ebitdaOnStock":2224,"grossProfitMargin":0.077,"operatingProfitMargin":0.028,"postTaxMargin":0.001,"debtOnEquity":0.7,"debtOnAsset":0.4,"debtOnEbitda":7.1,"shortOnLongDebt":9.6,"assetOnEquity":1.8,"capitalBalance":1023,"cashOnEquity":0.01,"cashOnCapitalize":0.008,"cashCirculation":272,"revenueOnWorkCapital":4.8,"capexOnFixedAsset":-0.041,"revenueOnAsset":0.8,"postTaxOnPreTax":0.1,"ebitOnRevenue":0.028,"preTaxOnEbit":0.2,"preProvisionOnToi":null,"postTaxOnToi":null,"loanOnEarnAsset":null,"loanOnAsset":null,"loanOnDeposit":null,"depositOnEarnAsset":null,"badDebtOnAsset":null,"liquidityOnLiability":null,"payableOnEquity":0.8,"cancelDebt":null,"ebitdaOnStockChange":-0.321,"bookValuePerShareChange":0,"creditGrowth":null},{"ticker":"ANV","quarter":2,"year":2023,"priceToEarning":17,"priceToBook":1.5,"valueBeforeEbitda":15.3,"dividend":null,"roe":0.093,"roa":0.049,"daysReceivable":71,"daysInventory":218,"daysPayable":24,"ebitOnInterest":-0.4,"earningPerShare":2011,"bookValuePerShare":22407,"interestMargin":null,"nonInterestOnToi":null,"badDebtPercentage":null,"provisionOnBadDebt":null,"costOfFinancing":null,"equityOnTotalAsset":0.544,"equityOnLoan":null,"costToIncome":null,"equityOnLiability":1.2,"currentPayment":1.4,"quickPayment":0.3,"epsChange":-0.521,"ebitdaOnStock":3275,"grossProfitMargin":0.045,"operatingProfitMargin":null,"postTaxMargin":null,"debtOnEquity":0.7,"debtOnAsset":0.4,"debtOnEbitda":5,"shortOnLongDebt":10.4,"assetOnEquity":1.8,"capitalBalance":1005,"cashOnEquity":0.013,"cashOnCapitalize":0.008,"cashCirculation":265,"revenueOnWorkCapital":5.1,"capexOnFixedAsset":-0.059,"revenueOnAsset":0.8,"postTaxOnPreTax":null,"ebitOnRevenue":null,"preTaxOnEbit":2.9,"preProvisionOnToi":null,"postTaxOnToi":null,"loanOnEarnAsset":null,"loanOnAsset":null,"loanOnDeposit":null,"depositOnEarnAsset":null,"badDebtOnAsset":null,"liquidityOnLiability":null,"payableOnEquity":0.8,"cancelDebt":null,"ebitdaOnStockChange":-0.426,"bookValuePerShareChange":-0.017,"creditGrowth":null},{"ticker":"ANV","quarter":1,"year":2023,"priceToEarning":6.9,"priceToBook":1.3,"valueBeforeEbitda":9.5,"dividend":null,"roe":0.201,"roa":0.103,"daysReceivable":70,"daysInventory":218,"daysPayable":21,"ebitOnInterest":4,"earningPerShare":4202,"bookValuePerShare":22791,"interestMargin":null,"nonInterestOnToi":null,"badDebtPercentage":null,"provisionOnBadDebt":null,"costOfFinancing":null,"equityOnTotalAsset":0.531,"equityOnLoan":null,"costToIncome":null,"equityOnLiability":1.1,"currentPayment":1.5,"quickPayment":0.4,"epsChange":-0.17,"ebitdaOnStock":5709,"grossProfitMargin":0.176,"operatingProfitMargin":0.113,"postTaxMargin":0.08,"debtOnEquity":0.7,"debtOnAsset":0.4,"debtOnEbitda":2.8,"shortOnLongDebt":6.8,"assetOnEquity":1.9,"capitalBalance":1108,"cashOnEquity":0.01,"cashOnCapitalize":0.006,"cashCirculation":266,"revenueOnWorkCapital":5.2,"capexOnFixedAsset":-0.145,"revenueOnAsset":0.9,"postTaxOnPreTax":0.9,"ebitOnRevenue":0.113,"preTaxOnEbit":0.8,"preProvisionOnToi":null,"postTaxOnToi":null,"loanOnEarnAsset":null,"loanOnAsset":null,"loanOnDeposit":null,"depositOnEarnAsset":null,"badDebtOnAsset":null,"liquidityOnLiability":null,"payableOnEquity":0.9,"cancelDebt":null,"ebitdaOnStockChange":-0.156,"bookValuePerShareChange":0.053,"creditGrowth":null}]