[{"ticker":"ANV","quarter":2,"year":2024,"revenue":1193,"yearRevenueGrowth":0.111,"quarterRevenueGrowth":0.175,"costOfGoodSold":-1046,"grossProfit":148,"operationExpense":-95,"operationProfit":53,"yearOperationProfitGrowth":null,"quarterOperationProfitGrowth":0.086,"interestExpense":-27,"preTaxProfit":-3,"postTaxProfit":-2,"shareHolderIncome":-2,"yearShareHolderIncomeGrowth":null,"quarterShareHolderIncomeGrowth":null,"investProfit":null,"serviceProfit":null,"otherProfit":null,"provisionExpense":null,"operationIncome":null,"ebitda":53},{"ticker":"ANV","quarter":1,"year":2024,"revenue":1016,"yearRevenueGrowth":-0.12,"quarterRevenueGrowth":-0.085,"costOfGoodSold":-915,"grossProfit":101,"operationExpense":-53,"operationProfit":49,"yearOperationProfitGrowth":-0.627,"quarterOperationProfitGrowth":0.136,"interestExpense":-22,"preTaxProfit":30,"postTaxProfit":17,"shareHolderIncome":17,"yearShareHolderIncomeGrowth":-0.817,"quarterShareHolderIncomeGrowth":null,"investProfit":null,"serviceProfit":null,"otherProfit":null,"provisionExpense":null,"operationIncome":null,"ebitda":49},{"ticker":"ANV","quarter":4,"year":2023,"revenue":1111,"yearRevenueGrowth":-0.029,"quarterRevenueGrowth":0.011,"costOfGoodSold":-997,"grossProfit":114,"operationExpense":-72,"operationProfit":43,"yearOperationProfitGrowth":-0.708,"quarterOperationProfitGrowth":0.373,"interestExpense":-32,"preTaxProfit":4,"postTaxProfit":-1,"shareHolderIncome":-1,"yearShareHolderIncomeGrowth":null,"quarterShareHolderIncomeGrowth":null,"investProfit":null,"serviceProfit":null,"otherProfit":null,"provisionExpense":null,"operationIncome":null,"ebitda":43},{"ticker":"ANV","quarter":3,"year":2023,"revenue":1099,"yearRevenueGrowth":-0.113,"quarterRevenueGrowth":0.023,"costOfGoodSold":-1014,"grossProfit":85,"operationExpense":-54,"operationProfit":31,"yearOperationProfitGrowth":-0.815,"quarterOperationProfitGrowth":null,"interestExpense":-29,"preTaxProfit":7,"postTaxProfit":1,"shareHolderIncome":1,"yearShareHolderIncomeGrowth":-0.991,"quarterShareHolderIncomeGrowth":null,"investProfit":null,"serviceProfit":null,"otherProfit":null,"provisionExpense":null,"operationIncome":null,"ebitda":31},{"ticker":"ANV","quarter":2,"year":2023,"revenue":1074,"yearRevenueGrowth":-0.17,"quarterRevenueGrowth":-0.07,"costOfGoodSold":-1026,"grossProfit":48,"operationExpense":-66,"operationProfit":-18,"yearOperationProfitGrowth":null,"quarterOperationProfitGrowth":null,"interestExpense":-43,"preTaxProfit":-52,"postTaxProfit":-51,"shareHolderIncome":-51,"yearShareHolderIncomeGrowth":null,"quarterShareHolderIncomeGrowth":null,"investProfit":null,"serviceProfit":null,"otherProfit":null,"provisionExpense":null,"operationIncome":null,"ebitda":-18},{"ticker":"ANV","quarter":1,"year":2023,"revenue":1155,"yearRevenueGrowth":-0.052,"quarterRevenueGrowth":0.01,"costOfGoodSold":-952,"grossProfit":203,"operationExpense":-73,"operationProfit":130,"yearOperationProfitGrowth":-0.475,"quarterOperationProfitGrowth":-0.112,"interestExpense":-33,"preTaxProfit":108,"postTaxProfit":92,"shareHolderIncome":92,"yearShareHolderIncomeGrowth":-0.553,"quarterShareHolderIncomeGrowth":-0.133,"investProfit":null,"serviceProfit":null,"otherProfit":null,"provisionExpense":null,"operationIncome":null,"ebitda":130}]