{"priceToEarning":{"top200AvgValue":"17.2","industryName":"Thực phẩm và đồ uống","industryAvgValue":"22.4"},"valueBeforeEbitda":{"top200AvgValue":"14.1","industryName":"Thực phẩm và đồ uống","industryAvgValue":"15.1"},"priceToBook":{"top200AvgValue":"1.8","industryName":"Thực phẩm và đồ uống","industryAvgValue":"2.4"},"dividend":{"top200AvgValue":"0","industryName":"Thực phẩm và đồ uống","industryAvgValue":"0"},"roe":{"top200AvgValue":"0.105","industryName":"Thực phẩm và đồ uống","industryAvgValue":"0.064"},"roa":{"top200AvgValue":"0.038","industryName":"Thực phẩm và đồ uống","industryAvgValue":"0.022"},"grossProfitMargin":{"top200AvgValue":"0.28","industryName":"Thực phẩm và đồ uống","industryAvgValue":"0.165"},"operatingProfitMargin":{"top200AvgValue":"0.166","industryName":"Thực phẩm và đồ uống","industryAvgValue":"0.066"},"postTaxMargin":{"top200AvgValue":"0.143","industryName":"Thực phẩm và đồ uống","industryAvgValue":"0.042"},"debtOnEquity":{"top200AvgValue":"1.3","industryName":"Thực phẩm và đồ uống","industryAvgValue":"1.1"},"debtOnAsset":{"top200AvgValue":"0.6","industryName":"Thực phẩm và đồ uống","industryAvgValue":"0.5"},"debtOnEbitda":{"top200AvgValue":"2.2","industryName":"Thực phẩm và đồ uống","industryAvgValue":"1.1"},"shortOnLongDebt":{"top200AvgValue":"1.1","industryName":"Thực phẩm và đồ uống","industryAvgValue":"7"},"ebitOnInterest":{"top200AvgValue":"5.6","industryName":"Thực phẩm và đồ uống","industryAvgValue":"1.7"},"assetOnEquity":{"top200AvgValue":"2.4","industryName":"Thực phẩm và đồ uống","industryAvgValue":"2.1"},"cashOnEquity":{"top200AvgValue":"0.107","industryName":"Thực phẩm và đồ uống","industryAvgValue":"0.055"},"cashOnCapitalize":{"top200AvgValue":"0.059","industryName":"Thực phẩm và đồ uống","industryAvgValue":"0.059"},"currentPayment":{"top200AvgValue":"1.7","industryName":"Thực phẩm và đồ uống","industryAvgValue":"1.4"},"quickPayment":{"top200AvgValue":"1.3","industryName":"Thực phẩm và đồ uống","industryAvgValue":"1"},"daysReceivable":{"top200AvgValue":"145","industryName":"Thực phẩm và đồ uống","industryAvgValue":"66"},"daysInventory":{"top200AvgValue":"73","industryName":"Thực phẩm và đồ uống","industryAvgValue":"72"},"daysPayable":{"top200AvgValue":"34","industryName":"Thực phẩm và đồ uống","industryAvgValue":"24"},"cashCirculation":{"top200AvgValue":"0.2","industryName":"Thực phẩm và đồ uống","industryAvgValue":"0.1"},"revenueOnWorkCapital":{"top200AvgValue":"2.2","industryName":"Thực phẩm và đồ uống","industryAvgValue":"4.6"},"revenueOnAsset":{"top200AvgValue":"0.5","industryName":"Thực phẩm và đồ uống","industryAvgValue":"0.9"},"ebitOnRevenue":{"top200AvgValue":"0.166","industryName":"Thực phẩm và đồ uống","industryAvgValue":"0.066"},"netDebtOnEbitda":{"top200AvgValue":"2.2","industryName":"Thực phẩm và đồ uống","industryAvgValue":"1.1"},"netDebtOnEquity":{"top200AvgValue":"0.5","industryName":"Thực phẩm và đồ uống","industryAvgValue":"0.3"},"priceToSales":{"top200AvgValue":"2.3","industryName":"Thực phẩm và đồ uống","industryAvgValue":"0.6"}}