{"exchange":"HOSE","shortName":"Thủy sản Nam Việt","industryID":217,"industryIDv2":"3573","industryIdLevel2":"3500","industryIdLevel4":"3573","industry":"Thực phẩm và đồ uống","industryEn":"Food & Beverage","establishedYear":"2006","noEmployees":6156,"noShareholders":0,"foreignPercent":0.008,"website":"https://navicorp.com.vn","stockRating":2.2,"deltaInWeek":0.008,"deltaInMonth":0.052,"deltaInYear":-0.189,"outstandingShare":133.1,"issueShare":133.5,"companyType":"CT","ticker":"ANV"}