{"capitalize":4433,"tradeVolume":831069,"priceToEarning":292.9,"priceToBook":1.6,"valueBeforeEbitda":34.9,"dividend":0.016,"roe":0.005,"profitGrowthAvarage":-0.421,"ageOfReceivable":75.2,"ageOfInventory":218.5,"payableOnEquity":0.7,"payableOnEbitda":10.9,"ebitOnInterest":2,"shortOnLongTermPayable":13.3,"revenue":4419,"operationProfit":175,"netProfit":15,"earningPerShare":114,"asset":4912,"liability":2066,"equity":2846,"bookValuePerShare":21379,"profitMargin":null,"nonInterestOnToi":null,"loanOnDeposit":null,"creditGrowth":null,"badDebtPercentage":null,"provisionOnBadDebt":null,"customerCredit":null,"betaIndex":null,"ticker":"ANV"}